
[7m[1m[36m RUN [39m[22m[27m [36mv2.0.0[39m [90mC:/Users/moisreis/Projects/meta-investimentos[39m
[2m      Coverage enabled with [22m[33mv8[39m

[90mstdout[2m | __tests__/__unit__/domain/statement/events/statement-generated.event.test.ts[22m[39m
[TEST SETUP] Loading .env.test from: C:\Users\moisreis\Projects\meta-investimentos\.env.test
Γùç injected env (1) from .env.test // tip: Γùê encrypted .env [www.dotenvx.com]
[TEST SETUP] Dotenv result: {
  parsed: {
    DATABASE_URL: [32m'postgresql://neondb_owner:npg_RrVLk0A3iwGU@ep-muddy-band-acxjnbbp-pooler.sa-east-1.aws.neon.tech/neondb?sslmode=require&channel_binding=require'[39m
  }
}
[TEST SETUP] DATABASE_URL from .env.test: postgresql://neondb_owner:npg_RrVLk0A3iwGU@ep-muddy-band-acxjnbbp-pooler.sa-east-1.aws.neon.tech/neondb?sslmode=require&channel_binding=require
[TEST SETUP] Set TEST_DATABASE_URL from DATABASE_URL
[TEST SETUP] Deleted DATABASE_URL, TEST_DATABASE_URL: SET

[90mstdout[2m | __tests__/__unit__/domain/portfolio/entities/portfolio.entity.test.ts[22m[39m
[TEST SETUP] Loading .env.test from: C:\Users\moisreis\Projects\meta-investimentos\.env.test
Γùç injected env (1) from .env.test // tip: Γîü auth for agents [www.vestauth.com]
[TEST SETUP] Dotenv result: {
  parsed: {
    DATABASE_URL: [32m'postgresql://neondb_owner:npg_RrVLk0A3iwGU@ep-muddy-band-acxjnbbp-pooler.sa-east-1.aws.neon.tech/neondb?sslmode=require&channel_binding=require'[39m
  }
}
[TEST SETUP] DATABASE_URL from .env.test: postgresql://neondb_owner:npg_RrVLk0A3iwGU@ep-muddy-band-acxjnbbp-pooler.sa-east-1.aws.neon.tech/neondb?sslmode=require&channel_binding=require
[TEST SETUP] Set TEST_DATABASE_URL from DATABASE_URL
[TEST SETUP] Deleted DATABASE_URL, TEST_DATABASE_URL: SET

[90mstdout[2m | __tests__/__unit__/domain/portfolio/events/portfolio-registered.event.test.ts[22m[39m
[TEST SETUP] Loading .env.test from: C:\Users\moisreis\Projects\meta-investimentos\.env.test
Γùç injected env (1) from .env.test // tip: Γîÿ custom filepath { path: '/custom/path/.env' }
[TEST SETUP] Dotenv result: {
  parsed: {
    DATABASE_URL: [32m'postgresql://neondb_owner:npg_RrVLk0A3iwGU@ep-muddy-band-acxjnbbp-pooler.sa-east-1.aws.neon.tech/neondb?sslmode=require&channel_binding=require'[39m
  }
}
[TEST SETUP] DATABASE_URL from .env.test: postgresql://neondb_owner:npg_RrVLk0A3iwGU@ep-muddy-band-acxjnbbp-pooler.sa-east-1.aws.neon.tech/neondb?sslmode=require&channel_binding=require
[TEST SETUP] Set TEST_DATABASE_URL from DATABASE_URL
[TEST SETUP] Deleted DATABASE_URL, TEST_DATABASE_URL: SET

[90mstdout[2m | __tests__/__unit__/services/portfolio-performance/use-cases/calculate-portfolio-performance.use-case.test.ts[22m[39m
[TEST SETUP] Loading .env.test from: C:\Users\moisreis\Projects\meta-investimentos\.env.test
Γùç injected env (1) from .env.test // tip: Γîÿ override existing { override: true }
[TEST SETUP] Dotenv result: {
  parsed: {
    DATABASE_URL: [32m'postgresql://neondb_owner:npg_RrVLk0A3iwGU@ep-muddy-band-acxjnbbp-pooler.sa-east-1.aws.neon.tech/neondb?sslmode=require&channel_binding=require'[39m
  }
}
[TEST SETUP] DATABASE_URL from .env.test: postgresql://neondb_owner:npg_RrVLk0A3iwGU@ep-muddy-band-acxjnbbp-pooler.sa-east-1.aws.neon.tech/neondb?sslmode=require&channel_binding=require
[TEST SETUP] Set TEST_DATABASE_URL from DATABASE_URL
[TEST SETUP] Deleted DATABASE_URL, TEST_DATABASE_URL: SET

[90mstdout[2m | __tests__/__unit__/services/position-performance/use-cases/calculate-position-performance.use-case.test.ts[22m[39m
[TEST SETUP] Loading .env.test from: C:\Users\moisreis\Projects\meta-investimentos\.env.test
Γùç injected env (1) from .env.test // tip: Γùê encrypted .env [www.dotenvx.com]
[TEST SETUP] Dotenv result: {
  parsed: {
    DATABASE_URL: [32m'postgresql://neondb_owner:npg_RrVLk0A3iwGU@ep-muddy-band-acxjnbbp-pooler.sa-east-1.aws.neon.tech/neondb?sslmode=require&channel_binding=require'[39m
  }
}
[TEST SETUP] DATABASE_URL from .env.test: postgresql://neondb_owner:npg_RrVLk0A3iwGU@ep-muddy-band-acxjnbbp-pooler.sa-east-1.aws.neon.tech/neondb?sslmode=require&channel_binding=require
[TEST SETUP] Set TEST_DATABASE_URL from DATABASE_URL
[TEST SETUP] Deleted DATABASE_URL, TEST_DATABASE_URL: SET

[90mstdout[2m | __tests__/__unit__/domain/application/events/application-recorded.event.test.ts[22m[39m
[TEST SETUP] Loading .env.test from: C:\Users\moisreis\Projects\meta-investimentos\.env.test
Γùç injected env (1) from .env.test // tip: Γîÿ enable debugging { debug: true }
[TEST SETUP] Dotenv result: {
  parsed: {
    DATABASE_URL: [32m'postgresql://neondb_owner:npg_RrVLk0A3iwGU@ep-muddy-band-acxjnbbp-pooler.sa-east-1.aws.neon.tech/neondb?sslmode=require&channel_binding=require'[39m
  }
}
[TEST SETUP] DATABASE_URL from .env.test: postgresql://neondb_owner:npg_RrVLk0A3iwGU@ep-muddy-band-acxjnbbp-pooler.sa-east-1.aws.neon.tech/neondb?sslmode=require&channel_binding=require
[TEST SETUP] Set TEST_DATABASE_URL from DATABASE_URL
[TEST SETUP] Deleted DATABASE_URL, TEST_DATABASE_URL: SET

[90mstdout[2m | __tests__/__unit__/domain/user/events/user-registered.event.test.ts[22m[39m
[TEST SETUP] Loading .env.test from: C:\Users\moisreis\Projects\meta-investimentos\.env.test
Γùç injected env (1) from .env.test // tip: Γîÿ suppress logs { quiet: true }
[TEST SETUP] Dotenv result: {
  parsed: {
    DATABASE_URL: [32m'postgresql://neondb_owner:npg_RrVLk0A3iwGU@ep-muddy-band-acxjnbbp-pooler.sa-east-1.aws.neon.tech/neondb?sslmode=require&channel_binding=require'[39m
  }
}
[TEST SETUP] DATABASE_URL from .env.test: postgresql://neondb_owner:npg_RrVLk0A3iwGU@ep-muddy-band-acxjnbbp-pooler.sa-east-1.aws.neon.tech/neondb?sslmode=require&channel_binding=require
[TEST SETUP] Set TEST_DATABASE_URL from DATABASE_URL
[TEST SETUP] Deleted DATABASE_URL, TEST_DATABASE_URL: SET

 [32mΓ£ô[39m [35m|unit|[39m __tests__/__unit__/domain/portfolio/entities/portfolio.entity.test.ts [2m ([22m[2m31 tests[22m[2m)[22m[90m 26[2mms[22m[39m
 [32mΓ£ô[39m [35m|unit|[39m __tests__/__unit__/domain/statement/events/statement-generated.event.test.ts [2m ([22m[2m25 tests[22m[2m)[22m[90m 19[2mms[22m[39m
 [32mΓ£ô[39m [35m|unit|[39m __tests__/__unit__/domain/application/events/application-recorded.event.test.ts [2m ([22m[2m21 tests[22m[2m)[22m[90m 24[2mms[22m[39m
 [32mΓ£ô[39m [35m|unit|[39m __tests__/__unit__/domain/user/events/user-registered.event.test.ts [2m ([22m[2m24 tests[22m[2m)[22m[90m 21[2mms[22m[39m
 [32mΓ£ô[39m [35m|unit|[39m __tests__/__unit__/domain/portfolio/events/portfolio-registered.event.test.ts [2m ([22m[2m25 tests[22m[2m)[22m[90m 23[2mms[22m[39m
 [32mΓ£ô[39m [35m|unit|[39m __tests__/__unit__/services/position-performance/use-cases/calculate-position-performance.use-case.test.ts [2m ([22m[2m13 tests[22m[2m)[22m[90m 42[2mms[22m[39m
 [32mΓ£ô[39m [35m|unit|[39m __tests__/__unit__/services/portfolio-performance/use-cases/calculate-portfolio-performance.use-case.test.ts [2m ([22m[2m14 tests[22m[2m)[22m[90m 74[2mms[22m[39m
[90mstdout[2m | __tests__/__unit__/domain/withdrawal/events/withdrawal-recorded.event.test.ts[22m[39m
[TEST SETUP] Loading .env.test from: C:\Users\moisreis\Projects\meta-investimentos\.env.test
Γùç injected env (1) from .env.test // tip: Γîÿ multiple files { path: ['.env.local', '.env'] }
[TEST SETUP] Dotenv result: {
  parsed: {
    DATABASE_URL: [32m'postgresql://neondb_owner:npg_RrVLk0A3iwGU@ep-muddy-band-acxjnbbp-pooler.sa-east-1.aws.neon.tech/neondb?sslmode=require&channel_binding=require'[39m
  }
}
[TEST SETUP] DATABASE_URL from .env.test: postgresql://neondb_owner:npg_RrVLk0A3iwGU@ep-muddy-band-acxjnbbp-pooler.sa-east-1.aws.neon.tech/neondb?sslmode=require&channel_binding=require
[TEST SETUP] Set TEST_DATABASE_URL from DATABASE_URL
[TEST SETUP] Deleted DATABASE_URL, TEST_DATABASE_URL: SET

[90mstdout[2m | __tests__/__unit__/domain/norms-portfolio/events/norm-attached-to-portfolio.event.test.ts[22m[39m
[TEST SETUP] Loading .env.test from: C:\Users\moisreis\Projects\meta-investimentos\.env.test
Γùç injected env (1) from .env.test // tip: Γîÿ multiple files { path: ['.env.local', '.env'] }
[TEST SETUP] Dotenv result: {
  parsed: {
    DATABASE_URL: [32m'postgresql://neondb_owner:npg_RrVLk0A3iwGU@ep-muddy-band-acxjnbbp-pooler.sa-east-1.aws.neon.tech/neondb?sslmode=require&channel_binding=require'[39m
  }
}
[TEST SETUP] DATABASE_URL from .env.test: postgresql://neondb_owner:npg_RrVLk0A3iwGU@ep-muddy-band-acxjnbbp-pooler.sa-east-1.aws.neon.tech/neondb?sslmode=require&channel_binding=require
[TEST SETUP] Set TEST_DATABASE_URL from DATABASE_URL
[TEST SETUP] Deleted DATABASE_URL, TEST_DATABASE_URL: SET

[90mstdout[2m | __tests__/__unit__/domain/norm/entities/norm.entity.test.ts[22m[39m
[TEST SETUP] Loading .env.test from: C:\Users\moisreis\Projects\meta-investimentos\.env.test
Γùç injected env (1) from .env.test // tip: Γîÿ override existing { override: true }
[TEST SETUP] Dotenv result: {
  parsed: {
    DATABASE_URL: [32m'postgresql://neondb_owner:npg_RrVLk0A3iwGU@ep-muddy-band-acxjnbbp-pooler.sa-east-1.aws.neon.tech/neondb?sslmode=require&channel_binding=require'[39m
  }
}
[TEST SETUP] DATABASE_URL from .env.test: postgresql://neondb_owner:npg_RrVLk0A3iwGU@ep-muddy-band-acxjnbbp-pooler.sa-east-1.aws.neon.tech/neondb?sslmode=require&channel_binding=require
[TEST SETUP] Set TEST_DATABASE_URL from DATABASE_URL
[TEST SETUP] Deleted DATABASE_URL, TEST_DATABASE_URL: SET

[90mstdout[2m | __tests__/__unit__/domain/portfolio-performance/entities/portfolio-performance.entity.test.ts[22m[39m
[TEST SETUP] Loading .env.test from: C:\Users\moisreis\Projects\meta-investimentos\.env.test
Γùç injected env (1) from .env.test // tip: Γîÿ enable debugging { debug: true }
[TEST SETUP] Dotenv result: {
  parsed: {
    DATABASE_URL: [32m'postgresql://neondb_owner:npg_RrVLk0A3iwGU@ep-muddy-band-acxjnbbp-pooler.sa-east-1.aws.neon.tech/neondb?sslmode=require&channel_binding=require'[39m
  }
}
[TEST SETUP] DATABASE_URL from .env.test: postgresql://neondb_owner:npg_RrVLk0A3iwGU@ep-muddy-band-acxjnbbp-pooler.sa-east-1.aws.neon.tech/neondb?sslmode=require&channel_binding=require
[TEST SETUP] Set TEST_DATABASE_URL from DATABASE_URL
[TEST SETUP] Deleted DATABASE_URL, TEST_DATABASE_URL: SET

[90mstdout[2m | __tests__/__unit__/domain/fund/events/fund-registered.event.test.ts[22m[39m
[TEST SETUP] Loading .env.test from: C:\Users\moisreis\Projects\meta-investimentos\.env.test
Γùç injected env (1) from .env.test // tip: Γùê encrypted .env [www.dotenvx.com]
[TEST SETUP] Dotenv result: {
  parsed: {
    DATABASE_URL: [32m'postgresql://neondb_owner:npg_RrVLk0A3iwGU@ep-muddy-band-acxjnbbp-pooler.sa-east-1.aws.neon.tech/neondb?sslmode=require&channel_binding=require'[39m
  }
}
[TEST SETUP] DATABASE_URL from .env.test: postgresql://neondb_owner:npg_RrVLk0A3iwGU@ep-muddy-band-acxjnbbp-pooler.sa-east-1.aws.neon.tech/neondb?sslmode=require&channel_binding=require
[TEST SETUP] Set TEST_DATABASE_URL from DATABASE_URL
[TEST SETUP] Deleted DATABASE_URL, TEST_DATABASE_URL: SET

 [32mΓ£ô[39m [35m|unit|[39m __tests__/__unit__/domain/withdrawal/events/withdrawal-recorded.event.test.ts [2m ([22m[2m21 tests[22m[2m)[22m[90m 26[2mms[22m[39m
[90mstdout[2m | __tests__/__unit__/domain/benchmark-history/events/benchmark-rate-recorded.event.test.ts[22m[39m
[TEST SETUP] Loading .env.test from: C:\Users\moisreis\Projects\meta-investimentos\.env.test
Γùç injected env (1) from .env.test // tip: Γîÿ suppress logs { quiet: true }
[TEST SETUP] Dotenv result: {
  parsed: {
    DATABASE_URL: [32m'postgresql://neondb_owner:npg_RrVLk0A3iwGU@ep-muddy-band-acxjnbbp-pooler.sa-east-1.aws.neon.tech/neondb?sslmode=require&channel_binding=require'[39m
  }
}
[TEST SETUP] DATABASE_URL from .env.test: postgresql://neondb_owner:npg_RrVLk0A3iwGU@ep-muddy-band-acxjnbbp-pooler.sa-east-1.aws.neon.tech/neondb?sslmode=require&channel_binding=require
[TEST SETUP] Set TEST_DATABASE_URL from DATABASE_URL
[TEST SETUP] Deleted DATABASE_URL, TEST_DATABASE_URL: SET

 [32mΓ£ô[39m [35m|unit|[39m __tests__/__unit__/domain/portfolio-performance/entities/portfolio-performance.entity.test.ts [2m ([22m[2m16 tests[22m[2m)[22m[90m 20[2mms[22m[39m
 [32mΓ£ô[39m [35m|unit|[39m __tests__/__unit__/domain/norm/entities/norm.entity.test.ts [2m ([22m[2m26 tests[22m[2m)[22m[90m 24[2mms[22m[39m
 [32mΓ£ô[39m [35m|unit|[39m __tests__/__unit__/domain/norms-portfolio/events/norm-attached-to-portfolio.event.test.ts [2m ([22m[2m22 tests[22m[2m)[22m[90m 23[2mms[22m[39m
 [32mΓ£ô[39m [35m|unit|[39m __tests__/__unit__/domain/fund/events/fund-registered.event.test.ts [2m ([22m[2m22 tests[22m[2m)[22m[90m 22[2mms[22m[39m
[90mstdout[2m | __tests__/__unit__/domain/application/events/application-reversed.event.test.ts[22m[39m
[TEST SETUP] Loading .env.test from: C:\Users\moisreis\Projects\meta-investimentos\.env.test
Γùç injected env (1) from .env.test // tip: Γîü auth for agents [www.vestauth.com]
[TEST SETUP] Dotenv result: {
  parsed: {
    DATABASE_URL: [32m'postgresql://neondb_owner:npg_RrVLk0A3iwGU@ep-muddy-band-acxjnbbp-pooler.sa-east-1.aws.neon.tech/neondb?sslmode=require&channel_binding=require'[39m
  }
}
[TEST SETUP] DATABASE_URL from .env.test: postgresql://neondb_owner:npg_RrVLk0A3iwGU@ep-muddy-band-acxjnbbp-pooler.sa-east-1.aws.neon.tech/neondb?sslmode=require&channel_binding=require
[TEST SETUP] Set TEST_DATABASE_URL from DATABASE_URL
[TEST SETUP] Deleted DATABASE_URL, TEST_DATABASE_URL: SET

 [32mΓ£ô[39m [35m|unit|[39m __tests__/__unit__/domain/benchmark-history/events/benchmark-rate-recorded.event.test.ts [2m ([22m[2m20 tests[22m[2m)[22m[90m 20[2mms[22m[39m
 [32mΓ£ô[39m [35m|unit|[39m __tests__/__unit__/domain/application/events/application-reversed.event.test.ts [2m ([22m[2m19 tests[22m[2m)[22m[90m 22[2mms[22m[39m
[90mstdout[2m | __tests__/__unit__/domain/withdrawal/events/withdrawal-reversed.event.test.ts[22m[39m
[TEST SETUP] Loading .env.test from: C:\Users\moisreis\Projects\meta-investimentos\.env.test
Γùç injected env (1) from .env.test // tip: Γîÿ suppress logs { quiet: true }
[TEST SETUP] Dotenv result: {
  parsed: {
    DATABASE_URL: [32m'postgresql://neondb_owner:npg_RrVLk0A3iwGU@ep-muddy-band-acxjnbbp-pooler.sa-east-1.aws.neon.tech/neondb?sslmode=require&channel_binding=require'[39m
  }
}
[TEST SETUP] DATABASE_URL from .env.test: postgresql://neondb_owner:npg_RrVLk0A3iwGU@ep-muddy-band-acxjnbbp-pooler.sa-east-1.aws.neon.tech/neondb?sslmode=require&channel_binding=require
[TEST SETUP] Set TEST_DATABASE_URL from DATABASE_URL
[TEST SETUP] Deleted DATABASE_URL, TEST_DATABASE_URL: SET

[90mstdout[2m | __tests__/__unit__/domain/transaction-allocation/events/transaction-allocated.event.test.ts[22m[39m
[TEST SETUP] Loading .env.test from: C:\Users\moisreis\Projects\meta-investimentos\.env.test
Γùç injected env (1) from .env.test // tip: Γîÿ suppress logs { quiet: true }
[TEST SETUP] Dotenv result: {
  parsed: {
    DATABASE_URL: [32m'postgresql://neondb_owner:npg_RrVLk0A3iwGU@ep-muddy-band-acxjnbbp-pooler.sa-east-1.aws.neon.tech/neondb?sslmode=require&channel_binding=require'[39m
  }
}
[TEST SETUP] DATABASE_URL from .env.test: postgresql://neondb_owner:npg_RrVLk0A3iwGU@ep-muddy-band-acxjnbbp-pooler.sa-east-1.aws.neon.tech/neondb?sslmode=require&channel_binding=require
[TEST SETUP] Set TEST_DATABASE_URL from DATABASE_URL
[TEST SETUP] Deleted DATABASE_URL, TEST_DATABASE_URL: SET

[90mstdout[2m | __tests__/__unit__/domain/quota/events/quota-price-recorded.event.test.ts[22m[39m
[TEST SETUP] Loading .env.test from: C:\Users\moisreis\Projects\meta-investimentos\.env.test
Γùç injected env (1) from .env.test // tip: Γîÿ override existing { override: true }
[TEST SETUP] Dotenv result: {
  parsed: {
    DATABASE_URL: [32m'postgresql://neondb_owner:npg_RrVLk0A3iwGU@ep-muddy-band-acxjnbbp-pooler.sa-east-1.aws.neon.tech/neondb?sslmode=require&channel_binding=require'[39m
  }
}
[TEST SETUP] DATABASE_URL from .env.test: postgresql://neondb_owner:npg_RrVLk0A3iwGU@ep-muddy-band-acxjnbbp-pooler.sa-east-1.aws.neon.tech/neondb?sslmode=require&channel_binding=require
[TEST SETUP] Set TEST_DATABASE_URL from DATABASE_URL
[TEST SETUP] Deleted DATABASE_URL, TEST_DATABASE_URL: SET

[90mstdout[2m | __tests__/__unit__/services/fund/mappers/fund.mapper.test.ts[22m[39m
[TEST SETUP] Loading .env.test from: C:\Users\moisreis\Projects\meta-investimentos\.env.test
Γùç injected env (1) from .env.test // tip: Γîÿ enable debugging { debug: true }
[TEST SETUP] Dotenv result: {
  parsed: {
    DATABASE_URL: [32m'postgresql://neondb_owner:npg_RrVLk0A3iwGU@ep-muddy-band-acxjnbbp-pooler.sa-east-1.aws.neon.tech/neondb?sslmode=require&channel_binding=require'[39m
  }
}
[TEST SETUP] DATABASE_URL from .env.test: postgresql://neondb_owner:npg_RrVLk0A3iwGU@ep-muddy-band-acxjnbbp-pooler.sa-east-1.aws.neon.tech/neondb?sslmode=require&channel_binding=require
[TEST SETUP] Set TEST_DATABASE_URL from DATABASE_URL
[TEST SETUP] Deleted DATABASE_URL, TEST_DATABASE_URL: SET

[90mstdout[2m | __tests__/__unit__/services/portfolio-performance/mappers/portfolio-performance.mapper.test.ts[22m[39m
[TEST SETUP] Loading .env.test from: C:\Users\moisreis\Projects\meta-investimentos\.env.test
Γùç injected env (1) from .env.test // tip: Γîÿ enable debugging { debug: true }
[TEST SETUP] Dotenv result: {
  parsed: {
    DATABASE_URL: [32m'postgresql://neondb_owner:npg_RrVLk0A3iwGU@ep-muddy-band-acxjnbbp-pooler.sa-east-1.aws.neon.tech/neondb?sslmode=require&channel_binding=require'[39m
  }
}
[TEST SETUP] DATABASE_URL from .env.test: postgresql://neondb_owner:npg_RrVLk0A3iwGU@ep-muddy-band-acxjnbbp-pooler.sa-east-1.aws.neon.tech/neondb?sslmode=require&channel_binding=require
[TEST SETUP] Set TEST_DATABASE_URL from DATABASE_URL
[TEST SETUP] Deleted DATABASE_URL, TEST_DATABASE_URL: SET

 [32mΓ£ô[39m [35m|unit|[39m __tests__/__unit__/domain/withdrawal/events/withdrawal-reversed.event.test.ts [2m ([22m[2m19 tests[22m[2m)[22m[90m 23[2mms[22m[39m
 [32mΓ£ô[39m [35m|unit|[39m __tests__/__unit__/domain/quota/events/quota-price-recorded.event.test.ts [2m ([22m[2m20 tests[22m[2m)[22m[90m 21[2mms[22m[39m
 [32mΓ£ô[39m [35m|unit|[39m __tests__/__unit__/domain/transaction-allocation/events/transaction-allocated.event.test.ts [2m ([22m[2m18 tests[22m[2m)[22m[90m 19[2mms[22m[39m
 [32mΓ£ô[39m [35m|unit|[39m __tests__/__unit__/services/portfolio-performance/mappers/portfolio-performance.mapper.test.ts [2m ([22m[2m27 tests[22m[2m)[22m[90m 20[2mms[22m[39m
 [32mΓ£ô[39m [35m|unit|[39m __tests__/__unit__/services/fund/mappers/fund.mapper.test.ts [2m ([22m[2m30 tests[22m[2m)[22m[90m 22[2mms[22m[39m
[90mstdout[2m | __tests__/__unit__/domain/fund/entities/fund.entity.test.ts[22m[39m
[TEST SETUP] Loading .env.test from: C:\Users\moisreis\Projects\meta-investimentos\.env.test
Γùç injected env (1) from .env.test // tip: Γùê secrets for agents [www.dotenvx.com]
[TEST SETUP] Dotenv result: {
  parsed: {
    DATABASE_URL: [32m'postgresql://neondb_owner:npg_RrVLk0A3iwGU@ep-muddy-band-acxjnbbp-pooler.sa-east-1.aws.neon.tech/neondb?sslmode=require&channel_binding=require'[39m
  }
}
[TEST SETUP] DATABASE_URL from .env.test: postgresql://neondb_owner:npg_RrVLk0A3iwGU@ep-muddy-band-acxjnbbp-pooler.sa-east-1.aws.neon.tech/neondb?sslmode=require&channel_binding=require
[TEST SETUP] Set TEST_DATABASE_URL from DATABASE_URL
[TEST SETUP] Deleted DATABASE_URL, TEST_DATABASE_URL: SET

[90mstdout[2m | __tests__/__unit__/services/quota/use-cases/import-fund-valuations.use-case.test.ts[22m[39m
[TEST SETUP] Loading .env.test from: C:\Users\moisreis\Projects\meta-investimentos\.env.test
Γùç injected env (1) from .env.test // tip: Γîÿ multiple files { path: ['.env.local', '.env'] }
[TEST SETUP] Dotenv result: {
  parsed: {
    DATABASE_URL: [32m'postgresql://neondb_owner:npg_RrVLk0A3iwGU@ep-muddy-band-acxjnbbp-pooler.sa-east-1.aws.neon.tech/neondb?sslmode=require&channel_binding=require'[39m
  }
}
[TEST SETUP] DATABASE_URL from .env.test: postgresql://neondb_owner:npg_RrVLk0A3iwGU@ep-muddy-band-acxjnbbp-pooler.sa-east-1.aws.neon.tech/neondb?sslmode=require&channel_binding=require
[TEST SETUP] Set TEST_DATABASE_URL from DATABASE_URL
[TEST SETUP] Deleted DATABASE_URL, TEST_DATABASE_URL: SET

 [32mΓ£ô[39m [35m|unit|[39m __tests__/__unit__/domain/fund/entities/fund.entity.test.ts [2m ([22m[2m26 tests[22m[2m)[22m[90m 25[2mms[22m[39m
[90mstdout[2m | __tests__/__unit__/services/position/use-cases/list-position-weights.use-case.test.ts[22m[39m
[TEST SETUP] Loading .env.test from: C:\Users\moisreis\Projects\meta-investimentos\.env.test
Γùç injected env (1) from .env.test // tip: Γîÿ suppress logs { quiet: true }
[TEST SETUP] Dotenv result: {
  parsed: {
    DATABASE_URL: [32m'postgresql://neondb_owner:npg_RrVLk0A3iwGU@ep-muddy-band-acxjnbbp-pooler.sa-east-1.aws.neon.tech/neondb?sslmode=require&channel_binding=require'[39m
  }
}
[TEST SETUP] DATABASE_URL from .env.test: postgresql://neondb_owner:npg_RrVLk0A3iwGU@ep-muddy-band-acxjnbbp-pooler.sa-east-1.aws.neon.tech/neondb?sslmode=require&channel_binding=require
[TEST SETUP] Set TEST_DATABASE_URL from DATABASE_URL
[TEST SETUP] Deleted DATABASE_URL, TEST_DATABASE_URL: SET

[90mstdout[2m | __tests__/__unit__/services/portfolio-performance/use-cases/resolve-portfolio-period-returns.use-case.test.ts[22m[39m
[TEST SETUP] Loading .env.test from: C:\Users\moisreis\Projects\meta-investimentos\.env.test
Γùç injected env (1) from .env.test // tip: Γîÿ multiple files { path: ['.env.local', '.env'] }
[TEST SETUP] Dotenv result: {
  parsed: {
    DATABASE_URL: [32m'postgresql://neondb_owner:npg_RrVLk0A3iwGU@ep-muddy-band-acxjnbbp-pooler.sa-east-1.aws.neon.tech/neondb?sslmode=require&channel_binding=require'[39m
  }
}
[TEST SETUP] DATABASE_URL from .env.test: postgresql://neondb_owner:npg_RrVLk0A3iwGU@ep-muddy-band-acxjnbbp-pooler.sa-east-1.aws.neon.tech/neondb?sslmode=require&channel_binding=require
[TEST SETUP] Set TEST_DATABASE_URL from DATABASE_URL
[TEST SETUP] Deleted DATABASE_URL, TEST_DATABASE_URL: SET

 [32mΓ£ô[39m [35m|unit|[39m __tests__/__unit__/services/quota/use-cases/import-fund-valuations.use-case.test.ts [2m ([22m[2m8 tests[22m[2m)[22m[90m 57[2mms[22m[39m
[90mstdout[2m | __tests__/__unit__/domain/bank-account/entities/bank-account.entity.test.ts[22m[39m
[TEST SETUP] Loading .env.test from: C:\Users\moisreis\Projects\meta-investimentos\.env.test
Γùç injected env (1) from .env.test // tip: Γîÿ override existing { override: true }
[TEST SETUP] Dotenv result: {
  parsed: {
    DATABASE_URL: [32m'postgresql://neondb_owner:npg_RrVLk0A3iwGU@ep-muddy-band-acxjnbbp-pooler.sa-east-1.aws.neon.tech/neondb?sslmode=require&channel_binding=require'[39m
  }
}
[TEST SETUP] DATABASE_URL from .env.test: postgresql://neondb_owner:npg_RrVLk0A3iwGU@ep-muddy-band-acxjnbbp-pooler.sa-east-1.aws.neon.tech/neondb?sslmode=require&channel_binding=require
[TEST SETUP] Set TEST_DATABASE_URL from DATABASE_URL
[TEST SETUP] Deleted DATABASE_URL, TEST_DATABASE_URL: SET

[90mstdout[2m | __tests__/__unit__/domain/norms-portfolio/entities/norms-portfolios.entity.test.ts[22m[39m
[TEST SETUP] Loading .env.test from: C:\Users\moisreis\Projects\meta-investimentos\.env.test
Γùç injected env (1) from .env.test // tip: Γîÿ enable debugging { debug: true }
[TEST SETUP] Dotenv result: {
  parsed: {
    DATABASE_URL: [32m'postgresql://neondb_owner:npg_RrVLk0A3iwGU@ep-muddy-band-acxjnbbp-pooler.sa-east-1.aws.neon.tech/neondb?sslmode=require&channel_binding=require'[39m
  }
}
[TEST SETUP] DATABASE_URL from .env.test: postgresql://neondb_owner:npg_RrVLk0A3iwGU@ep-muddy-band-acxjnbbp-pooler.sa-east-1.aws.neon.tech/neondb?sslmode=require&channel_binding=require
[TEST SETUP] Set TEST_DATABASE_URL from DATABASE_URL
[TEST SETUP] Deleted DATABASE_URL, TEST_DATABASE_URL: SET

[90mstdout[2m | __tests__/__unit__/domain/position/entities/position.entity.test.ts[22m[39m
[TEST SETUP] Loading .env.test from: C:\Users\moisreis\Projects\meta-investimentos\.env.test
Γùç injected env (1) from .env.test // tip: Γîÿ custom filepath { path: '/custom/path/.env' }
[TEST SETUP] Dotenv result: {
  parsed: {
    DATABASE_URL: [32m'postgresql://neondb_owner:npg_RrVLk0A3iwGU@ep-muddy-band-acxjnbbp-pooler.sa-east-1.aws.neon.tech/neondb?sslmode=require&channel_binding=require'[39m
  }
}
[TEST SETUP] DATABASE_URL from .env.test: postgresql://neondb_owner:npg_RrVLk0A3iwGU@ep-muddy-band-acxjnbbp-pooler.sa-east-1.aws.neon.tech/neondb?sslmode=require&channel_binding=require
[TEST SETUP] Set TEST_DATABASE_URL from DATABASE_URL
[TEST SETUP] Deleted DATABASE_URL, TEST_DATABASE_URL: SET

 [32mΓ£ô[39m [35m|unit|[39m __tests__/__unit__/domain/bank-account/entities/bank-account.entity.test.ts [2m ([22m[2m22 tests[22m[2m)[22m[90m 21[2mms[22m[39m
 [32mΓ£ô[39m [35m|unit|[39m __tests__/__unit__/services/position/use-cases/list-position-weights.use-case.test.ts [2m ([22m[2m9 tests[22m[2m)[22m[90m 22[2mms[22m[39m
 [32mΓ£ô[39m [35m|unit|[39m __tests__/__unit__/domain/norms-portfolio/entities/norms-portfolios.entity.test.ts [2m ([22m[2m18 tests[22m[2m)[22m[90m 17[2mms[22m[39m
[90mstdout[2m | __tests__/__unit__/services/user/mappers/user.mapper.test.ts[22m[39m
[TEST SETUP] Loading .env.test from: C:\Users\moisreis\Projects\meta-investimentos\.env.test
Γùç injected env (1) from .env.test // tip: Γùê encrypted .env [www.dotenvx.com]
[TEST SETUP] Dotenv result: {
  parsed: {
    DATABASE_URL: [32m'postgresql://neondb_owner:npg_RrVLk0A3iwGU@ep-muddy-band-acxjnbbp-pooler.sa-east-1.aws.neon.tech/neondb?sslmode=require&channel_binding=require'[39m
  }
}
[TEST SETUP] DATABASE_URL from .env.test: postgresql://neondb_owner:npg_RrVLk0A3iwGU@ep-muddy-band-acxjnbbp-pooler.sa-east-1.aws.neon.tech/neondb?sslmode=require&channel_binding=require
[TEST SETUP] Set TEST_DATABASE_URL from DATABASE_URL
[TEST SETUP] Deleted DATABASE_URL, TEST_DATABASE_URL: SET

 [32mΓ£ô[39m [35m|unit|[39m __tests__/__unit__/domain/position/entities/position.entity.test.ts [2m ([22m[2m26 tests[22m[2m)[22m[90m 22[2mms[22m[39m
 [32mΓ£ô[39m [35m|unit|[39m __tests__/__unit__/services/user/mappers/user.mapper.test.ts [2m ([22m[2m28 tests[22m[2m)[22m[90m 18[2mms[22m[39m
 [32mΓ£ô[39m [35m|unit|[39m __tests__/__unit__/services/portfolio-performance/use-cases/resolve-portfolio-period-returns.use-case.test.ts [2m ([22m[2m9 tests[22m[2m)[22m[90m 39[2mms[22m[39m
[90mstdout[2m | __tests__/__unit__/services/position-performance/use-cases/resolve-position-period-returns.use-case.test.ts[22m[39m
[TEST SETUP] Loading .env.test from: C:\Users\moisreis\Projects\meta-investimentos\.env.test
Γùç injected env (1) from .env.test // tip: Γîÿ suppress logs { quiet: true }
[TEST SETUP] Dotenv result: {
  parsed: {
    DATABASE_URL: [32m'postgresql://neondb_owner:npg_RrVLk0A3iwGU@ep-muddy-band-acxjnbbp-pooler.sa-east-1.aws.neon.tech/neondb?sslmode=require&channel_binding=require'[39m
  }
}
[TEST SETUP] DATABASE_URL from .env.test: postgresql://neondb_owner:npg_RrVLk0A3iwGU@ep-muddy-band-acxjnbbp-pooler.sa-east-1.aws.neon.tech/neondb?sslmode=require&channel_binding=require
[TEST SETUP] Set TEST_DATABASE_URL from DATABASE_URL
[TEST SETUP] Deleted DATABASE_URL, TEST_DATABASE_URL: SET

[90mstdout[2m | __tests__/__unit__/domain/position/events/position-opened.event.test.ts[22m[39m
[TEST SETUP] Loading .env.test from: C:\Users\moisreis\Projects\meta-investimentos\.env.test
Γùç injected env (1) from .env.test // tip: Γùê encrypted .env [www.dotenvx.com]
[TEST SETUP] Dotenv result: {
  parsed: {
    DATABASE_URL: [32m'postgresql://neondb_owner:npg_RrVLk0A3iwGU@ep-muddy-band-acxjnbbp-pooler.sa-east-1.aws.neon.tech/neondb?sslmode=require&channel_binding=require'[39m
  }
}
[TEST SETUP] DATABASE_URL from .env.test: postgresql://neondb_owner:npg_RrVLk0A3iwGU@ep-muddy-band-acxjnbbp-pooler.sa-east-1.aws.neon.tech/neondb?sslmode=require&channel_binding=require
[TEST SETUP] Set TEST_DATABASE_URL from DATABASE_URL
[TEST SETUP] Deleted DATABASE_URL, TEST_DATABASE_URL: SET

[90mstdout[2m | __tests__/__unit__/infrastructure/portfolio-performance/mappers/portfolio-performance.mapper.test.ts[22m[39m
[TEST SETUP] Loading .env.test from: C:\Users\moisreis\Projects\meta-investimentos\.env.test
Γùç injected env (1) from .env.test // tip: Γîÿ suppress logs { quiet: true }
[TEST SETUP] Dotenv result: {
  parsed: {
    DATABASE_URL: [32m'postgresql://neondb_owner:npg_RrVLk0A3iwGU@ep-muddy-band-acxjnbbp-pooler.sa-east-1.aws.neon.tech/neondb?sslmode=require&channel_binding=require'[39m
  }
}
[TEST SETUP] DATABASE_URL from .env.test: postgresql://neondb_owner:npg_RrVLk0A3iwGU@ep-muddy-band-acxjnbbp-pooler.sa-east-1.aws.neon.tech/neondb?sslmode=require&channel_binding=require
[TEST SETUP] Set TEST_DATABASE_URL from DATABASE_URL
[TEST SETUP] Deleted DATABASE_URL, TEST_DATABASE_URL: SET

 [32mΓ£ô[39m [35m|unit|[39m __tests__/__unit__/services/position-performance/use-cases/resolve-position-period-returns.use-case.test.ts [2m ([22m[2m7 tests[22m[2m)[22m[90m 46[2mms[22m[39m
[90mstdout[2m | __tests__/__unit__/domain/portfolio/events/portfolio-allocation-updated.event.test.ts[22m[39m
[TEST SETUP] Loading .env.test from: C:\Users\moisreis\Projects\meta-investimentos\.env.test
Γùç injected env (1) from .env.test // tip: Γîÿ suppress logs { quiet: true }
[TEST SETUP] Dotenv result: {
  parsed: {
    DATABASE_URL: [32m'postgresql://neondb_owner:npg_RrVLk0A3iwGU@ep-muddy-band-acxjnbbp-pooler.sa-east-1.aws.neon.tech/neondb?sslmode=require&channel_binding=require'[39m
  }
}
[TEST SETUP] DATABASE_URL from .env.test: postgresql://neondb_owner:npg_RrVLk0A3iwGU@ep-muddy-band-acxjnbbp-pooler.sa-east-1.aws.neon.tech/neondb?sslmode=require&channel_binding=require
[TEST SETUP] Set TEST_DATABASE_URL from DATABASE_URL
[TEST SETUP] Deleted DATABASE_URL, TEST_DATABASE_URL: SET

 [32mΓ£ô[39m [35m|unit|[39m __tests__/__unit__/domain/position/events/position-opened.event.test.ts [2m ([22m[2m17 tests[22m[2m)[22m[90m 17[2mms[22m[39m
 [32mΓ£ô[39m [35m|unit|[39m __tests__/__unit__/infrastructure/portfolio-performance/mappers/portfolio-performance.mapper.test.ts [2m ([22m[2m7 tests[22m[2m)[22m[90m 15[2mms[22m[39m
[90mstdout[2m | __tests__/__unit__/domain/position-performance/entities/position-performance.entity.test.ts[22m[39m
[TEST SETUP] Loading .env.test from: C:\Users\moisreis\Projects\meta-investimentos\.env.test
Γùç injected env (1) from .env.test // tip: Γîÿ multiple files { path: ['.env.local', '.env'] }
[TEST SETUP] Dotenv result: {
  parsed: {
    DATABASE_URL: [32m'postgresql://neondb_owner:npg_RrVLk0A3iwGU@ep-muddy-band-acxjnbbp-pooler.sa-east-1.aws.neon.tech/neondb?sslmode=require&channel_binding=require'[39m
  }
}
[TEST SETUP] DATABASE_URL from .env.test: postgresql://neondb_owner:npg_RrVLk0A3iwGU@ep-muddy-band-acxjnbbp-pooler.sa-east-1.aws.neon.tech/neondb?sslmode=require&channel_binding=require
[TEST SETUP] Set TEST_DATABASE_URL from DATABASE_URL
[TEST SETUP] Deleted DATABASE_URL, TEST_DATABASE_URL: SET

[90mstdout[2m | __tests__/__unit__/services/withdrawal/mappers/withdrawal.mapper.test.ts[22m[39m
[TEST SETUP] Loading .env.test from: C:\Users\moisreis\Projects\meta-investimentos\.env.test
Γùç injected env (1) from .env.test // tip: Γîÿ custom filepath { path: '/custom/path/.env' }
[TEST SETUP] Dotenv result: {
  parsed: {
    DATABASE_URL: [32m'postgresql://neondb_owner:npg_RrVLk0A3iwGU@ep-muddy-band-acxjnbbp-pooler.sa-east-1.aws.neon.tech/neondb?sslmode=require&channel_binding=require'[39m
  }
}
[TEST SETUP] DATABASE_URL from .env.test: postgresql://neondb_owner:npg_RrVLk0A3iwGU@ep-muddy-band-acxjnbbp-pooler.sa-east-1.aws.neon.tech/neondb?sslmode=require&channel_binding=require
[TEST SETUP] Set TEST_DATABASE_URL from DATABASE_URL
[TEST SETUP] Deleted DATABASE_URL, TEST_DATABASE_URL: SET

 [32mΓ£ô[39m [35m|unit|[39m __tests__/__unit__/domain/portfolio/events/portfolio-allocation-updated.event.test.ts [2m ([22m[2m18 tests[22m[2m)[22m[90m 20[2mms[22m[39m
[90mstdout[2m | __tests__/__unit__/services/norms-portfolio/use-cases/attach-norm-to-portfolio.use-case.test.ts[22m[39m
[TEST SETUP] Loading .env.test from: C:\Users\moisreis\Projects\meta-investimentos\.env.test
Γùç injected env (1) from .env.test // tip: Γîÿ enable debugging { debug: true }
[TEST SETUP] Dotenv result: {
  parsed: {
    DATABASE_URL: [32m'postgresql://neondb_owner:npg_RrVLk0A3iwGU@ep-muddy-band-acxjnbbp-pooler.sa-east-1.aws.neon.tech/neondb?sslmode=require&channel_binding=require'[39m
  }
}
[TEST SETUP] DATABASE_URL from .env.test: postgresql://neondb_owner:npg_RrVLk0A3iwGU@ep-muddy-band-acxjnbbp-pooler.sa-east-1.aws.neon.tech/neondb?sslmode=require&channel_binding=require
[TEST SETUP] Set TEST_DATABASE_URL from DATABASE_URL
[TEST SETUP] Deleted DATABASE_URL, TEST_DATABASE_URL: SET

 [32mΓ£ô[39m [35m|unit|[39m __tests__/__unit__/domain/position-performance/entities/position-performance.entity.test.ts [2m ([22m[2m19 tests[22m[2m)[22m[90m 18[2mms[22m[39m
 [32mΓ£ô[39m [35m|unit|[39m __tests__/__unit__/services/withdrawal/mappers/withdrawal.mapper.test.ts [2m ([22m[2m23 tests[22m[2m)[22m[90m 22[2mms[22m[39m
[90mstdout[2m | __tests__/__unit__/services/application/use-cases/add-application.use-case.test.ts[22m[39m
[TEST SETUP] Loading .env.test from: C:\Users\moisreis\Projects\meta-investimentos\.env.test
Γùç injected env (1) from .env.test // tip: Γùê encrypted .env [www.dotenvx.com]
[TEST SETUP] Dotenv result: {
  parsed: {
    DATABASE_URL: [32m'postgresql://neondb_owner:npg_RrVLk0A3iwGU@ep-muddy-band-acxjnbbp-pooler.sa-east-1.aws.neon.tech/neondb?sslmode=require&channel_binding=require'[39m
  }
}
[TEST SETUP] DATABASE_URL from .env.test: postgresql://neondb_owner:npg_RrVLk0A3iwGU@ep-muddy-band-acxjnbbp-pooler.sa-east-1.aws.neon.tech/neondb?sslmode=require&channel_binding=require
[TEST SETUP] Set TEST_DATABASE_URL from DATABASE_URL
[TEST SETUP] Deleted DATABASE_URL, TEST_DATABASE_URL: SET

 [32mΓ£ô[39m [35m|unit|[39m __tests__/__unit__/services/norms-portfolio/use-cases/attach-norm-to-portfolio.use-case.test.ts [2m ([22m[2m8 tests[22m[2m)[22m[90m 28[2mms[22m[39m
[90mstdout[2m | __tests__/__unit__/services/statement/mappers/statement.mapper.test.ts[22m[39m
[TEST SETUP] Loading .env.test from: C:\Users\moisreis\Projects\meta-investimentos\.env.test
Γùç injected env (1) from .env.test // tip: Γîÿ enable debugging { debug: true }
[TEST SETUP] Dotenv result: {
  parsed: {
    DATABASE_URL: [32m'postgresql://neondb_owner:npg_RrVLk0A3iwGU@ep-muddy-band-acxjnbbp-pooler.sa-east-1.aws.neon.tech/neondb?sslmode=require&channel_binding=require'[39m
  }
}
[TEST SETUP] DATABASE_URL from .env.test: postgresql://neondb_owner:npg_RrVLk0A3iwGU@ep-muddy-band-acxjnbbp-pooler.sa-east-1.aws.neon.tech/neondb?sslmode=require&channel_binding=require
[TEST SETUP] Set TEST_DATABASE_URL from DATABASE_URL
[TEST SETUP] Deleted DATABASE_URL, TEST_DATABASE_URL: SET

[90mstdout[2m | __tests__/__unit__/services/portfolio/use-cases/update-portfolio.use-case.test.ts[22m[39m
[TEST SETUP] Loading .env.test from: C:\Users\moisreis\Projects\meta-investimentos\.env.test
Γùç injected env (1) from .env.test // tip: Γîÿ enable debugging { debug: true }
[TEST SETUP] Dotenv result: {
  parsed: {
    DATABASE_URL: [32m'postgresql://neondb_owner:npg_RrVLk0A3iwGU@ep-muddy-band-acxjnbbp-pooler.sa-east-1.aws.neon.tech/neondb?sslmode=require&channel_binding=require'[39m
  }
}
[TEST SETUP] DATABASE_URL from .env.test: postgresql://neondb_owner:npg_RrVLk0A3iwGU@ep-muddy-band-acxjnbbp-pooler.sa-east-1.aws.neon.tech/neondb?sslmode=require&channel_binding=require
[TEST SETUP] Set TEST_DATABASE_URL from DATABASE_URL
[TEST SETUP] Deleted DATABASE_URL, TEST_DATABASE_URL: SET

[90mstdout[2m | __tests__/__unit__/services/application/mappers/application.mapper.test.ts[22m[39m
[TEST SETUP] Loading .env.test from: C:\Users\moisreis\Projects\meta-investimentos\.env.test
Γùç injected env (1) from .env.test // tip: Γîÿ multiple files { path: ['.env.local', '.env'] }
[TEST SETUP] Dotenv result: {
  parsed: {
    DATABASE_URL: [32m'postgresql://neondb_owner:npg_RrVLk0A3iwGU@ep-muddy-band-acxjnbbp-pooler.sa-east-1.aws.neon.tech/neondb?sslmode=require&channel_binding=require'[39m
  }
}
[TEST SETUP] DATABASE_URL from .env.test: postgresql://neondb_owner:npg_RrVLk0A3iwGU@ep-muddy-band-acxjnbbp-pooler.sa-east-1.aws.neon.tech/neondb?sslmode=require&channel_binding=require
[TEST SETUP] Set TEST_DATABASE_URL from DATABASE_URL
[TEST SETUP] Deleted DATABASE_URL, TEST_DATABASE_URL: SET

 [32mΓ£ô[39m [35m|unit|[39m __tests__/__unit__/services/statement/mappers/statement.mapper.test.ts [2m ([22m[2m21 tests[22m[2m)[22m[90m 18[2mms[22m[39m
 [32mΓ£ô[39m [35m|unit|[39m __tests__/__unit__/services/application/mappers/application.mapper.test.ts [2m ([22m[2m21 tests[22m[2m)[22m[90m 21[2mms[22m[39m
 [32mΓ£ô[39m [35m|unit|[39m __tests__/__unit__/services/application/use-cases/add-application.use-case.test.ts [2m ([22m[2m7 tests[22m[2m)[22m[90m 27[2mms[22m[39m
 [32mΓ£ô[39m [35m|unit|[39m __tests__/__unit__/services/portfolio/use-cases/update-portfolio.use-case.test.ts [2m ([22m[2m12 tests[22m[2m)[22m[90m 22[2mms[22m[39m
[90mstdout[2m | __tests__/__unit__/domain/user/entities/user.entity.test.ts[22m[39m
[TEST SETUP] Loading .env.test from: C:\Users\moisreis\Projects\meta-investimentos\.env.test
Γùç injected env (1) from .env.test // tip: Γîü auth for agents [www.vestauth.com]
[TEST SETUP] Dotenv result: {
  parsed: {
    DATABASE_URL: [32m'postgresql://neondb_owner:npg_RrVLk0A3iwGU@ep-muddy-band-acxjnbbp-pooler.sa-east-1.aws.neon.tech/neondb?sslmode=require&channel_binding=require'[39m
  }
}
[TEST SETUP] DATABASE_URL from .env.test: postgresql://neondb_owner:npg_RrVLk0A3iwGU@ep-muddy-band-acxjnbbp-pooler.sa-east-1.aws.neon.tech/neondb?sslmode=require&channel_binding=require
[TEST SETUP] Set TEST_DATABASE_URL from DATABASE_URL
[TEST SETUP] Deleted DATABASE_URL, TEST_DATABASE_URL: SET

[90mstdout[2m | __tests__/__unit__/domain/user/events/user-profile-updated.event.test.ts[22m[39m
[TEST SETUP] Loading .env.test from: C:\Users\moisreis\Projects\meta-investimentos\.env.test
Γùç injected env (1) from .env.test // tip: Γîü auth for agents [www.vestauth.com]
[TEST SETUP] Dotenv result: {
  parsed: {
    DATABASE_URL: [32m'postgresql://neondb_owner:npg_RrVLk0A3iwGU@ep-muddy-band-acxjnbbp-pooler.sa-east-1.aws.neon.tech/neondb?sslmode=require&channel_binding=require'[39m
  }
}
[TEST SETUP] DATABASE_URL from .env.test: postgresql://neondb_owner:npg_RrVLk0A3iwGU@ep-muddy-band-acxjnbbp-pooler.sa-east-1.aws.neon.tech/neondb?sslmode=require&channel_binding=require
[TEST SETUP] Set TEST_DATABASE_URL from DATABASE_URL
[TEST SETUP] Deleted DATABASE_URL, TEST_DATABASE_URL: SET

[90mstdout[2m | __tests__/__unit__/domain/application/entities/application.entity.test.ts[22m[39m
[TEST SETUP] Loading .env.test from: C:\Users\moisreis\Projects\meta-investimentos\.env.test
Γùç injected env (1) from .env.test // tip: Γùê secrets for agents [www.dotenvx.com]
[TEST SETUP] Dotenv result: {
  parsed: {
    DATABASE_URL: [32m'postgresql://neondb_owner:npg_RrVLk0A3iwGU@ep-muddy-band-acxjnbbp-pooler.sa-east-1.aws.neon.tech/neondb?sslmode=require&channel_binding=require'[39m
  }
}
[TEST SETUP] DATABASE_URL from .env.test: postgresql://neondb_owner:npg_RrVLk0A3iwGU@ep-muddy-band-acxjnbbp-pooler.sa-east-1.aws.neon.tech/neondb?sslmode=require&channel_binding=require
[TEST SETUP] Set TEST_DATABASE_URL from DATABASE_URL
[TEST SETUP] Deleted DATABASE_URL, TEST_DATABASE_URL: SET

[90mstdout[2m | __tests__/__unit__/domain/fund/events/fund-updated.event.test.ts[22m[39m
[TEST SETUP] Loading .env.test from: C:\Users\moisreis\Projects\meta-investimentos\.env.test
Γùç injected env (1) from .env.test // tip: Γùê encrypted .env [www.dotenvx.com]
[TEST SETUP] Dotenv result: {
  parsed: {
    DATABASE_URL: [32m'postgresql://neondb_owner:npg_RrVLk0A3iwGU@ep-muddy-band-acxjnbbp-pooler.sa-east-1.aws.neon.tech/neondb?sslmode=require&channel_binding=require'[39m
  }
}
[TEST SETUP] DATABASE_URL from .env.test: postgresql://neondb_owner:npg_RrVLk0A3iwGU@ep-muddy-band-acxjnbbp-pooler.sa-east-1.aws.neon.tech/neondb?sslmode=require&channel_binding=require
[TEST SETUP] Set TEST_DATABASE_URL from DATABASE_URL
[TEST SETUP] Deleted DATABASE_URL, TEST_DATABASE_URL: SET

 [32mΓ£ô[39m [35m|unit|[39m __tests__/__unit__/domain/user/entities/user.entity.test.ts [2m ([22m[2m26 tests[22m[2m)[22m[90m 79[2mms[22m[39m
[90mstdout[2m | __tests__/__unit__/domain/benchmark-history/entities/benchmark-history.entity.test.ts[22m[39m
[TEST SETUP] Loading .env.test from: C:\Users\moisreis\Projects\meta-investimentos\.env.test
Γùç injected env (1) from .env.test // tip: Γîÿ override existing { override: true }
[TEST SETUP] Dotenv result: {
  parsed: {
    DATABASE_URL: [32m'postgresql://neondb_owner:npg_RrVLk0A3iwGU@ep-muddy-band-acxjnbbp-pooler.sa-east-1.aws.neon.tech/neondb?sslmode=require&channel_binding=require'[39m
  }
}
[TEST SETUP] DATABASE_URL from .env.test: postgresql://neondb_owner:npg_RrVLk0A3iwGU@ep-muddy-band-acxjnbbp-pooler.sa-east-1.aws.neon.tech/neondb?sslmode=require&channel_binding=require
[TEST SETUP] Set TEST_DATABASE_URL from DATABASE_URL
[TEST SETUP] Deleted DATABASE_URL, TEST_DATABASE_URL: SET

[90mstdout[2m | __tests__/__unit__/services/position/mappers/position.mapper.test.ts[22m[39m
[TEST SETUP] Loading .env.test from: C:\Users\moisreis\Projects\meta-investimentos\.env.test
Γùç injected env (1) from .env.test // tip: Γîÿ enable debugging { debug: true }
[TEST SETUP] Dotenv result: {
  parsed: {
    DATABASE_URL: [32m'postgresql://neondb_owner:npg_RrVLk0A3iwGU@ep-muddy-band-acxjnbbp-pooler.sa-east-1.aws.neon.tech/neondb?sslmode=require&channel_binding=require'[39m
  }
}
[TEST SETUP] DATABASE_URL from .env.test: postgresql://neondb_owner:npg_RrVLk0A3iwGU@ep-muddy-band-acxjnbbp-pooler.sa-east-1.aws.neon.tech/neondb?sslmode=require&channel_binding=require
[TEST SETUP] Set TEST_DATABASE_URL from DATABASE_URL
[TEST SETUP] Deleted DATABASE_URL, TEST_DATABASE_URL: SET

 [32mΓ£ô[39m [35m|unit|[39m __tests__/__unit__/domain/benchmark-history/entities/benchmark-history.entity.test.ts [2m ([22m[2m17 tests[22m[2m)[22m[90m 27[2mms[22m[39m
 [32mΓ£ô[39m [35m|unit|[39m __tests__/__unit__/domain/user/events/user-profile-updated.event.test.ts [2m ([22m[2m19 tests[22m[2m)[22m[90m 20[2mms[22m[39m
 [32mΓ£ô[39m [35m|unit|[39m __tests__/__unit__/domain/fund/events/fund-updated.event.test.ts [2m ([22m[2m18 tests[22m[2m)[22m[90m 28[2mms[22m[39m
[90mstdout[2m | __tests__/__unit__/domain/withdrawal/entities/withdrawal.entity.test.ts[22m[39m
[TEST SETUP] Loading .env.test from: C:\Users\moisreis\Projects\meta-investimentos\.env.test
Γùç injected env (1) from .env.test // tip: Γîÿ enable debugging { debug: true }
[TEST SETUP] Dotenv result: {
  parsed: {
    DATABASE_URL: [32m'postgresql://neondb_owner:npg_RrVLk0A3iwGU@ep-muddy-band-acxjnbbp-pooler.sa-east-1.aws.neon.tech/neondb?sslmode=require&channel_binding=require'[39m
  }
}
[TEST SETUP] DATABASE_URL from .env.test: postgresql://neondb_owner:npg_RrVLk0A3iwGU@ep-muddy-band-acxjnbbp-pooler.sa-east-1.aws.neon.tech/neondb?sslmode=require&channel_binding=require
[TEST SETUP] Set TEST_DATABASE_URL from DATABASE_URL
[TEST SETUP] Deleted DATABASE_URL, TEST_DATABASE_URL: SET

 [32mΓ£ô[39m [35m|unit|[39m __tests__/__unit__/services/position/mappers/position.mapper.test.ts [2m ([22m[2m21 tests[22m[2m)[22m[90m 134[2mms[22m[39m
 [32mΓ£ô[39m [35m|unit|[39m __tests__/__unit__/domain/application/entities/application.entity.test.ts [2m ([22m[2m20 tests[22m[2m)[22m[33m 324[2mms[22m[39m
 [32mΓ£ô[39m [35m|unit|[39m __tests__/__unit__/domain/withdrawal/entities/withdrawal.entity.test.ts [2m ([22m[2m20 tests[22m[2m)[22m[90m 62[2mms[22m[39m
[90mstdout[2m | __tests__/__unit__/infrastructure/position-performance/mappers/position-performance.mapper.test.ts[22m[39m
[TEST SETUP] Loading .env.test from: C:\Users\moisreis\Projects\meta-investimentos\.env.test
Γùç injected env (1) from .env.test // tip: Γîÿ custom filepath { path: '/custom/path/.env' }
[TEST SETUP] Dotenv result: {
  parsed: {
    DATABASE_URL: [32m'postgresql://neondb_owner:npg_RrVLk0A3iwGU@ep-muddy-band-acxjnbbp-pooler.sa-east-1.aws.neon.tech/neondb?sslmode=require&channel_binding=require'[39m
  }
}
[TEST SETUP] DATABASE_URL from .env.test: postgresql://neondb_owner:npg_RrVLk0A3iwGU@ep-muddy-band-acxjnbbp-pooler.sa-east-1.aws.neon.tech/neondb?sslmode=require&channel_binding=require
[TEST SETUP] Set TEST_DATABASE_URL from DATABASE_URL
[TEST SETUP] Deleted DATABASE_URL, TEST_DATABASE_URL: SET

[90mstdout[2m | __tests__/__unit__/services/position-performance/mappers/position-performance.mapper.test.ts[22m[39m
[TEST SETUP] Loading .env.test from: C:\Users\moisreis\Projects\meta-investimentos\.env.test
Γùç injected env (1) from .env.test // tip: Γùê encrypted .env [www.dotenvx.com]
[TEST SETUP] Dotenv result: {
  parsed: {
    DATABASE_URL: [32m'postgresql://neondb_owner:npg_RrVLk0A3iwGU@ep-muddy-band-acxjnbbp-pooler.sa-east-1.aws.neon.tech/neondb?sslmode=require&channel_binding=require'[39m
  }
}
[TEST SETUP] DATABASE_URL from .env.test: postgresql://neondb_owner:npg_RrVLk0A3iwGU@ep-muddy-band-acxjnbbp-pooler.sa-east-1.aws.neon.tech/neondb?sslmode=require&channel_binding=require
[TEST SETUP] Set TEST_DATABASE_URL from DATABASE_URL
[TEST SETUP] Deleted DATABASE_URL, TEST_DATABASE_URL: SET

[90mstdout[2m | __tests__/__unit__/services/norm/mappers/norm.mapper.test.ts[22m[39m
[TEST SETUP] Loading .env.test from: C:\Users\moisreis\Projects\meta-investimentos\.env.test
Γùç injected env (1) from .env.test // tip: Γîÿ suppress logs { quiet: true }
[TEST SETUP] Dotenv result: {
  parsed: {
    DATABASE_URL: [32m'postgresql://neondb_owner:npg_RrVLk0A3iwGU@ep-muddy-band-acxjnbbp-pooler.sa-east-1.aws.neon.tech/neondb?sslmode=require&channel_binding=require'[39m
  }
}
[TEST SETUP] DATABASE_URL from .env.test: postgresql://neondb_owner:npg_RrVLk0A3iwGU@ep-muddy-band-acxjnbbp-pooler.sa-east-1.aws.neon.tech/neondb?sslmode=require&channel_binding=require
[TEST SETUP] Set TEST_DATABASE_URL from DATABASE_URL
[TEST SETUP] Deleted DATABASE_URL, TEST_DATABASE_URL: SET

[90mstdout[2m | __tests__/__unit__/domain/bank/entities/bank.entity.test.ts[22m[39m
[TEST SETUP] Loading .env.test from: C:\Users\moisreis\Projects\meta-investimentos\.env.test
Γùç injected env (1) from .env.test // tip: Γîÿ custom filepath { path: '/custom/path/.env' }
[TEST SETUP] Dotenv result: {
  parsed: {
    DATABASE_URL: [32m'postgresql://neondb_owner:npg_RrVLk0A3iwGU@ep-muddy-band-acxjnbbp-pooler.sa-east-1.aws.neon.tech/neondb?sslmode=require&channel_binding=require'[39m
  }
}
[TEST SETUP] DATABASE_URL from .env.test: postgresql://neondb_owner:npg_RrVLk0A3iwGU@ep-muddy-band-acxjnbbp-pooler.sa-east-1.aws.neon.tech/neondb?sslmode=require&channel_binding=require
[TEST SETUP] Set TEST_DATABASE_URL from DATABASE_URL
[TEST SETUP] Deleted DATABASE_URL, TEST_DATABASE_URL: SET

[90mstdout[2m | __tests__/__unit__/domain/position/calculators/daily-factor.calculator.test.ts[22m[39m
[TEST SETUP] Loading .env.test from: C:\Users\moisreis\Projects\meta-investimentos\.env.test
Γùç injected env (1) from .env.test // tip: Γùê encrypted .env [www.dotenvx.com]
[TEST SETUP] Dotenv result: {
  parsed: {
    DATABASE_URL: [32m'postgresql://neondb_owner:npg_RrVLk0A3iwGU@ep-muddy-band-acxjnbbp-pooler.sa-east-1.aws.neon.tech/neondb?sslmode=require&channel_binding=require'[39m
  }
}
[TEST SETUP] DATABASE_URL from .env.test: postgresql://neondb_owner:npg_RrVLk0A3iwGU@ep-muddy-band-acxjnbbp-pooler.sa-east-1.aws.neon.tech/neondb?sslmode=require&channel_binding=require
[TEST SETUP] Set TEST_DATABASE_URL from DATABASE_URL
[TEST SETUP] Deleted DATABASE_URL, TEST_DATABASE_URL: SET

[90mstdout[2m | __tests__/__unit__/services/norms-portfolio/mappers/norms-portfolio.mapper.test.ts[22m[39m
[TEST SETUP] Loading .env.test from: C:\Users\moisreis\Projects\meta-investimentos\.env.test
Γùç injected env (1) from .env.test // tip: Γîü auth for agents [www.vestauth.com]
[TEST SETUP] Dotenv result: {
  parsed: {
    DATABASE_URL: [32m'postgresql://neondb_owner:npg_RrVLk0A3iwGU@ep-muddy-band-acxjnbbp-pooler.sa-east-1.aws.neon.tech/neondb?sslmode=require&channel_binding=require'[39m
  }
}
[TEST SETUP] DATABASE_URL from .env.test: postgresql://neondb_owner:npg_RrVLk0A3iwGU@ep-muddy-band-acxjnbbp-pooler.sa-east-1.aws.neon.tech/neondb?sslmode=require&channel_binding=require
[TEST SETUP] Set TEST_DATABASE_URL from DATABASE_URL
[TEST SETUP] Deleted DATABASE_URL, TEST_DATABASE_URL: SET

 [32mΓ£ô[39m [35m|unit|[39m __tests__/__unit__/infrastructure/position-performance/mappers/position-performance.mapper.test.ts [2m ([22m[2m7 tests[22m[2m)[22m[90m 16[2mms[22m[39m
 [32mΓ£ô[39m [35m|unit|[39m __tests__/__unit__/services/position-performance/mappers/position-performance.mapper.test.ts [2m ([22m[2m18 tests[22m[2m)[22m[90m 19[2mms[22m[39m
 [32mΓ£ô[39m [35m|unit|[39m __tests__/__unit__/services/norm/mappers/norm.mapper.test.ts [2m ([22m[2m16 tests[22m[2m)[22m[90m 18[2mms[22m[39m
 [32mΓ£ô[39m [35m|unit|[39m __tests__/__unit__/domain/bank/entities/bank.entity.test.ts [2m ([22m[2m22 tests[22m[2m)[22m[90m 21[2mms[22m[39m
 [32mΓ£ô[39m [35m|unit|[39m __tests__/__unit__/domain/position/calculators/daily-factor.calculator.test.ts [2m ([22m[2m9 tests[22m[2m)[22m[90m 14[2mms[22m[39m
[90mstdout[2m | __tests__/__unit__/domain/benchmark/entities/benchmark.entity.test.ts[22m[39m
[TEST SETUP] Loading .env.test from: C:\Users\moisreis\Projects\meta-investimentos\.env.test
Γùç injected env (1) from .env.test // tip: Γîÿ custom filepath { path: '/custom/path/.env' }
[TEST SETUP] Dotenv result: {
  parsed: {
    DATABASE_URL: [32m'postgresql://neondb_owner:npg_RrVLk0A3iwGU@ep-muddy-band-acxjnbbp-pooler.sa-east-1.aws.neon.tech/neondb?sslmode=require&channel_binding=require'[39m
  }
}
[TEST SETUP] DATABASE_URL from .env.test: postgresql://neondb_owner:npg_RrVLk0A3iwGU@ep-muddy-band-acxjnbbp-pooler.sa-east-1.aws.neon.tech/neondb?sslmode=require&channel_binding=require
[TEST SETUP] Set TEST_DATABASE_URL from DATABASE_URL
[TEST SETUP] Deleted DATABASE_URL, TEST_DATABASE_URL: SET

 [32mΓ£ô[39m [35m|unit|[39m __tests__/__unit__/services/norms-portfolio/mappers/norms-portfolio.mapper.test.ts [2m ([22m[2m15 tests[22m[2m)[22m[90m 18[2mms[22m[39m
 [32mΓ£ô[39m [35m|unit|[39m __tests__/__unit__/domain/benchmark/entities/benchmark.entity.test.ts [2m ([22m[2m20 tests[22m[2m)[22m[90m 20[2mms[22m[39m
[90mstdout[2m | __tests__/__unit__/services/bank-account/use-cases/update-bank-account.use-case.test.ts[22m[39m
[TEST SETUP] Loading .env.test from: C:\Users\moisreis\Projects\meta-investimentos\.env.test
Γùç injected env (1) from .env.test // tip: Γùê secrets for agents [www.dotenvx.com]
[TEST SETUP] Dotenv result: {
  parsed: {
    DATABASE_URL: [32m'postgresql://neondb_owner:npg_RrVLk0A3iwGU@ep-muddy-band-acxjnbbp-pooler.sa-east-1.aws.neon.tech/neondb?sslmode=require&channel_binding=require'[39m
  }
}
[TEST SETUP] DATABASE_URL from .env.test: postgresql://neondb_owner:npg_RrVLk0A3iwGU@ep-muddy-band-acxjnbbp-pooler.sa-east-1.aws.neon.tech/neondb?sslmode=require&channel_binding=require
[TEST SETUP] Set TEST_DATABASE_URL from DATABASE_URL
[TEST SETUP] Deleted DATABASE_URL, TEST_DATABASE_URL: SET

[90mstdout[2m | __tests__/__unit__/infrastructure/application/mappers/application.mapper.test.ts[22m[39m
[TEST SETUP] Loading .env.test from: C:\Users\moisreis\Projects\meta-investimentos\.env.test
Γùç injected env (1) from .env.test // tip: Γîÿ override existing { override: true }
[TEST SETUP] Dotenv result: {
  parsed: {
    DATABASE_URL: [32m'postgresql://neondb_owner:npg_RrVLk0A3iwGU@ep-muddy-band-acxjnbbp-pooler.sa-east-1.aws.neon.tech/neondb?sslmode=require&channel_binding=require'[39m
  }
}
[TEST SETUP] DATABASE_URL from .env.test: postgresql://neondb_owner:npg_RrVLk0A3iwGU@ep-muddy-band-acxjnbbp-pooler.sa-east-1.aws.neon.tech/neondb?sslmode=require&channel_binding=require
[TEST SETUP] Set TEST_DATABASE_URL from DATABASE_URL
[TEST SETUP] Deleted DATABASE_URL, TEST_DATABASE_URL: SET

[90mstdout[2m | __tests__/__unit__/services/portfolio/mappers/portfolio.mapper.test.ts[22m[39m
[TEST SETUP] Loading .env.test from: C:\Users\moisreis\Projects\meta-investimentos\.env.test
Γùç injected env (1) from .env.test // tip: Γîÿ override existing { override: true }
[TEST SETUP] Dotenv result: {
  parsed: {
    DATABASE_URL: [32m'postgresql://neondb_owner:npg_RrVLk0A3iwGU@ep-muddy-band-acxjnbbp-pooler.sa-east-1.aws.neon.tech/neondb?sslmode=require&channel_binding=require'[39m
  }
}
[TEST SETUP] DATABASE_URL from .env.test: postgresql://neondb_owner:npg_RrVLk0A3iwGU@ep-muddy-band-acxjnbbp-pooler.sa-east-1.aws.neon.tech/neondb?sslmode=require&channel_binding=require
[TEST SETUP] Set TEST_DATABASE_URL from DATABASE_URL
[TEST SETUP] Deleted DATABASE_URL, TEST_DATABASE_URL: SET

[90mstdout[2m | __tests__/__unit__/domain/checking-account/entities/checking-account.entity.test.ts[22m[39m
[TEST SETUP] Loading .env.test from: C:\Users\moisreis\Projects\meta-investimentos\.env.test
Γùç injected env (1) from .env.test // tip: Γîÿ multiple files { path: ['.env.local', '.env'] }
[TEST SETUP] Dotenv result: {
  parsed: {
    DATABASE_URL: [32m'postgresql://neondb_owner:npg_RrVLk0A3iwGU@ep-muddy-band-acxjnbbp-pooler.sa-east-1.aws.neon.tech/neondb?sslmode=require&channel_binding=require'[39m
  }
}
[TEST SETUP] DATABASE_URL from .env.test: postgresql://neondb_owner:npg_RrVLk0A3iwGU@ep-muddy-band-acxjnbbp-pooler.sa-east-1.aws.neon.tech/neondb?sslmode=require&channel_binding=require
[TEST SETUP] Set TEST_DATABASE_URL from DATABASE_URL
[TEST SETUP] Deleted DATABASE_URL, TEST_DATABASE_URL: SET

[90mstdout[2m | __tests__/__unit__/services/norm/use-cases/update-norm.use-case.test.ts[22m[39m
[TEST SETUP] Loading .env.test from: C:\Users\moisreis\Projects\meta-investimentos\.env.test
Γùç injected env (1) from .env.test // tip: Γîÿ enable debugging { debug: true }
[TEST SETUP] Dotenv result: {
  parsed: {
    DATABASE_URL: [32m'postgresql://neondb_owner:npg_RrVLk0A3iwGU@ep-muddy-band-acxjnbbp-pooler.sa-east-1.aws.neon.tech/neondb?sslmode=require&channel_binding=require'[39m
  }
}
[TEST SETUP] DATABASE_URL from .env.test: postgresql://neondb_owner:npg_RrVLk0A3iwGU@ep-muddy-band-acxjnbbp-pooler.sa-east-1.aws.neon.tech/neondb?sslmode=require&channel_binding=require
[TEST SETUP] Set TEST_DATABASE_URL from DATABASE_URL
[TEST SETUP] Deleted DATABASE_URL, TEST_DATABASE_URL: SET

[90mstdout[2m | __tests__/__unit__/services/statement/use-cases/generate-statement.use-case.test.ts[22m[39m
[TEST SETUP] Loading .env.test from: C:\Users\moisreis\Projects\meta-investimentos\.env.test
Γùç injected env (1) from .env.test // tip: Γîü auth for agents [www.vestauth.com]
[TEST SETUP] Dotenv result: {
  parsed: {
    DATABASE_URL: [32m'postgresql://neondb_owner:npg_RrVLk0A3iwGU@ep-muddy-band-acxjnbbp-pooler.sa-east-1.aws.neon.tech/neondb?sslmode=require&channel_binding=require'[39m
  }
}
[TEST SETUP] DATABASE_URL from .env.test: postgresql://neondb_owner:npg_RrVLk0A3iwGU@ep-muddy-band-acxjnbbp-pooler.sa-east-1.aws.neon.tech/neondb?sslmode=require&channel_binding=require
[TEST SETUP] Set TEST_DATABASE_URL from DATABASE_URL
[TEST SETUP] Deleted DATABASE_URL, TEST_DATABASE_URL: SET

 [32mΓ£ô[39m [35m|unit|[39m __tests__/__unit__/services/portfolio/mappers/portfolio.mapper.test.ts [2m ([22m[2m15 tests[22m[2m)[22m[90m 22[2mms[22m[39m
 [32mΓ£ô[39m [35m|unit|[39m __tests__/__unit__/domain/checking-account/entities/checking-account.entity.test.ts [2m ([22m[2m16 tests[22m[2m)[22m[90m 22[2mms[22m[39m
 [32mΓ£ô[39m [35m|unit|[39m __tests__/__unit__/infrastructure/application/mappers/application.mapper.test.ts [2m ([22m[2m7 tests[22m[2m)[22m[90m 25[2mms[22m[39m
 [32mΓ£ô[39m [35m|unit|[39m __tests__/__unit__/services/bank-account/use-cases/update-bank-account.use-case.test.ts [2m ([22m[2m8 tests[22m[2m)[22m[90m 27[2mms[22m[39m
 [32mΓ£ô[39m [35m|unit|[39m __tests__/__unit__/services/norm/use-cases/update-norm.use-case.test.ts [2m ([22m[2m8 tests[22m[2m)[22m[90m 24[2mms[22m[39m
 [32mΓ£ô[39m [35m|unit|[39m __tests__/__unit__/services/statement/use-cases/generate-statement.use-case.test.ts [2m ([22m[2m10 tests[22m[2m)[22m[90m 25[2mms[22m[39m
[90mstdout[2m | __tests__/__unit__/infrastructure/position/mappers/position.mapper.test.ts[22m[39m
[TEST SETUP] Loading .env.test from: C:\Users\moisreis\Projects\meta-investimentos\.env.test
Γùç injected env (1) from .env.test // tip: Γîÿ multiple files { path: ['.env.local', '.env'] }
[TEST SETUP] Dotenv result: {
  parsed: {
    DATABASE_URL: [32m'postgresql://neondb_owner:npg_RrVLk0A3iwGU@ep-muddy-band-acxjnbbp-pooler.sa-east-1.aws.neon.tech/neondb?sslmode=require&channel_binding=require'[39m
  }
}
[TEST SETUP] DATABASE_URL from .env.test: postgresql://neondb_owner:npg_RrVLk0A3iwGU@ep-muddy-band-acxjnbbp-pooler.sa-east-1.aws.neon.tech/neondb?sslmode=require&channel_binding=require
[TEST SETUP] Set TEST_DATABASE_URL from DATABASE_URL
[TEST SETUP] Deleted DATABASE_URL, TEST_DATABASE_URL: SET

 [32mΓ£ô[39m [35m|unit|[39m __tests__/__unit__/infrastructure/position/mappers/position.mapper.test.ts [2m ([22m[2m7 tests[22m[2m)[22m[90m 17[2mms[22m[39m
[90mstdout[2m | __tests__/__unit__/services/norms-portfolio/use-cases/update-portfolio-norm.use-case.test.ts[22m[39m
[TEST SETUP] Loading .env.test from: C:\Users\moisreis\Projects\meta-investimentos\.env.test
Γùç injected env (1) from .env.test // tip: Γîÿ custom filepath { path: '/custom/path/.env' }
[TEST SETUP] Dotenv result: {
  parsed: {
    DATABASE_URL: [32m'postgresql://neondb_owner:npg_RrVLk0A3iwGU@ep-muddy-band-acxjnbbp-pooler.sa-east-1.aws.neon.tech/neondb?sslmode=require&channel_binding=require'[39m
  }
}
[TEST SETUP] DATABASE_URL from .env.test: postgresql://neondb_owner:npg_RrVLk0A3iwGU@ep-muddy-band-acxjnbbp-pooler.sa-east-1.aws.neon.tech/neondb?sslmode=require&channel_binding=require
[TEST SETUP] Set TEST_DATABASE_URL from DATABASE_URL
[TEST SETUP] Deleted DATABASE_URL, TEST_DATABASE_URL: SET

[90mstdout[2m | __tests__/__unit__/services/user/use-cases/create-user.use-case.test.ts[22m[39m
[TEST SETUP] Loading .env.test from: C:\Users\moisreis\Projects\meta-investimentos\.env.test
Γùç injected env (1) from .env.test // tip: Γîü auth for agents [www.vestauth.com]
[TEST SETUP] Dotenv result: {
  parsed: {
    DATABASE_URL: [32m'postgresql://neondb_owner:npg_RrVLk0A3iwGU@ep-muddy-band-acxjnbbp-pooler.sa-east-1.aws.neon.tech/neondb?sslmode=require&channel_binding=require'[39m
  }
}
[TEST SETUP] DATABASE_URL from .env.test: postgresql://neondb_owner:npg_RrVLk0A3iwGU@ep-muddy-band-acxjnbbp-pooler.sa-east-1.aws.neon.tech/neondb?sslmode=require&channel_binding=require
[TEST SETUP] Set TEST_DATABASE_URL from DATABASE_URL
[TEST SETUP] Deleted DATABASE_URL, TEST_DATABASE_URL: SET

[90mstdout[2m | __tests__/__unit__/services/fund/use-cases/update-fund.use-case.test.ts[22m[39m
[TEST SETUP] Loading .env.test from: C:\Users\moisreis\Projects\meta-investimentos\.env.test
Γùç injected env (1) from .env.test // tip: Γùê secrets for agents [www.dotenvx.com]
[TEST SETUP] Dotenv result: {
  parsed: {
    DATABASE_URL: [32m'postgresql://neondb_owner:npg_RrVLk0A3iwGU@ep-muddy-band-acxjnbbp-pooler.sa-east-1.aws.neon.tech/neondb?sslmode=require&channel_binding=require'[39m
  }
}
[TEST SETUP] DATABASE_URL from .env.test: postgresql://neondb_owner:npg_RrVLk0A3iwGU@ep-muddy-band-acxjnbbp-pooler.sa-east-1.aws.neon.tech/neondb?sslmode=require&channel_binding=require
[TEST SETUP] Set TEST_DATABASE_URL from DATABASE_URL
[TEST SETUP] Deleted DATABASE_URL, TEST_DATABASE_URL: SET

[90mstdout[2m | __tests__/__unit__/services/position/use-cases/redistribute-position-allocation.use-case.test.ts[22m[39m
[TEST SETUP] Loading .env.test from: C:\Users\moisreis\Projects\meta-investimentos\.env.test
Γùç injected env (1) from .env.test // tip: Γîÿ suppress logs { quiet: true }
[TEST SETUP] Dotenv result: {
  parsed: {
    DATABASE_URL: [32m'postgresql://neondb_owner:npg_RrVLk0A3iwGU@ep-muddy-band-acxjnbbp-pooler.sa-east-1.aws.neon.tech/neondb?sslmode=require&channel_binding=require'[39m
  }
}
[TEST SETUP] DATABASE_URL from .env.test: postgresql://neondb_owner:npg_RrVLk0A3iwGU@ep-muddy-band-acxjnbbp-pooler.sa-east-1.aws.neon.tech/neondb?sslmode=require&channel_binding=require
[TEST SETUP] Set TEST_DATABASE_URL from DATABASE_URL
[TEST SETUP] Deleted DATABASE_URL, TEST_DATABASE_URL: SET

 [32mΓ£ô[39m [35m|unit|[39m __tests__/__unit__/services/norms-portfolio/use-cases/update-portfolio-norm.use-case.test.ts [2m ([22m[2m8 tests[22m[2m)[22m[90m 26[2mms[22m[39m
[90mstdout[2m | __tests__/__unit__/services/withdrawal/use-cases/add-withdrawal.use-case.test.ts[22m[39m
[TEST SETUP] Loading .env.test from: C:\Users\moisreis\Projects\meta-investimentos\.env.test
Γùç injected env (1) from .env.test // tip: Γùê encrypted .env [www.dotenvx.com]
[TEST SETUP] Dotenv result: {
  parsed: {
    DATABASE_URL: [32m'postgresql://neondb_owner:npg_RrVLk0A3iwGU@ep-muddy-band-acxjnbbp-pooler.sa-east-1.aws.neon.tech/neondb?sslmode=require&channel_binding=require'[39m
  }
}
[TEST SETUP] DATABASE_URL from .env.test: postgresql://neondb_owner:npg_RrVLk0A3iwGU@ep-muddy-band-acxjnbbp-pooler.sa-east-1.aws.neon.tech/neondb?sslmode=require&channel_binding=require
[TEST SETUP] Set TEST_DATABASE_URL from DATABASE_URL
[TEST SETUP] Deleted DATABASE_URL, TEST_DATABASE_URL: SET

 [32mΓ£ô[39m [35m|unit|[39m __tests__/__unit__/services/user/use-cases/create-user.use-case.test.ts [2m ([22m[2m12 tests[22m[2m)[22m[90m 38[2mms[22m[39m
 [32mΓ£ô[39m [35m|unit|[39m __tests__/__unit__/services/position/use-cases/redistribute-position-allocation.use-case.test.ts [2m ([22m[2m5 tests[22m[2m)[22m[90m 21[2mms[22m[39m
 [32mΓ£ô[39m [35m|unit|[39m __tests__/__unit__/services/fund/use-cases/update-fund.use-case.test.ts [2m ([22m[2m8 tests[22m[2m)[22m[90m 27[2mms[22m[39m
[90mstdout[2m | __tests__/__unit__/domain/statement/entities/statement.entity.test.ts[22m[39m
[TEST SETUP] Loading .env.test from: C:\Users\moisreis\Projects\meta-investimentos\.env.test
Γùç injected env (1) from .env.test // tip: Γîü auth for agents [www.vestauth.com]
[TEST SETUP] Dotenv result: {
  parsed: {
    DATABASE_URL: [32m'postgresql://neondb_owner:npg_RrVLk0A3iwGU@ep-muddy-band-acxjnbbp-pooler.sa-east-1.aws.neon.tech/neondb?sslmode=require&channel_binding=require'[39m
  }
}
[TEST SETUP] DATABASE_URL from .env.test: postgresql://neondb_owner:npg_RrVLk0A3iwGU@ep-muddy-band-acxjnbbp-pooler.sa-east-1.aws.neon.tech/neondb?sslmode=require&channel_binding=require
[TEST SETUP] Set TEST_DATABASE_URL from DATABASE_URL
[TEST SETUP] Deleted DATABASE_URL, TEST_DATABASE_URL: SET

 [32mΓ£ô[39m [35m|unit|[39m __tests__/__unit__/services/withdrawal/use-cases/add-withdrawal.use-case.test.ts [2m ([22m[2m6 tests[22m[2m)[22m[90m 27[2mms[22m[39m
[90mstdout[2m | __tests__/__unit__/infrastructure/fund/mappers/fund.mapper.test.ts[22m[39m
[TEST SETUP] Loading .env.test from: C:\Users\moisreis\Projects\meta-investimentos\.env.test
Γùç injected env (1) from .env.test // tip: Γîÿ multiple files { path: ['.env.local', '.env'] }
[TEST SETUP] Dotenv result: {
  parsed: {
    DATABASE_URL: [32m'postgresql://neondb_owner:npg_RrVLk0A3iwGU@ep-muddy-band-acxjnbbp-pooler.sa-east-1.aws.neon.tech/neondb?sslmode=require&channel_binding=require'[39m
  }
}
[TEST SETUP] DATABASE_URL from .env.test: postgresql://neondb_owner:npg_RrVLk0A3iwGU@ep-muddy-band-acxjnbbp-pooler.sa-east-1.aws.neon.tech/neondb?sslmode=require&channel_binding=require
[TEST SETUP] Set TEST_DATABASE_URL from DATABASE_URL
[TEST SETUP] Deleted DATABASE_URL, TEST_DATABASE_URL: SET

 [32mΓ£ô[39m [35m|unit|[39m __tests__/__unit__/domain/statement/entities/statement.entity.test.ts [2m ([22m[2m17 tests[22m[2m)[22m[90m 18[2mms[22m[39m
[90mstdout[2m | __tests__/__unit__/infrastructure/withdrawal/mappers/withdrawal.mapper.test.ts[22m[39m
[TEST SETUP] Loading .env.test from: C:\Users\moisreis\Projects\meta-investimentos\.env.test
Γùç injected env (1) from .env.test // tip: Γîÿ multiple files { path: ['.env.local', '.env'] }
[TEST SETUP] Dotenv result: {
  parsed: {
    DATABASE_URL: [32m'postgresql://neondb_owner:npg_RrVLk0A3iwGU@ep-muddy-band-acxjnbbp-pooler.sa-east-1.aws.neon.tech/neondb?sslmode=require&channel_binding=require'[39m
  }
}
[TEST SETUP] DATABASE_URL from .env.test: postgresql://neondb_owner:npg_RrVLk0A3iwGU@ep-muddy-band-acxjnbbp-pooler.sa-east-1.aws.neon.tech/neondb?sslmode=require&channel_binding=require
[TEST SETUP] Set TEST_DATABASE_URL from DATABASE_URL
[TEST SETUP] Deleted DATABASE_URL, TEST_DATABASE_URL: SET

[90mstdout[2m | __tests__/__unit__/domain/transaction-allocation/entities/transaction-allocation.entity.test.ts[22m[39m
[TEST SETUP] Loading .env.test from: C:\Users\moisreis\Projects\meta-investimentos\.env.test
Γùç injected env (1) from .env.test // tip: Γîÿ override existing { override: true }
[TEST SETUP] Dotenv result: {
  parsed: {
    DATABASE_URL: [32m'postgresql://neondb_owner:npg_RrVLk0A3iwGU@ep-muddy-band-acxjnbbp-pooler.sa-east-1.aws.neon.tech/neondb?sslmode=require&channel_binding=require'[39m
  }
}
[TEST SETUP] DATABASE_URL from .env.test: postgresql://neondb_owner:npg_RrVLk0A3iwGU@ep-muddy-band-acxjnbbp-pooler.sa-east-1.aws.neon.tech/neondb?sslmode=require&channel_binding=require
[TEST SETUP] Set TEST_DATABASE_URL from DATABASE_URL
[TEST SETUP] Deleted DATABASE_URL, TEST_DATABASE_URL: SET

 [32mΓ£ô[39m [35m|unit|[39m __tests__/__unit__/infrastructure/fund/mappers/fund.mapper.test.ts [2m ([22m[2m7 tests[22m[2m)[22m[90m 17[2mms[22m[39m
 [32mΓ£ô[39m [35m|unit|[39m __tests__/__unit__/infrastructure/withdrawal/mappers/withdrawal.mapper.test.ts [2m ([22m[2m6 tests[22m[2m)[22m[90m 17[2mms[22m[39m
[90mstdout[2m | __tests__/__unit__/services/norm/use-cases/create-norm.use-case.test.ts[22m[39m
[TEST SETUP] Loading .env.test from: C:\Users\moisreis\Projects\meta-investimentos\.env.test
Γùç injected env (1) from .env.test // tip: Γîü auth for agents [www.vestauth.com]
[TEST SETUP] Dotenv result: {
  parsed: {
    DATABASE_URL: [32m'postgresql://neondb_owner:npg_RrVLk0A3iwGU@ep-muddy-band-acxjnbbp-pooler.sa-east-1.aws.neon.tech/neondb?sslmode=require&channel_binding=require'[39m
  }
}
[TEST SETUP] DATABASE_URL from .env.test: postgresql://neondb_owner:npg_RrVLk0A3iwGU@ep-muddy-band-acxjnbbp-pooler.sa-east-1.aws.neon.tech/neondb?sslmode=require&channel_binding=require
[TEST SETUP] Set TEST_DATABASE_URL from DATABASE_URL
[TEST SETUP] Deleted DATABASE_URL, TEST_DATABASE_URL: SET

[90mstdout[2m | __tests__/__unit__/domain/category/entities/category.entity.test.ts[22m[39m
[TEST SETUP] Loading .env.test from: C:\Users\moisreis\Projects\meta-investimentos\.env.test
Γùç injected env (1) from .env.test // tip: Γîÿ override existing { override: true }
[TEST SETUP] Dotenv result: {
  parsed: {
    DATABASE_URL: [32m'postgresql://neondb_owner:npg_RrVLk0A3iwGU@ep-muddy-band-acxjnbbp-pooler.sa-east-1.aws.neon.tech/neondb?sslmode=require&channel_binding=require'[39m
  }
}
[TEST SETUP] DATABASE_URL from .env.test: postgresql://neondb_owner:npg_RrVLk0A3iwGU@ep-muddy-band-acxjnbbp-pooler.sa-east-1.aws.neon.tech/neondb?sslmode=require&channel_binding=require
[TEST SETUP] Set TEST_DATABASE_URL from DATABASE_URL
[TEST SETUP] Deleted DATABASE_URL, TEST_DATABASE_URL: SET

 [32mΓ£ô[39m [35m|unit|[39m __tests__/__unit__/domain/transaction-allocation/entities/transaction-allocation.entity.test.ts [2m ([22m[2m15 tests[22m[2m)[22m[90m 18[2mms[22m[39m
[90mstdout[2m | __tests__/__unit__/infrastructure/account/mappers/account.mapper.test.ts[22m[39m
[TEST SETUP] Loading .env.test from: C:\Users\moisreis\Projects\meta-investimentos\.env.test
Γùç injected env (1) from .env.test // tip: Γùê encrypted .env [www.dotenvx.com]
[TEST SETUP] Dotenv result: {
  parsed: {
    DATABASE_URL: [32m'postgresql://neondb_owner:npg_RrVLk0A3iwGU@ep-muddy-band-acxjnbbp-pooler.sa-east-1.aws.neon.tech/neondb?sslmode=require&channel_binding=require'[39m
  }
}
[TEST SETUP] DATABASE_URL from .env.test: postgresql://neondb_owner:npg_RrVLk0A3iwGU@ep-muddy-band-acxjnbbp-pooler.sa-east-1.aws.neon.tech/neondb?sslmode=require&channel_binding=require
[TEST SETUP] Set TEST_DATABASE_URL from DATABASE_URL
[TEST SETUP] Deleted DATABASE_URL, TEST_DATABASE_URL: SET

[90mstdout[2m | __tests__/__unit__/services/portfolio-performance/use-cases/list-portfolio-performance-by-range.use-case.test.ts[22m[39m
[TEST SETUP] Loading .env.test from: C:\Users\moisreis\Projects\meta-investimentos\.env.test
Γùç injected env (1) from .env.test // tip: Γùê secrets for agents [www.dotenvx.com]
[TEST SETUP] Dotenv result: {
  parsed: {
    DATABASE_URL: [32m'postgresql://neondb_owner:npg_RrVLk0A3iwGU@ep-muddy-band-acxjnbbp-pooler.sa-east-1.aws.neon.tech/neondb?sslmode=require&channel_binding=require'[39m
  }
}
[TEST SETUP] DATABASE_URL from .env.test: postgresql://neondb_owner:npg_RrVLk0A3iwGU@ep-muddy-band-acxjnbbp-pooler.sa-east-1.aws.neon.tech/neondb?sslmode=require&channel_binding=require
[TEST SETUP] Set TEST_DATABASE_URL from DATABASE_URL
[TEST SETUP] Deleted DATABASE_URL, TEST_DATABASE_URL: SET

 [32mΓ£ô[39m [35m|unit|[39m __tests__/__unit__/domain/category/entities/category.entity.test.ts [2m ([22m[2m18 tests[22m[2m)[22m[90m 24[2mms[22m[39m
 [32mΓ£ô[39m [35m|unit|[39m __tests__/__unit__/services/norm/use-cases/create-norm.use-case.test.ts [2m ([22m[2m8 tests[22m[2m)[22m[90m 31[2mms[22m[39m
[90mstdout[2m | __tests__/__unit__/services/user/use-cases/update-user.use-case.test.ts[22m[39m
[TEST SETUP] Loading .env.test from: C:\Users\moisreis\Projects\meta-investimentos\.env.test
Γùç injected env (1) from .env.test // tip: Γîÿ override existing { override: true }
[TEST SETUP] Dotenv result: {
  parsed: {
    DATABASE_URL: [32m'postgresql://neondb_owner:npg_RrVLk0A3iwGU@ep-muddy-band-acxjnbbp-pooler.sa-east-1.aws.neon.tech/neondb?sslmode=require&channel_binding=require'[39m
  }
}
[TEST SETUP] DATABASE_URL from .env.test: postgresql://neondb_owner:npg_RrVLk0A3iwGU@ep-muddy-band-acxjnbbp-pooler.sa-east-1.aws.neon.tech/neondb?sslmode=require&channel_binding=require
[TEST SETUP] Set TEST_DATABASE_URL from DATABASE_URL
[TEST SETUP] Deleted DATABASE_URL, TEST_DATABASE_URL: SET

 [32mΓ£ô[39m [35m|unit|[39m __tests__/__unit__/infrastructure/account/mappers/account.mapper.test.ts [2m ([22m[2m6 tests[22m[2m)[22m[90m 18[2mms[22m[39m
 [32mΓ£ô[39m [35m|unit|[39m __tests__/__unit__/services/portfolio-performance/use-cases/list-portfolio-performance-by-range.use-case.test.ts [2m ([22m[2m6 tests[22m[2m)[22m[90m 20[2mms[22m[39m
[90mstdout[2m | __tests__/__unit__/infrastructure/portfolio/mappers/portfolio.mapper.test.ts[22m[39m
[TEST SETUP] Loading .env.test from: C:\Users\moisreis\Projects\meta-investimentos\.env.test
Γùç injected env (1) from .env.test // tip: Γîÿ suppress logs { quiet: true }
[TEST SETUP] Dotenv result: {
  parsed: {
    DATABASE_URL: [32m'postgresql://neondb_owner:npg_RrVLk0A3iwGU@ep-muddy-band-acxjnbbp-pooler.sa-east-1.aws.neon.tech/neondb?sslmode=require&channel_binding=require'[39m
  }
}
[TEST SETUP] DATABASE_URL from .env.test: postgresql://neondb_owner:npg_RrVLk0A3iwGU@ep-muddy-band-acxjnbbp-pooler.sa-east-1.aws.neon.tech/neondb?sslmode=require&channel_binding=require
[TEST SETUP] Set TEST_DATABASE_URL from DATABASE_URL
[TEST SETUP] Deleted DATABASE_URL, TEST_DATABASE_URL: SET

[90mstdout[2m | __tests__/__unit__/domain/account/entities/account.entity.test.ts[22m[39m
[TEST SETUP] Loading .env.test from: C:\Users\moisreis\Projects\meta-investimentos\.env.test
Γùç injected env (1) from .env.test // tip: Γîÿ enable debugging { debug: true }
[TEST SETUP] Dotenv result: {
  parsed: {
    DATABASE_URL: [32m'postgresql://neondb_owner:npg_RrVLk0A3iwGU@ep-muddy-band-acxjnbbp-pooler.sa-east-1.aws.neon.tech/neondb?sslmode=require&channel_binding=require'[39m
  }
}
[TEST SETUP] DATABASE_URL from .env.test: postgresql://neondb_owner:npg_RrVLk0A3iwGU@ep-muddy-band-acxjnbbp-pooler.sa-east-1.aws.neon.tech/neondb?sslmode=require&channel_binding=require
[TEST SETUP] Set TEST_DATABASE_URL from DATABASE_URL
[TEST SETUP] Deleted DATABASE_URL, TEST_DATABASE_URL: SET

 [32mΓ£ô[39m [35m|unit|[39m __tests__/__unit__/services/user/use-cases/update-user.use-case.test.ts [2m ([22m[2m8 tests[22m[2m)[22m[90m 20[2mms[22m[39m
 [32mΓ£ô[39m [35m|unit|[39m __tests__/__unit__/domain/account/entities/account.entity.test.ts [2m ([22m[2m14 tests[22m[2m)[22m[90m 18[2mms[22m[39m
 [32mΓ£ô[39m [35m|unit|[39m __tests__/__unit__/infrastructure/portfolio/mappers/portfolio.mapper.test.ts [2m ([22m[2m5 tests[22m[2m)[22m[90m 16[2mms[22m[39m
[90mstdout[2m | __tests__/__unit__/domain/quota/entities/quota.entity.test.ts[22m[39m
[TEST SETUP] Loading .env.test from: C:\Users\moisreis\Projects\meta-investimentos\.env.test
Γùç injected env (1) from .env.test // tip: Γùê encrypted .env [www.dotenvx.com]
[TEST SETUP] Dotenv result: {
  parsed: {
    DATABASE_URL: [32m'postgresql://neondb_owner:npg_RrVLk0A3iwGU@ep-muddy-band-acxjnbbp-pooler.sa-east-1.aws.neon.tech/neondb?sslmode=require&channel_binding=require'[39m
  }
}
[TEST SETUP] DATABASE_URL from .env.test: postgresql://neondb_owner:npg_RrVLk0A3iwGU@ep-muddy-band-acxjnbbp-pooler.sa-east-1.aws.neon.tech/neondb?sslmode=require&channel_binding=require
[TEST SETUP] Set TEST_DATABASE_URL from DATABASE_URL
[TEST SETUP] Deleted DATABASE_URL, TEST_DATABASE_URL: SET

[90mstdout[2m | __tests__/__unit__/services/portfolio/use-cases/bulk-delete-portfolios.use-case.test.ts[22m[39m
[TEST SETUP] Loading .env.test from: C:\Users\moisreis\Projects\meta-investimentos\.env.test
Γùç injected env (1) from .env.test // tip: Γîÿ suppress logs { quiet: true }
[TEST SETUP] Dotenv result: {
  parsed: {
    DATABASE_URL: [32m'postgresql://neondb_owner:npg_RrVLk0A3iwGU@ep-muddy-band-acxjnbbp-pooler.sa-east-1.aws.neon.tech/neondb?sslmode=require&channel_binding=require'[39m
  }
}
[TEST SETUP] DATABASE_URL from .env.test: postgresql://neondb_owner:npg_RrVLk0A3iwGU@ep-muddy-band-acxjnbbp-pooler.sa-east-1.aws.neon.tech/neondb?sslmode=require&channel_binding=require
[TEST SETUP] Set TEST_DATABASE_URL from DATABASE_URL
[TEST SETUP] Deleted DATABASE_URL, TEST_DATABASE_URL: SET

 [32mΓ£ô[39m [35m|unit|[39m __tests__/__unit__/domain/quota/entities/quota.entity.test.ts [2m ([22m[2m18 tests[22m[2m)[22m[90m 25[2mms[22m[39m
[90mstdout[2m | __tests__/__unit__/infrastructure/statement/mappers/statement.mapper.test.ts[22m[39m
[TEST SETUP] Loading .env.test from: C:\Users\moisreis\Projects\meta-investimentos\.env.test
Γùç injected env (1) from .env.test // tip: Γîÿ override existing { override: true }
[TEST SETUP] Dotenv result: {
  parsed: {
    DATABASE_URL: [32m'postgresql://neondb_owner:npg_RrVLk0A3iwGU@ep-muddy-band-acxjnbbp-pooler.sa-east-1.aws.neon.tech/neondb?sslmode=require&channel_binding=require'[39m
  }
}
[TEST SETUP] DATABASE_URL from .env.test: postgresql://neondb_owner:npg_RrVLk0A3iwGU@ep-muddy-band-acxjnbbp-pooler.sa-east-1.aws.neon.tech/neondb?sslmode=require&channel_binding=require
[TEST SETUP] Set TEST_DATABASE_URL from DATABASE_URL
[TEST SETUP] Deleted DATABASE_URL, TEST_DATABASE_URL: SET

 [32mΓ£ô[39m [35m|unit|[39m __tests__/__unit__/services/portfolio/use-cases/bulk-delete-portfolios.use-case.test.ts [2m ([22m[2m6 tests[22m[2m)[22m[90m 18[2mms[22m[39m
[90mstdout[2m | __tests__/__unit__/domain/position/calculators/quotas-held.calculator.test.ts[22m[39m
[TEST SETUP] Loading .env.test from: C:\Users\moisreis\Projects\meta-investimentos\.env.test
Γùç injected env (1) from .env.test // tip: Γîÿ suppress logs { quiet: true }
[TEST SETUP] Dotenv result: {
  parsed: {
    DATABASE_URL: [32m'postgresql://neondb_owner:npg_RrVLk0A3iwGU@ep-muddy-band-acxjnbbp-pooler.sa-east-1.aws.neon.tech/neondb?sslmode=require&channel_binding=require'[39m
  }
}
[TEST SETUP] DATABASE_URL from .env.test: postgresql://neondb_owner:npg_RrVLk0A3iwGU@ep-muddy-band-acxjnbbp-pooler.sa-east-1.aws.neon.tech/neondb?sslmode=require&channel_binding=require
[TEST SETUP] Set TEST_DATABASE_URL from DATABASE_URL
[TEST SETUP] Deleted DATABASE_URL, TEST_DATABASE_URL: SET

[90mstdout[2m | __tests__/__unit__/services/benchmark/use-cases/update-benchmark.use-case.test.ts[22m[39m
[TEST SETUP] Loading .env.test from: C:\Users\moisreis\Projects\meta-investimentos\.env.test
Γùç injected env (1) from .env.test // tip: Γîÿ custom filepath { path: '/custom/path/.env' }
[TEST SETUP] Dotenv result: {
  parsed: {
    DATABASE_URL: [32m'postgresql://neondb_owner:npg_RrVLk0A3iwGU@ep-muddy-band-acxjnbbp-pooler.sa-east-1.aws.neon.tech/neondb?sslmode=require&channel_binding=require'[39m
  }
}
[TEST SETUP] DATABASE_URL from .env.test: postgresql://neondb_owner:npg_RrVLk0A3iwGU@ep-muddy-band-acxjnbbp-pooler.sa-east-1.aws.neon.tech/neondb?sslmode=require&channel_binding=require
[TEST SETUP] Set TEST_DATABASE_URL from DATABASE_URL
[TEST SETUP] Deleted DATABASE_URL, TEST_DATABASE_URL: SET

[90mstdout[2m | __tests__/__unit__/services/transaction-allocation/use-cases/allocate-transaction.use-case.test.ts[22m[39m
[TEST SETUP] Loading .env.test from: C:\Users\moisreis\Projects\meta-investimentos\.env.test
Γùç injected env (1) from .env.test // tip: Γîÿ custom filepath { path: '/custom/path/.env' }
[TEST SETUP] Dotenv result: {
  parsed: {
    DATABASE_URL: [32m'postgresql://neondb_owner:npg_RrVLk0A3iwGU@ep-muddy-band-acxjnbbp-pooler.sa-east-1.aws.neon.tech/neondb?sslmode=require&channel_binding=require'[39m
  }
}
[TEST SETUP] DATABASE_URL from .env.test: postgresql://neondb_owner:npg_RrVLk0A3iwGU@ep-muddy-band-acxjnbbp-pooler.sa-east-1.aws.neon.tech/neondb?sslmode=require&channel_binding=require
[TEST SETUP] Set TEST_DATABASE_URL from DATABASE_URL
[TEST SETUP] Deleted DATABASE_URL, TEST_DATABASE_URL: SET

[90mstdout[2m | __tests__/__unit__/domain/position/calculators/position-weight.calculator.test.ts[22m[39m
[TEST SETUP] Loading .env.test from: C:\Users\moisreis\Projects\meta-investimentos\.env.test
Γùç injected env (1) from .env.test // tip: Γîÿ multiple files { path: ['.env.local', '.env'] }
[TEST SETUP] Dotenv result: {
  parsed: {
    DATABASE_URL: [32m'postgresql://neondb_owner:npg_RrVLk0A3iwGU@ep-muddy-band-acxjnbbp-pooler.sa-east-1.aws.neon.tech/neondb?sslmode=require&channel_binding=require'[39m
  }
}
[TEST SETUP] DATABASE_URL from .env.test: postgresql://neondb_owner:npg_RrVLk0A3iwGU@ep-muddy-band-acxjnbbp-pooler.sa-east-1.aws.neon.tech/neondb?sslmode=require&channel_binding=require
[TEST SETUP] Set TEST_DATABASE_URL from DATABASE_URL
[TEST SETUP] Deleted DATABASE_URL, TEST_DATABASE_URL: SET

 [32mΓ£ô[39m [35m|unit|[39m __tests__/__unit__/infrastructure/statement/mappers/statement.mapper.test.ts [2m ([22m[2m8 tests[22m[2m)[22m[90m 17[2mms[22m[39m
 [32mΓ£ô[39m [35m|unit|[39m __tests__/__unit__/domain/position/calculators/quotas-held.calculator.test.ts [2m ([22m[2m9 tests[22m[2m)[22m[90m 14[2mms[22m[39m
 [32mΓ£ô[39m [35m|unit|[39m __tests__/__unit__/services/benchmark/use-cases/update-benchmark.use-case.test.ts [2m ([22m[2m7 tests[22m[2m)[22m[90m 18[2mms[22m[39m
 [32mΓ£ô[39m [35m|unit|[39m __tests__/__unit__/domain/position/calculators/position-weight.calculator.test.ts [2m ([22m[2m12 tests[22m[2m)[22m[90m 16[2mms[22m[39m
 [32mΓ£ô[39m [35m|unit|[39m __tests__/__unit__/services/transaction-allocation/use-cases/allocate-transaction.use-case.test.ts [2m ([22m[2m5 tests[22m[2m)[22m[90m 22[2mms[22m[39m
[90mstdout[2m | __tests__/__unit__/services/portfolio/use-cases/create-portfolio.use-case.test.ts[22m[39m
[TEST SETUP] Loading .env.test from: C:\Users\moisreis\Projects\meta-investimentos\.env.test
Γùç injected env (1) from .env.test // tip: Γîÿ override existing { override: true }
[TEST SETUP] Dotenv result: {
  parsed: {
    DATABASE_URL: [32m'postgresql://neondb_owner:npg_RrVLk0A3iwGU@ep-muddy-band-acxjnbbp-pooler.sa-east-1.aws.neon.tech/neondb?sslmode=require&channel_binding=require'[39m
  }
}
[TEST SETUP] DATABASE_URL from .env.test: postgresql://neondb_owner:npg_RrVLk0A3iwGU@ep-muddy-band-acxjnbbp-pooler.sa-east-1.aws.neon.tech/neondb?sslmode=require&channel_binding=require
[TEST SETUP] Set TEST_DATABASE_URL from DATABASE_URL
[TEST SETUP] Deleted DATABASE_URL, TEST_DATABASE_URL: SET

[90mstdout[2m | __tests__/__unit__/services/bank/use-cases/update-bank.use-case.test.ts[22m[39m
[TEST SETUP] Loading .env.test from: C:\Users\moisreis\Projects\meta-investimentos\.env.test
Γùç injected env (1) from .env.test // tip: Γùê encrypted .env [www.dotenvx.com]
[TEST SETUP] Dotenv result: {
  parsed: {
    DATABASE_URL: [32m'postgresql://neondb_owner:npg_RrVLk0A3iwGU@ep-muddy-band-acxjnbbp-pooler.sa-east-1.aws.neon.tech/neondb?sslmode=require&channel_binding=require'[39m
  }
}
[TEST SETUP] DATABASE_URL from .env.test: postgresql://neondb_owner:npg_RrVLk0A3iwGU@ep-muddy-band-acxjnbbp-pooler.sa-east-1.aws.neon.tech/neondb?sslmode=require&channel_binding=require
[TEST SETUP] Set TEST_DATABASE_URL from DATABASE_URL
[TEST SETUP] Deleted DATABASE_URL, TEST_DATABASE_URL: SET

 [32mΓ£ô[39m [35m|unit|[39m __tests__/__unit__/services/portfolio/use-cases/create-portfolio.use-case.test.ts [2m ([22m[2m7 tests[22m[2m)[22m[90m 23[2mms[22m[39m
[90mstdout[2m | __tests__/__unit__/infrastructure/norm/mappers/norm.mapper.test.ts[22m[39m
[TEST SETUP] Loading .env.test from: C:\Users\moisreis\Projects\meta-investimentos\.env.test
Γùç injected env (1) from .env.test // tip: Γùê secrets for agents [www.dotenvx.com]
[TEST SETUP] Dotenv result: {
  parsed: {
    DATABASE_URL: [32m'postgresql://neondb_owner:npg_RrVLk0A3iwGU@ep-muddy-band-acxjnbbp-pooler.sa-east-1.aws.neon.tech/neondb?sslmode=require&channel_binding=require'[39m
  }
}
[TEST SETUP] DATABASE_URL from .env.test: postgresql://neondb_owner:npg_RrVLk0A3iwGU@ep-muddy-band-acxjnbbp-pooler.sa-east-1.aws.neon.tech/neondb?sslmode=require&channel_binding=require
[TEST SETUP] Set TEST_DATABASE_URL from DATABASE_URL
[TEST SETUP] Deleted DATABASE_URL, TEST_DATABASE_URL: SET

 [32mΓ£ô[39m [35m|unit|[39m __tests__/__unit__/services/bank/use-cases/update-bank.use-case.test.ts [2m ([22m[2m7 tests[22m[2m)[22m[90m 25[2mms[22m[39m
[90mstdout[2m | __tests__/__unit__/services/fund/use-cases/create-fund.use-case.test.ts[22m[39m
[TEST SETUP] Loading .env.test from: C:\Users\moisreis\Projects\meta-investimentos\.env.test
Γùç injected env (1) from .env.test // tip: Γîÿ suppress logs { quiet: true }
[TEST SETUP] Dotenv result: {
  parsed: {
    DATABASE_URL: [32m'postgresql://neondb_owner:npg_RrVLk0A3iwGU@ep-muddy-band-acxjnbbp-pooler.sa-east-1.aws.neon.tech/neondb?sslmode=require&channel_binding=require'[39m
  }
}
[TEST SETUP] DATABASE_URL from .env.test: postgresql://neondb_owner:npg_RrVLk0A3iwGU@ep-muddy-band-acxjnbbp-pooler.sa-east-1.aws.neon.tech/neondb?sslmode=require&channel_binding=require
[TEST SETUP] Set TEST_DATABASE_URL from DATABASE_URL
[TEST SETUP] Deleted DATABASE_URL, TEST_DATABASE_URL: SET

[90mstdout[2m | __tests__/__unit__/domain/audit-log/entities/audit-log.entity.test.ts[22m[39m
[TEST SETUP] Loading .env.test from: C:\Users\moisreis\Projects\meta-investimentos\.env.test
Γùç injected env (1) from .env.test // tip: Γîü auth for agents [www.vestauth.com]
[TEST SETUP] Dotenv result: {
  parsed: {
    DATABASE_URL: [32m'postgresql://neondb_owner:npg_RrVLk0A3iwGU@ep-muddy-band-acxjnbbp-pooler.sa-east-1.aws.neon.tech/neondb?sslmode=require&channel_binding=require'[39m
  }
}
[TEST SETUP] DATABASE_URL from .env.test: postgresql://neondb_owner:npg_RrVLk0A3iwGU@ep-muddy-band-acxjnbbp-pooler.sa-east-1.aws.neon.tech/neondb?sslmode=require&channel_binding=require
[TEST SETUP] Set TEST_DATABASE_URL from DATABASE_URL
[TEST SETUP] Deleted DATABASE_URL, TEST_DATABASE_URL: SET

 [32mΓ£ô[39m [35m|unit|[39m __tests__/__unit__/infrastructure/norm/mappers/norm.mapper.test.ts [2m ([22m[2m5 tests[22m[2m)[22m[90m 18[2mms[22m[39m
[90mstdout[2m | __tests__/__unit__/services/transaction-allocation/mappers/transaction-allocation.mapper.test.ts[22m[39m
[TEST SETUP] Loading .env.test from: C:\Users\moisreis\Projects\meta-investimentos\.env.test
Γùç injected env (1) from .env.test // tip: Γîÿ multiple files { path: ['.env.local', '.env'] }
[TEST SETUP] Dotenv result: {
  parsed: {
    DATABASE_URL: [32m'postgresql://neondb_owner:npg_RrVLk0A3iwGU@ep-muddy-band-acxjnbbp-pooler.sa-east-1.aws.neon.tech/neondb?sslmode=require&channel_binding=require'[39m
  }
}
[TEST SETUP] DATABASE_URL from .env.test: postgresql://neondb_owner:npg_RrVLk0A3iwGU@ep-muddy-band-acxjnbbp-pooler.sa-east-1.aws.neon.tech/neondb?sslmode=require&channel_binding=require
[TEST SETUP] Set TEST_DATABASE_URL from DATABASE_URL
[TEST SETUP] Deleted DATABASE_URL, TEST_DATABASE_URL: SET

[90mstdout[2m | __tests__/__unit__/infrastructure/user/mappers/user.mapper.test.ts[22m[39m
[TEST SETUP] Loading .env.test from: C:\Users\moisreis\Projects\meta-investimentos\.env.test
Γùç injected env (1) from .env.test // tip: Γùê encrypted .env [www.dotenvx.com]
[TEST SETUP] Dotenv result: {
  parsed: {
    DATABASE_URL: [32m'postgresql://neondb_owner:npg_RrVLk0A3iwGU@ep-muddy-band-acxjnbbp-pooler.sa-east-1.aws.neon.tech/neondb?sslmode=require&channel_binding=require'[39m
  }
}
[TEST SETUP] DATABASE_URL from .env.test: postgresql://neondb_owner:npg_RrVLk0A3iwGU@ep-muddy-band-acxjnbbp-pooler.sa-east-1.aws.neon.tech/neondb?sslmode=require&channel_binding=require
[TEST SETUP] Set TEST_DATABASE_URL from DATABASE_URL
[TEST SETUP] Deleted DATABASE_URL, TEST_DATABASE_URL: SET

 [32mΓ£ô[39m [35m|unit|[39m __tests__/__unit__/domain/audit-log/entities/audit-log.entity.test.ts [2m ([22m[2m16 tests[22m[2m)[22m[90m 16[2mms[22m[39m
 [32mΓ£ô[39m [35m|unit|[39m __tests__/__unit__/services/transaction-allocation/mappers/transaction-allocation.mapper.test.ts [2m ([22m[2m12 tests[22m[2m)[22m[90m 18[2mms[22m[39m
 [32mΓ£ô[39m [35m|unit|[39m __tests__/__unit__/services/fund/use-cases/create-fund.use-case.test.ts [2m ([22m[2m9 tests[22m[2m)[22m[90m 55[2mms[22m[39m
[90mstdout[2m | __tests__/__unit__/services/checking-account/mappers/checking-account.mapper.test.ts[22m[39m
[TEST SETUP] Loading .env.test from: C:\Users\moisreis\Projects\meta-investimentos\.env.test
Γùç injected env (1) from .env.test // tip: Γîÿ custom filepath { path: '/custom/path/.env' }
[TEST SETUP] Dotenv result: {
  parsed: {
    DATABASE_URL: [32m'postgresql://neondb_owner:npg_RrVLk0A3iwGU@ep-muddy-band-acxjnbbp-pooler.sa-east-1.aws.neon.tech/neondb?sslmode=require&channel_binding=require'[39m
  }
}
[TEST SETUP] DATABASE_URL from .env.test: postgresql://neondb_owner:npg_RrVLk0A3iwGU@ep-muddy-band-acxjnbbp-pooler.sa-east-1.aws.neon.tech/neondb?sslmode=require&channel_binding=require
[TEST SETUP] Set TEST_DATABASE_URL from DATABASE_URL
[TEST SETUP] Deleted DATABASE_URL, TEST_DATABASE_URL: SET

 [32mΓ£ô[39m [35m|unit|[39m __tests__/__unit__/infrastructure/user/mappers/user.mapper.test.ts [2m ([22m[2m7 tests[22m[2m)[22m[90m 15[2mms[22m[39m
 [32mΓ£ô[39m [35m|unit|[39m __tests__/__unit__/services/checking-account/mappers/checking-account.mapper.test.ts [2m ([22m[2m11 tests[22m[2m)[22m[90m 19[2mms[22m[39m
[90mstdout[2m | __tests__/__unit__/services/portfolio-performance/use-cases/get-portfolio-performance.use-case.test.ts[22m[39m
[TEST SETUP] Loading .env.test from: C:\Users\moisreis\Projects\meta-investimentos\.env.test
Γùç injected env (1) from .env.test // tip: Γîÿ override existing { override: true }
[TEST SETUP] Dotenv result: {
  parsed: {
    DATABASE_URL: [32m'postgresql://neondb_owner:npg_RrVLk0A3iwGU@ep-muddy-band-acxjnbbp-pooler.sa-east-1.aws.neon.tech/neondb?sslmode=require&channel_binding=require'[39m
  }
}
[TEST SETUP] DATABASE_URL from .env.test: postgresql://neondb_owner:npg_RrVLk0A3iwGU@ep-muddy-band-acxjnbbp-pooler.sa-east-1.aws.neon.tech/neondb?sslmode=require&channel_binding=require
[TEST SETUP] Set TEST_DATABASE_URL from DATABASE_URL
[TEST SETUP] Deleted DATABASE_URL, TEST_DATABASE_URL: SET

[90mstdout[2m | __tests__/__unit__/services/bank-account/use-cases/list-bank-accounts.use-case.test.ts[22m[39m
[TEST SETUP] Loading .env.test from: C:\Users\moisreis\Projects\meta-investimentos\.env.test
Γùç injected env (1) from .env.test // tip: Γîü auth for agents [www.vestauth.com]
[TEST SETUP] Dotenv result: {
  parsed: {
    DATABASE_URL: [32m'postgresql://neondb_owner:npg_RrVLk0A3iwGU@ep-muddy-band-acxjnbbp-pooler.sa-east-1.aws.neon.tech/neondb?sslmode=require&channel_binding=require'[39m
  }
}
[TEST SETUP] DATABASE_URL from .env.test: postgresql://neondb_owner:npg_RrVLk0A3iwGU@ep-muddy-band-acxjnbbp-pooler.sa-east-1.aws.neon.tech/neondb?sslmode=require&channel_binding=require
[TEST SETUP] Set TEST_DATABASE_URL from DATABASE_URL
[TEST SETUP] Deleted DATABASE_URL, TEST_DATABASE_URL: SET

 [32mΓ£ô[39m [35m|unit|[39m __tests__/__unit__/services/portfolio-performance/use-cases/get-portfolio-performance.use-case.test.ts [2m ([22m[2m5 tests[22m[2m)[22m[90m 22[2mms[22m[39m
[90mstdout[2m | __tests__/__unit__/services/portfolio/use-cases/list-portfolio-row-summaries.use-case.test.ts[22m[39m
[TEST SETUP] Loading .env.test from: C:\Users\moisreis\Projects\meta-investimentos\.env.test
Γùç injected env (1) from .env.test // tip: Γîü auth for agents [www.vestauth.com]
[TEST SETUP] Dotenv result: {
  parsed: {
    DATABASE_URL: [32m'postgresql://neondb_owner:npg_RrVLk0A3iwGU@ep-muddy-band-acxjnbbp-pooler.sa-east-1.aws.neon.tech/neondb?sslmode=require&channel_binding=require'[39m
  }
}
[TEST SETUP] DATABASE_URL from .env.test: postgresql://neondb_owner:npg_RrVLk0A3iwGU@ep-muddy-band-acxjnbbp-pooler.sa-east-1.aws.neon.tech/neondb?sslmode=require&channel_binding=require
[TEST SETUP] Set TEST_DATABASE_URL from DATABASE_URL
[TEST SETUP] Deleted DATABASE_URL, TEST_DATABASE_URL: SET

 [32mΓ£ô[39m [35m|unit|[39m __tests__/__unit__/services/bank-account/use-cases/list-bank-accounts.use-case.test.ts [2m ([22m[2m3 tests[22m[2m)[22m[90m 15[2mms[22m[39m
[90mstdout[2m | __tests__/__unit__/services/position-performance/use-cases/list-all-position-performances.use-case.test.ts[22m[39m
[TEST SETUP] Loading .env.test from: C:\Users\moisreis\Projects\meta-investimentos\.env.test
Γùç injected env (1) from .env.test // tip: Γîÿ enable debugging { debug: true }
[TEST SETUP] Dotenv result: {
  parsed: {
    DATABASE_URL: [32m'postgresql://neondb_owner:npg_RrVLk0A3iwGU@ep-muddy-band-acxjnbbp-pooler.sa-east-1.aws.neon.tech/neondb?sslmode=require&channel_binding=require'[39m
  }
}
[TEST SETUP] DATABASE_URL from .env.test: postgresql://neondb_owner:npg_RrVLk0A3iwGU@ep-muddy-band-acxjnbbp-pooler.sa-east-1.aws.neon.tech/neondb?sslmode=require&channel_binding=require
[TEST SETUP] Set TEST_DATABASE_URL from DATABASE_URL
[TEST SETUP] Deleted DATABASE_URL, TEST_DATABASE_URL: SET

[90mstdout[2m | __tests__/__unit__/domain/session/entities/session.entity.test.ts[22m[39m
[TEST SETUP] Loading .env.test from: C:\Users\moisreis\Projects\meta-investimentos\.env.test
Γùç injected env (1) from .env.test // tip: Γùê secrets for agents [www.dotenvx.com]
[TEST SETUP] Dotenv result: {
  parsed: {
    DATABASE_URL: [32m'postgresql://neondb_owner:npg_RrVLk0A3iwGU@ep-muddy-band-acxjnbbp-pooler.sa-east-1.aws.neon.tech/neondb?sslmode=require&channel_binding=require'[39m
  }
}
[TEST SETUP] DATABASE_URL from .env.test: postgresql://neondb_owner:npg_RrVLk0A3iwGU@ep-muddy-band-acxjnbbp-pooler.sa-east-1.aws.neon.tech/neondb?sslmode=require&channel_binding=require
[TEST SETUP] Set TEST_DATABASE_URL from DATABASE_URL
[TEST SETUP] Deleted DATABASE_URL, TEST_DATABASE_URL: SET

[90mstdout[2m | __tests__/__unit__/services/benchmark-history/use-cases/list-benchmark-history.use-case.test.ts[22m[39m
[TEST SETUP] Loading .env.test from: C:\Users\moisreis\Projects\meta-investimentos\.env.test
Γùç injected env (1) from .env.test // tip: Γùê secrets for agents [www.dotenvx.com]
[TEST SETUP] Dotenv result: {
  parsed: {
    DATABASE_URL: [32m'postgresql://neondb_owner:npg_RrVLk0A3iwGU@ep-muddy-band-acxjnbbp-pooler.sa-east-1.aws.neon.tech/neondb?sslmode=require&channel_binding=require'[39m
  }
}
[TEST SETUP] DATABASE_URL from .env.test: postgresql://neondb_owner:npg_RrVLk0A3iwGU@ep-muddy-band-acxjnbbp-pooler.sa-east-1.aws.neon.tech/neondb?sslmode=require&channel_binding=require
[TEST SETUP] Set TEST_DATABASE_URL from DATABASE_URL
[TEST SETUP] Deleted DATABASE_URL, TEST_DATABASE_URL: SET

 [32mΓ£ô[39m [35m|unit|[39m __tests__/__unit__/domain/session/entities/session.entity.test.ts [2m ([22m[2m15 tests[22m[2m)[22m[90m 15[2mms[22m[39m
 [32mΓ£ô[39m [35m|unit|[39m __tests__/__unit__/services/portfolio/use-cases/list-portfolio-row-summaries.use-case.test.ts [2m ([22m[2m6 tests[22m[2m)[22m[90m 17[2mms[22m[39m
 [32mΓ£ô[39m [35m|unit|[39m __tests__/__unit__/services/position-performance/use-cases/list-all-position-performances.use-case.test.ts [2m ([22m[2m5 tests[22m[2m)[22m[90m 17[2mms[22m[39m
[90mstdout[2m | __tests__/__unit__/services/benchmark-history/mappers/benchmark-history.mapper.test.ts[22m[39m
[TEST SETUP] Loading .env.test from: C:\Users\moisreis\Projects\meta-investimentos\.env.test
Γùç injected env (1) from .env.test // tip: Γùê secrets for agents [www.dotenvx.com]
[TEST SETUP] Dotenv result: {
  parsed: {
    DATABASE_URL: [32m'postgresql://neondb_owner:npg_RrVLk0A3iwGU@ep-muddy-band-acxjnbbp-pooler.sa-east-1.aws.neon.tech/neondb?sslmode=require&channel_binding=require'[39m
  }
}
[TEST SETUP] DATABASE_URL from .env.test: postgresql://neondb_owner:npg_RrVLk0A3iwGU@ep-muddy-band-acxjnbbp-pooler.sa-east-1.aws.neon.tech/neondb?sslmode=require&channel_binding=require
[TEST SETUP] Set TEST_DATABASE_URL from DATABASE_URL
[TEST SETUP] Deleted DATABASE_URL, TEST_DATABASE_URL: SET

 [32mΓ£ô[39m [35m|unit|[39m __tests__/__unit__/services/benchmark-history/use-cases/list-benchmark-history.use-case.test.ts [2m ([22m[2m3 tests[22m[2m)[22m[90m 16[2mms[22m[39m
[90mstdout[2m | __tests__/__unit__/services/position/use-cases/update-position.use-case.test.ts[22m[39m
[TEST SETUP] Loading .env.test from: C:\Users\moisreis\Projects\meta-investimentos\.env.test
Γùç injected env (1) from .env.test // tip: Γîü auth for agents [www.vestauth.com]
[TEST SETUP] Dotenv result: {
  parsed: {
    DATABASE_URL: [32m'postgresql://neondb_owner:npg_RrVLk0A3iwGU@ep-muddy-band-acxjnbbp-pooler.sa-east-1.aws.neon.tech/neondb?sslmode=require&channel_binding=require'[39m
  }
}
[TEST SETUP] DATABASE_URL from .env.test: postgresql://neondb_owner:npg_RrVLk0A3iwGU@ep-muddy-band-acxjnbbp-pooler.sa-east-1.aws.neon.tech/neondb?sslmode=require&channel_binding=require
[TEST SETUP] Set TEST_DATABASE_URL from DATABASE_URL
[TEST SETUP] Deleted DATABASE_URL, TEST_DATABASE_URL: SET

[90mstdout[2m | __tests__/__unit__/services/benchmark-history/use-cases/record-benchmark-history.use-case.test.ts[22m[39m
[TEST SETUP] Loading .env.test from: C:\Users\moisreis\Projects\meta-investimentos\.env.test
Γùç injected env (1) from .env.test // tip: Γùê secrets for agents [www.dotenvx.com]
[TEST SETUP] Dotenv result: {
  parsed: {
    DATABASE_URL: [32m'postgresql://neondb_owner:npg_RrVLk0A3iwGU@ep-muddy-band-acxjnbbp-pooler.sa-east-1.aws.neon.tech/neondb?sslmode=require&channel_binding=require'[39m
  }
}
[TEST SETUP] DATABASE_URL from .env.test: postgresql://neondb_owner:npg_RrVLk0A3iwGU@ep-muddy-band-acxjnbbp-pooler.sa-east-1.aws.neon.tech/neondb?sslmode=require&channel_binding=require
[TEST SETUP] Set TEST_DATABASE_URL from DATABASE_URL
[TEST SETUP] Deleted DATABASE_URL, TEST_DATABASE_URL: SET

 [32mΓ£ô[39m [35m|unit|[39m __tests__/__unit__/services/benchmark-history/mappers/benchmark-history.mapper.test.ts [2m ([22m[2m12 tests[22m[2m)[22m[90m 18[2mms[22m[39m
 [32mΓ£ô[39m [35m|unit|[39m __tests__/__unit__/services/position/use-cases/update-position.use-case.test.ts [2m ([22m[2m6 tests[22m[2m)[22m[90m 22[2mms[22m[39m
[90mstdout[2m | __tests__/__unit__/services/quota/use-cases/list-all-quotas.use-case.test.ts[22m[39m
[TEST SETUP] Loading .env.test from: C:\Users\moisreis\Projects\meta-investimentos\.env.test
Γùç injected env (1) from .env.test // tip: Γîÿ custom filepath { path: '/custom/path/.env' }
[TEST SETUP] Dotenv result: {
  parsed: {
    DATABASE_URL: [32m'postgresql://neondb_owner:npg_RrVLk0A3iwGU@ep-muddy-band-acxjnbbp-pooler.sa-east-1.aws.neon.tech/neondb?sslmode=require&channel_binding=require'[39m
  }
}
[TEST SETUP] DATABASE_URL from .env.test: postgresql://neondb_owner:npg_RrVLk0A3iwGU@ep-muddy-band-acxjnbbp-pooler.sa-east-1.aws.neon.tech/neondb?sslmode=require&channel_binding=require
[TEST SETUP] Set TEST_DATABASE_URL from DATABASE_URL
[TEST SETUP] Deleted DATABASE_URL, TEST_DATABASE_URL: SET

 [32mΓ£ô[39m [35m|unit|[39m __tests__/__unit__/services/benchmark-history/use-cases/record-benchmark-history.use-case.test.ts [2m ([22m[2m5 tests[22m[2m)[22m[90m 23[2mms[22m[39m
[90mstdout[2m | __tests__/__unit__/infrastructure/bank/mappers/bank.mapper.test.ts[22m[39m
[TEST SETUP] Loading .env.test from: C:\Users\moisreis\Projects\meta-investimentos\.env.test
Γùç injected env (1) from .env.test // tip: Γîÿ override existing { override: true }
[TEST SETUP] Dotenv result: {
  parsed: {
    DATABASE_URL: [32m'postgresql://neondb_owner:npg_RrVLk0A3iwGU@ep-muddy-band-acxjnbbp-pooler.sa-east-1.aws.neon.tech/neondb?sslmode=require&channel_binding=require'[39m
  }
}
[TEST SETUP] DATABASE_URL from .env.test: postgresql://neondb_owner:npg_RrVLk0A3iwGU@ep-muddy-band-acxjnbbp-pooler.sa-east-1.aws.neon.tech/neondb?sslmode=require&channel_binding=require
[TEST SETUP] Set TEST_DATABASE_URL from DATABASE_URL
[TEST SETUP] Deleted DATABASE_URL, TEST_DATABASE_URL: SET

[90mstdout[2m | __tests__/__unit__/services/checking-account/use-cases/list-checking-accounts-by-bank-accounts.use-case.test.ts[22m[39m
[TEST SETUP] Loading .env.test from: C:\Users\moisreis\Projects\meta-investimentos\.env.test
Γùç injected env (1) from .env.test // tip: Γîÿ custom filepath { path: '/custom/path/.env' }
[TEST SETUP] Dotenv result: {
  parsed: {
    DATABASE_URL: [32m'postgresql://neondb_owner:npg_RrVLk0A3iwGU@ep-muddy-band-acxjnbbp-pooler.sa-east-1.aws.neon.tech/neondb?sslmode=require&channel_binding=require'[39m
  }
}
[TEST SETUP] DATABASE_URL from .env.test: postgresql://neondb_owner:npg_RrVLk0A3iwGU@ep-muddy-band-acxjnbbp-pooler.sa-east-1.aws.neon.tech/neondb?sslmode=require&channel_binding=require
[TEST SETUP] Set TEST_DATABASE_URL from DATABASE_URL
[TEST SETUP] Deleted DATABASE_URL, TEST_DATABASE_URL: SET

[90mstdout[2m | __tests__/__unit__/domain/verification/entities/verification.entity.test.ts[22m[39m
[TEST SETUP] Loading .env.test from: C:\Users\moisreis\Projects\meta-investimentos\.env.test
Γùç injected env (1) from .env.test // tip: Γùê secrets for agents [www.dotenvx.com]
[TEST SETUP] Dotenv result: {
  parsed: {
    DATABASE_URL: [32m'postgresql://neondb_owner:npg_RrVLk0A3iwGU@ep-muddy-band-acxjnbbp-pooler.sa-east-1.aws.neon.tech/neondb?sslmode=require&channel_binding=require'[39m
  }
}
[TEST SETUP] DATABASE_URL from .env.test: postgresql://neondb_owner:npg_RrVLk0A3iwGU@ep-muddy-band-acxjnbbp-pooler.sa-east-1.aws.neon.tech/neondb?sslmode=require&channel_binding=require
[TEST SETUP] Set TEST_DATABASE_URL from DATABASE_URL
[TEST SETUP] Deleted DATABASE_URL, TEST_DATABASE_URL: SET

 [32mΓ£ô[39m [35m|unit|[39m __tests__/__unit__/services/quota/use-cases/list-all-quotas.use-case.test.ts [2m ([22m[2m6 tests[22m[2m)[22m[90m 18[2mms[22m[39m
 [32mΓ£ô[39m [35m|unit|[39m __tests__/__unit__/infrastructure/bank/mappers/bank.mapper.test.ts [2m ([22m[2m6 tests[22m[2m)[22m[90m 15[2mms[22m[39m
 [32mΓ£ô[39m [35m|unit|[39m __tests__/__unit__/services/checking-account/use-cases/list-checking-accounts-by-bank-accounts.use-case.test.ts [2m ([22m[2m4 tests[22m[2m)[22m[90m 16[2mms[22m[39m
[90mstdout[2m | __tests__/__unit__/domain/portfolio/calculators/daily-factor.calculator.test.ts[22m[39m
[TEST SETUP] Loading .env.test from: C:\Users\moisreis\Projects\meta-investimentos\.env.test
Γùç injected env (1) from .env.test // tip: Γîü auth for agents [www.vestauth.com]
[TEST SETUP] Dotenv result: {
  parsed: {
    DATABASE_URL: [32m'postgresql://neondb_owner:npg_RrVLk0A3iwGU@ep-muddy-band-acxjnbbp-pooler.sa-east-1.aws.neon.tech/neondb?sslmode=require&channel_binding=require'[39m
  }
}
[TEST SETUP] DATABASE_URL from .env.test: postgresql://neondb_owner:npg_RrVLk0A3iwGU@ep-muddy-band-acxjnbbp-pooler.sa-east-1.aws.neon.tech/neondb?sslmode=require&channel_binding=require
[TEST SETUP] Set TEST_DATABASE_URL from DATABASE_URL
[TEST SETUP] Deleted DATABASE_URL, TEST_DATABASE_URL: SET

 [32mΓ£ô[39m [35m|unit|[39m __tests__/__unit__/domain/verification/entities/verification.entity.test.ts [2m ([22m[2m14 tests[22m[2m)[22m[90m 16[2mms[22m[39m
[90mstdout[2m | __tests__/__unit__/infrastructure/transaction-allocation/mappers/transaction-allocation.mapper.test.ts[22m[39m
[TEST SETUP] Loading .env.test from: C:\Users\moisreis\Projects\meta-investimentos\.env.test
Γùç injected env (1) from .env.test // tip: Γîÿ override existing { override: true }
[TEST SETUP] Dotenv result: {
  parsed: {
    DATABASE_URL: [32m'postgresql://neondb_owner:npg_RrVLk0A3iwGU@ep-muddy-band-acxjnbbp-pooler.sa-east-1.aws.neon.tech/neondb?sslmode=require&channel_binding=require'[39m
  }
}
[TEST SETUP] DATABASE_URL from .env.test: postgresql://neondb_owner:npg_RrVLk0A3iwGU@ep-muddy-band-acxjnbbp-pooler.sa-east-1.aws.neon.tech/neondb?sslmode=require&channel_binding=require
[TEST SETUP] Set TEST_DATABASE_URL from DATABASE_URL
[TEST SETUP] Deleted DATABASE_URL, TEST_DATABASE_URL: SET

[90mstdout[2m | __tests__/__unit__/services/position-performance/use-cases/list-position-performance.use-case.test.ts[22m[39m
[TEST SETUP] Loading .env.test from: C:\Users\moisreis\Projects\meta-investimentos\.env.test
Γùç injected env (1) from .env.test // tip: Γîÿ custom filepath { path: '/custom/path/.env' }
[TEST SETUP] Dotenv result: {
  parsed: {
    DATABASE_URL: [32m'postgresql://neondb_owner:npg_RrVLk0A3iwGU@ep-muddy-band-acxjnbbp-pooler.sa-east-1.aws.neon.tech/neondb?sslmode=require&channel_binding=require'[39m
  }
}
[TEST SETUP] DATABASE_URL from .env.test: postgresql://neondb_owner:npg_RrVLk0A3iwGU@ep-muddy-band-acxjnbbp-pooler.sa-east-1.aws.neon.tech/neondb?sslmode=require&channel_binding=require
[TEST SETUP] Set TEST_DATABASE_URL from DATABASE_URL
[TEST SETUP] Deleted DATABASE_URL, TEST_DATABASE_URL: SET

 [32mΓ£ô[39m [35m|unit|[39m __tests__/__unit__/domain/portfolio/calculators/daily-factor.calculator.test.ts [2m ([22m[2m7 tests[22m[2m)[22m[90m 13[2mms[22m[39m
 [32mΓ£ô[39m [35m|unit|[39m __tests__/__unit__/infrastructure/transaction-allocation/mappers/transaction-allocation.mapper.test.ts [2m ([22m[2m5 tests[22m[2m)[22m[90m 15[2mms[22m[39m
[90mstdout[2m | __tests__/__unit__/services/category/use-cases/update-category.use-case.test.ts[22m[39m
[TEST SETUP] Loading .env.test from: C:\Users\moisreis\Projects\meta-investimentos\.env.test
Γùç injected env (1) from .env.test // tip: Γîü auth for agents [www.vestauth.com]
[TEST SETUP] Dotenv result: {
  parsed: {
    DATABASE_URL: [32m'postgresql://neondb_owner:npg_RrVLk0A3iwGU@ep-muddy-band-acxjnbbp-pooler.sa-east-1.aws.neon.tech/neondb?sslmode=require&channel_binding=require'[39m
  }
}
[TEST SETUP] DATABASE_URL from .env.test: postgresql://neondb_owner:npg_RrVLk0A3iwGU@ep-muddy-band-acxjnbbp-pooler.sa-east-1.aws.neon.tech/neondb?sslmode=require&channel_binding=require
[TEST SETUP] Set TEST_DATABASE_URL from DATABASE_URL
[TEST SETUP] Deleted DATABASE_URL, TEST_DATABASE_URL: SET

 [32mΓ£ô[39m [35m|unit|[39m __tests__/__unit__/services/position-performance/use-cases/list-position-performance.use-case.test.ts [2m ([22m[2m5 tests[22m[2m)[22m[90m 18[2mms[22m[39m
[90mstdout[2m | __tests__/__unit__/services/norms-portfolio/use-cases/detach-norm-from-portfolio.use-case.test.ts[22m[39m
[TEST SETUP] Loading .env.test from: C:\Users\moisreis\Projects\meta-investimentos\.env.test
Γùç injected env (1) from .env.test // tip: Γîÿ enable debugging { debug: true }
[TEST SETUP] Dotenv result: {
  parsed: {
    DATABASE_URL: [32m'postgresql://neondb_owner:npg_RrVLk0A3iwGU@ep-muddy-band-acxjnbbp-pooler.sa-east-1.aws.neon.tech/neondb?sslmode=require&channel_binding=require'[39m
  }
}
[TEST SETUP] DATABASE_URL from .env.test: postgresql://neondb_owner:npg_RrVLk0A3iwGU@ep-muddy-band-acxjnbbp-pooler.sa-east-1.aws.neon.tech/neondb?sslmode=require&channel_binding=require
[TEST SETUP] Set TEST_DATABASE_URL from DATABASE_URL
[TEST SETUP] Deleted DATABASE_URL, TEST_DATABASE_URL: SET

[90mstdout[2m | __tests__/__unit__/infrastructure/bank-account/mappers/bank-account.mapper.test.ts[22m[39m
[TEST SETUP] Loading .env.test from: C:\Users\moisreis\Projects\meta-investimentos\.env.test
Γùç injected env (1) from .env.test // tip: Γîÿ enable debugging { debug: true }
[TEST SETUP] Dotenv result: {
  parsed: {
    DATABASE_URL: [32m'postgresql://neondb_owner:npg_RrVLk0A3iwGU@ep-muddy-band-acxjnbbp-pooler.sa-east-1.aws.neon.tech/neondb?sslmode=require&channel_binding=require'[39m
  }
}
[TEST SETUP] DATABASE_URL from .env.test: postgresql://neondb_owner:npg_RrVLk0A3iwGU@ep-muddy-band-acxjnbbp-pooler.sa-east-1.aws.neon.tech/neondb?sslmode=require&channel_binding=require
[TEST SETUP] Set TEST_DATABASE_URL from DATABASE_URL
[TEST SETUP] Deleted DATABASE_URL, TEST_DATABASE_URL: SET

[90mstdout[2m | __tests__/__unit__/services/portfolio-performance/use-cases/list-portfolio-performance-dates.use-case.test.ts[22m[39m
[TEST SETUP] Loading .env.test from: C:\Users\moisreis\Projects\meta-investimentos\.env.test
Γùç injected env (1) from .env.test // tip: Γîü auth for agents [www.vestauth.com]
[TEST SETUP] Dotenv result: {
  parsed: {
    DATABASE_URL: [32m'postgresql://neondb_owner:npg_RrVLk0A3iwGU@ep-muddy-band-acxjnbbp-pooler.sa-east-1.aws.neon.tech/neondb?sslmode=require&channel_binding=require'[39m
  }
}
[TEST SETUP] DATABASE_URL from .env.test: postgresql://neondb_owner:npg_RrVLk0A3iwGU@ep-muddy-band-acxjnbbp-pooler.sa-east-1.aws.neon.tech/neondb?sslmode=require&channel_binding=require
[TEST SETUP] Set TEST_DATABASE_URL from DATABASE_URL
[TEST SETUP] Deleted DATABASE_URL, TEST_DATABASE_URL: SET

 [32mΓ£ô[39m [35m|unit|[39m __tests__/__unit__/services/norms-portfolio/use-cases/detach-norm-from-portfolio.use-case.test.ts [2m ([22m[2m6 tests[22m[2m)[22m[90m 16[2mms[22m[39m
 [32mΓ£ô[39m [35m|unit|[39m __tests__/__unit__/services/category/use-cases/update-category.use-case.test.ts [2m ([22m[2m6 tests[22m[2m)[22m[90m 25[2mms[22m[39m
[90mstdout[2m | __tests__/__unit__/services/user/use-cases/list-users.use-case.test.ts[22m[39m
[TEST SETUP] Loading .env.test from: C:\Users\moisreis\Projects\meta-investimentos\.env.test
Γùç injected env (1) from .env.test // tip: Γùê secrets for agents [www.dotenvx.com]
[TEST SETUP] Dotenv result: {
  parsed: {
    DATABASE_URL: [32m'postgresql://neondb_owner:npg_RrVLk0A3iwGU@ep-muddy-band-acxjnbbp-pooler.sa-east-1.aws.neon.tech/neondb?sslmode=require&channel_binding=require'[39m
  }
}
[TEST SETUP] DATABASE_URL from .env.test: postgresql://neondb_owner:npg_RrVLk0A3iwGU@ep-muddy-band-acxjnbbp-pooler.sa-east-1.aws.neon.tech/neondb?sslmode=require&channel_binding=require
[TEST SETUP] Set TEST_DATABASE_URL from DATABASE_URL
[TEST SETUP] Deleted DATABASE_URL, TEST_DATABASE_URL: SET

 [32mΓ£ô[39m [35m|unit|[39m __tests__/__unit__/infrastructure/bank-account/mappers/bank-account.mapper.test.ts [2m ([22m[2m5 tests[22m[2m)[22m[90m 13[2mms[22m[39m
 [32mΓ£ô[39m [35m|unit|[39m __tests__/__unit__/services/portfolio-performance/use-cases/list-portfolio-performance-dates.use-case.test.ts [2m ([22m[2m5 tests[22m[2m)[22m[90m 17[2mms[22m[39m
[90mstdout[2m | __tests__/__unit__/services/portfolio/use-cases/delete-portfolio.use-case.test.ts[22m[39m
[TEST SETUP] Loading .env.test from: C:\Users\moisreis\Projects\meta-investimentos\.env.test
Γùç injected env (1) from .env.test // tip: Γùê secrets for agents [www.dotenvx.com]
[TEST SETUP] Dotenv result: {
  parsed: {
    DATABASE_URL: [32m'postgresql://neondb_owner:npg_RrVLk0A3iwGU@ep-muddy-band-acxjnbbp-pooler.sa-east-1.aws.neon.tech/neondb?sslmode=require&channel_binding=require'[39m
  }
}
[TEST SETUP] DATABASE_URL from .env.test: postgresql://neondb_owner:npg_RrVLk0A3iwGU@ep-muddy-band-acxjnbbp-pooler.sa-east-1.aws.neon.tech/neondb?sslmode=require&channel_binding=require
[TEST SETUP] Set TEST_DATABASE_URL from DATABASE_URL
[TEST SETUP] Deleted DATABASE_URL, TEST_DATABASE_URL: SET

[90mstdout[2m | __tests__/__unit__/infrastructure/audit-log/mappers/audit-log.mapper.test.ts[22m[39m
[TEST SETUP] Loading .env.test from: C:\Users\moisreis\Projects\meta-investimentos\.env.test
Γùç injected env (1) from .env.test // tip: Γùê encrypted .env [www.dotenvx.com]
[TEST SETUP] Dotenv result: {
  parsed: {
    DATABASE_URL: [32m'postgresql://neondb_owner:npg_RrVLk0A3iwGU@ep-muddy-band-acxjnbbp-pooler.sa-east-1.aws.neon.tech/neondb?sslmode=require&channel_binding=require'[39m
  }
}
[TEST SETUP] DATABASE_URL from .env.test: postgresql://neondb_owner:npg_RrVLk0A3iwGU@ep-muddy-band-acxjnbbp-pooler.sa-east-1.aws.neon.tech/neondb?sslmode=require&channel_binding=require
[TEST SETUP] Set TEST_DATABASE_URL from DATABASE_URL
[TEST SETUP] Deleted DATABASE_URL, TEST_DATABASE_URL: SET

 [32mΓ£ô[39m [35m|unit|[39m __tests__/__unit__/services/user/use-cases/list-users.use-case.test.ts [2m ([22m[2m5 tests[22m[2m)[22m[90m 22[2mms[22m[39m
 [32mΓ£ô[39m [35m|unit|[39m __tests__/__unit__/services/portfolio/use-cases/delete-portfolio.use-case.test.ts [2m ([22m[2m7 tests[22m[2m)[22m[90m 15[2mms[22m[39m
 [32mΓ£ô[39m [35m|unit|[39m __tests__/__unit__/infrastructure/audit-log/mappers/audit-log.mapper.test.ts [2m ([22m[2m6 tests[22m[2m)[22m[90m 13[2mms[22m[39m
[90mstdout[2m | __tests__/__unit__/domain/portfolio/calculators/earnings.calculator.test.ts[22m[39m
[TEST SETUP] Loading .env.test from: C:\Users\moisreis\Projects\meta-investimentos\.env.test
Γùç injected env (1) from .env.test // tip: Γîÿ suppress logs { quiet: true }
[TEST SETUP] Dotenv result: {
  parsed: {
    DATABASE_URL: [32m'postgresql://neondb_owner:npg_RrVLk0A3iwGU@ep-muddy-band-acxjnbbp-pooler.sa-east-1.aws.neon.tech/neondb?sslmode=require&channel_binding=require'[39m
  }
}
[TEST SETUP] DATABASE_URL from .env.test: postgresql://neondb_owner:npg_RrVLk0A3iwGU@ep-muddy-band-acxjnbbp-pooler.sa-east-1.aws.neon.tech/neondb?sslmode=require&channel_binding=require
[TEST SETUP] Set TEST_DATABASE_URL from DATABASE_URL
[TEST SETUP] Deleted DATABASE_URL, TEST_DATABASE_URL: SET

[90mstdout[2m | __tests__/__unit__/services/fund/use-cases/list-funds.use-case.test.ts[22m[39m
[TEST SETUP] Loading .env.test from: C:\Users\moisreis\Projects\meta-investimentos\.env.test
Γùç injected env (1) from .env.test // tip: Γîÿ suppress logs { quiet: true }
[TEST SETUP] Dotenv result: {
  parsed: {
    DATABASE_URL: [32m'postgresql://neondb_owner:npg_RrVLk0A3iwGU@ep-muddy-band-acxjnbbp-pooler.sa-east-1.aws.neon.tech/neondb?sslmode=require&channel_binding=require'[39m
  }
}
[TEST SETUP] DATABASE_URL from .env.test: postgresql://neondb_owner:npg_RrVLk0A3iwGU@ep-muddy-band-acxjnbbp-pooler.sa-east-1.aws.neon.tech/neondb?sslmode=require&channel_binding=require
[TEST SETUP] Set TEST_DATABASE_URL from DATABASE_URL
[TEST SETUP] Deleted DATABASE_URL, TEST_DATABASE_URL: SET

 [32mΓ£ô[39m [35m|unit|[39m __tests__/__unit__/domain/portfolio/calculators/earnings.calculator.test.ts [2m ([22m[2m7 tests[22m[2m)[22m[90m 13[2mms[22m[39m
[90mstdout[2m | __tests__/__unit__/services/bank-account/use-cases/create-bank-account.use-case.test.ts[22m[39m
[TEST SETUP] Loading .env.test from: C:\Users\moisreis\Projects\meta-investimentos\.env.test
Γùç injected env (1) from .env.test // tip: Γîÿ override existing { override: true }
[TEST SETUP] Dotenv result: {
  parsed: {
    DATABASE_URL: [32m'postgresql://neondb_owner:npg_RrVLk0A3iwGU@ep-muddy-band-acxjnbbp-pooler.sa-east-1.aws.neon.tech/neondb?sslmode=require&channel_binding=require'[39m
  }
}
[TEST SETUP] DATABASE_URL from .env.test: postgresql://neondb_owner:npg_RrVLk0A3iwGU@ep-muddy-band-acxjnbbp-pooler.sa-east-1.aws.neon.tech/neondb?sslmode=require&channel_binding=require
[TEST SETUP] Set TEST_DATABASE_URL from DATABASE_URL
[TEST SETUP] Deleted DATABASE_URL, TEST_DATABASE_URL: SET

[90mstdout[2m | __tests__/__unit__/services/position/use-cases/create-position.use-case.test.ts[22m[39m
[TEST SETUP] Loading .env.test from: C:\Users\moisreis\Projects\meta-investimentos\.env.test
Γùç injected env (1) from .env.test // tip: Γùê secrets for agents [www.dotenvx.com]
[TEST SETUP] Dotenv result: {
  parsed: {
    DATABASE_URL: [32m'postgresql://neondb_owner:npg_RrVLk0A3iwGU@ep-muddy-band-acxjnbbp-pooler.sa-east-1.aws.neon.tech/neondb?sslmode=require&channel_binding=require'[39m
  }
}
[TEST SETUP] DATABASE_URL from .env.test: postgresql://neondb_owner:npg_RrVLk0A3iwGU@ep-muddy-band-acxjnbbp-pooler.sa-east-1.aws.neon.tech/neondb?sslmode=require&channel_binding=require
[TEST SETUP] Set TEST_DATABASE_URL from DATABASE_URL
[TEST SETUP] Deleted DATABASE_URL, TEST_DATABASE_URL: SET

 [32mΓ£ô[39m [35m|unit|[39m __tests__/__unit__/services/fund/use-cases/list-funds.use-case.test.ts [2m ([22m[2m5 tests[22m[2m)[22m[90m 38[2mms[22m[39m
[90mstdout[2m | __tests__/__unit__/domain/benchmark/calculators/cumulative-benchmark.calculator.test.ts[22m[39m
[TEST SETUP] Loading .env.test from: C:\Users\moisreis\Projects\meta-investimentos\.env.test
Γùç injected env (1) from .env.test // tip: Γîÿ enable debugging { debug: true }
[TEST SETUP] Dotenv result: {
  parsed: {
    DATABASE_URL: [32m'postgresql://neondb_owner:npg_RrVLk0A3iwGU@ep-muddy-band-acxjnbbp-pooler.sa-east-1.aws.neon.tech/neondb?sslmode=require&channel_binding=require'[39m
  }
}
[TEST SETUP] DATABASE_URL from .env.test: postgresql://neondb_owner:npg_RrVLk0A3iwGU@ep-muddy-band-acxjnbbp-pooler.sa-east-1.aws.neon.tech/neondb?sslmode=require&channel_binding=require
[TEST SETUP] Set TEST_DATABASE_URL from DATABASE_URL
[TEST SETUP] Deleted DATABASE_URL, TEST_DATABASE_URL: SET

 [32mΓ£ô[39m [35m|unit|[39m __tests__/__unit__/services/position/use-cases/create-position.use-case.test.ts [2m ([22m[2m7 tests[22m[2m)[22m[90m 19[2mms[22m[39m
 [32mΓ£ô[39m [35m|unit|[39m __tests__/__unit__/services/bank-account/use-cases/create-bank-account.use-case.test.ts [2m ([22m[2m5 tests[22m[2m)[22m[90m 25[2mms[22m[39m
[90mstdout[2m | __tests__/__unit__/services/portfolio-performance/use-cases/list-portfolio-performance.use-case.test.ts[22m[39m
[TEST SETUP] Loading .env.test from: C:\Users\moisreis\Projects\meta-investimentos\.env.test
Γùç injected env (1) from .env.test // tip: Γîÿ override existing { override: true }
[TEST SETUP] Dotenv result: {
  parsed: {
    DATABASE_URL: [32m'postgresql://neondb_owner:npg_RrVLk0A3iwGU@ep-muddy-band-acxjnbbp-pooler.sa-east-1.aws.neon.tech/neondb?sslmode=require&channel_binding=require'[39m
  }
}
[TEST SETUP] DATABASE_URL from .env.test: postgresql://neondb_owner:npg_RrVLk0A3iwGU@ep-muddy-band-acxjnbbp-pooler.sa-east-1.aws.neon.tech/neondb?sslmode=require&channel_binding=require
[TEST SETUP] Set TEST_DATABASE_URL from DATABASE_URL
[TEST SETUP] Deleted DATABASE_URL, TEST_DATABASE_URL: SET

[90mstdout[2m | __tests__/__unit__/domain/application/calculators/application-quotas.calculator.test.ts[22m[39m
[TEST SETUP] Loading .env.test from: C:\Users\moisreis\Projects\meta-investimentos\.env.test
Γùç injected env (1) from .env.test // tip: Γîÿ multiple files { path: ['.env.local', '.env'] }
[TEST SETUP] Dotenv result: {
  parsed: {
    DATABASE_URL: [32m'postgresql://neondb_owner:npg_RrVLk0A3iwGU@ep-muddy-band-acxjnbbp-pooler.sa-east-1.aws.neon.tech/neondb?sslmode=require&channel_binding=require'[39m
  }
}
[TEST SETUP] DATABASE_URL from .env.test: postgresql://neondb_owner:npg_RrVLk0A3iwGU@ep-muddy-band-acxjnbbp-pooler.sa-east-1.aws.neon.tech/neondb?sslmode=require&channel_binding=require
[TEST SETUP] Set TEST_DATABASE_URL from DATABASE_URL
[TEST SETUP] Deleted DATABASE_URL, TEST_DATABASE_URL: SET

 [32mΓ£ô[39m [35m|unit|[39m __tests__/__unit__/domain/benchmark/calculators/cumulative-benchmark.calculator.test.ts [2m ([22m[2m9 tests[22m[2m)[22m[90m 16[2mms[22m[39m
 [32mΓ£ô[39m [35m|unit|[39m __tests__/__unit__/services/portfolio-performance/use-cases/list-portfolio-performance.use-case.test.ts [2m ([22m[2m5 tests[22m[2m)[22m[90m 18[2mms[22m[39m
 [32mΓ£ô[39m [35m|unit|[39m __tests__/__unit__/domain/application/calculators/application-quotas.calculator.test.ts [2m ([22m[2m10 tests[22m[2m)[22m[90m 21[2mms[22m[39m
[90mstdout[2m | __tests__/__unit__/services/fund/use-cases/bulk-delete-funds.use-case.test.ts[22m[39m
[TEST SETUP] Loading .env.test from: C:\Users\moisreis\Projects\meta-investimentos\.env.test
Γùç injected env (1) from .env.test // tip: Γîÿ custom filepath { path: '/custom/path/.env' }
[TEST SETUP] Dotenv result: {
  parsed: {
    DATABASE_URL: [32m'postgresql://neondb_owner:npg_RrVLk0A3iwGU@ep-muddy-band-acxjnbbp-pooler.sa-east-1.aws.neon.tech/neondb?sslmode=require&channel_binding=require'[39m
  }
}
[TEST SETUP] DATABASE_URL from .env.test: postgresql://neondb_owner:npg_RrVLk0A3iwGU@ep-muddy-band-acxjnbbp-pooler.sa-east-1.aws.neon.tech/neondb?sslmode=require&channel_binding=require
[TEST SETUP] Set TEST_DATABASE_URL from DATABASE_URL
[TEST SETUP] Deleted DATABASE_URL, TEST_DATABASE_URL: SET

[90mstdout[2m | __tests__/__unit__/services/checking-account/use-cases/record-checking-account.use-case.test.ts[22m[39m
[TEST SETUP] Loading .env.test from: C:\Users\moisreis\Projects\meta-investimentos\.env.test
Γùç injected env (1) from .env.test // tip: Γîÿ enable debugging { debug: true }
[TEST SETUP] Dotenv result: {
  parsed: {
    DATABASE_URL: [32m'postgresql://neondb_owner:npg_RrVLk0A3iwGU@ep-muddy-band-acxjnbbp-pooler.sa-east-1.aws.neon.tech/neondb?sslmode=require&channel_binding=require'[39m
  }
}
[TEST SETUP] DATABASE_URL from .env.test: postgresql://neondb_owner:npg_RrVLk0A3iwGU@ep-muddy-band-acxjnbbp-pooler.sa-east-1.aws.neon.tech/neondb?sslmode=require&channel_binding=require
[TEST SETUP] Set TEST_DATABASE_URL from DATABASE_URL
[TEST SETUP] Deleted DATABASE_URL, TEST_DATABASE_URL: SET

 [32mΓ£ô[39m [35m|unit|[39m __tests__/__unit__/services/fund/use-cases/bulk-delete-funds.use-case.test.ts [2m ([22m[2m6 tests[22m[2m)[22m[90m 15[2mms[22m[39m
 [32mΓ£ô[39m [35m|unit|[39m __tests__/__unit__/services/checking-account/use-cases/record-checking-account.use-case.test.ts [2m ([22m[2m5 tests[22m[2m)[22m[90m 22[2mms[22m[39m
[90mstdout[2m | __tests__/__unit__/domain/portfolio/calculators/target.calculator.test.ts[22m[39m
[TEST SETUP] Loading .env.test from: C:\Users\moisreis\Projects\meta-investimentos\.env.test
Γùç injected env (1) from .env.test // tip: Γîÿ override existing { override: true }
[TEST SETUP] Dotenv result: {
  parsed: {
    DATABASE_URL: [32m'postgresql://neondb_owner:npg_RrVLk0A3iwGU@ep-muddy-band-acxjnbbp-pooler.sa-east-1.aws.neon.tech/neondb?sslmode=require&channel_binding=require'[39m
  }
}
[TEST SETUP] DATABASE_URL from .env.test: postgresql://neondb_owner:npg_RrVLk0A3iwGU@ep-muddy-band-acxjnbbp-pooler.sa-east-1.aws.neon.tech/neondb?sslmode=require&channel_binding=require
[TEST SETUP] Set TEST_DATABASE_URL from DATABASE_URL
[TEST SETUP] Deleted DATABASE_URL, TEST_DATABASE_URL: SET

[90mstdout[2m | __tests__/__unit__/services/category/use-cases/list-category-row-summaries.use-case.test.ts[22m[39m
[TEST SETUP] Loading .env.test from: C:\Users\moisreis\Projects\meta-investimentos\.env.test
Γùç injected env (1) from .env.test // tip: Γîÿ suppress logs { quiet: true }
[TEST SETUP] Dotenv result: {
  parsed: {
    DATABASE_URL: [32m'postgresql://neondb_owner:npg_RrVLk0A3iwGU@ep-muddy-band-acxjnbbp-pooler.sa-east-1.aws.neon.tech/neondb?sslmode=require&channel_binding=require'[39m
  }
}
[TEST SETUP] DATABASE_URL from .env.test: postgresql://neondb_owner:npg_RrVLk0A3iwGU@ep-muddy-band-acxjnbbp-pooler.sa-east-1.aws.neon.tech/neondb?sslmode=require&channel_binding=require
[TEST SETUP] Set TEST_DATABASE_URL from DATABASE_URL
[TEST SETUP] Deleted DATABASE_URL, TEST_DATABASE_URL: SET

 [32mΓ£ô[39m [35m|unit|[39m __tests__/__unit__/domain/portfolio/calculators/target.calculator.test.ts [2m ([22m[2m8 tests[22m[2m)[22m[90m 21[2mms[22m[39m
[90mstdout[2m | __tests__/__unit__/domain/withdrawal/calculators/withdrawal-quotas.calculator.test.ts[22m[39m
[TEST SETUP] Loading .env.test from: C:\Users\moisreis\Projects\meta-investimentos\.env.test
Γùç injected env (1) from .env.test // tip: Γîÿ override existing { override: true }
[TEST SETUP] Dotenv result: {
  parsed: {
    DATABASE_URL: [32m'postgresql://neondb_owner:npg_RrVLk0A3iwGU@ep-muddy-band-acxjnbbp-pooler.sa-east-1.aws.neon.tech/neondb?sslmode=require&channel_binding=require'[39m
  }
}
[TEST SETUP] DATABASE_URL from .env.test: postgresql://neondb_owner:npg_RrVLk0A3iwGU@ep-muddy-band-acxjnbbp-pooler.sa-east-1.aws.neon.tech/neondb?sslmode=require&channel_binding=require
[TEST SETUP] Set TEST_DATABASE_URL from DATABASE_URL
[TEST SETUP] Deleted DATABASE_URL, TEST_DATABASE_URL: SET

 [32mΓ£ô[39m [35m|unit|[39m __tests__/__unit__/services/category/use-cases/list-category-row-summaries.use-case.test.ts [2m ([22m[2m6 tests[22m[2m)[22m[90m 22[2mms[22m[39m
[90mstdout[2m | __tests__/__unit__/services/fund/use-cases/list-fund-row-summaries.use-case.test.ts[22m[39m
[TEST SETUP] Loading .env.test from: C:\Users\moisreis\Projects\meta-investimentos\.env.test
Γùç injected env (1) from .env.test // tip: Γùê secrets for agents [www.dotenvx.com]
[TEST SETUP] Dotenv result: {
  parsed: {
    DATABASE_URL: [32m'postgresql://neondb_owner:npg_RrVLk0A3iwGU@ep-muddy-band-acxjnbbp-pooler.sa-east-1.aws.neon.tech/neondb?sslmode=require&channel_binding=require'[39m
  }
}
[TEST SETUP] DATABASE_URL from .env.test: postgresql://neondb_owner:npg_RrVLk0A3iwGU@ep-muddy-band-acxjnbbp-pooler.sa-east-1.aws.neon.tech/neondb?sslmode=require&channel_binding=require
[TEST SETUP] Set TEST_DATABASE_URL from DATABASE_URL
[TEST SETUP] Deleted DATABASE_URL, TEST_DATABASE_URL: SET

[90mstdout[2m | __tests__/__unit__/domain/position/calculators/return.calculator.test.ts[22m[39m
[TEST SETUP] Loading .env.test from: C:\Users\moisreis\Projects\meta-investimentos\.env.test
Γùç injected env (1) from .env.test // tip: Γîÿ multiple files { path: ['.env.local', '.env'] }
[TEST SETUP] Dotenv result: {
  parsed: {
    DATABASE_URL: [32m'postgresql://neondb_owner:npg_RrVLk0A3iwGU@ep-muddy-band-acxjnbbp-pooler.sa-east-1.aws.neon.tech/neondb?sslmode=require&channel_binding=require'[39m
  }
}
[TEST SETUP] DATABASE_URL from .env.test: postgresql://neondb_owner:npg_RrVLk0A3iwGU@ep-muddy-band-acxjnbbp-pooler.sa-east-1.aws.neon.tech/neondb?sslmode=require&channel_binding=require
[TEST SETUP] Set TEST_DATABASE_URL from DATABASE_URL
[TEST SETUP] Deleted DATABASE_URL, TEST_DATABASE_URL: SET

 [32mΓ£ô[39m [35m|unit|[39m __tests__/__unit__/domain/withdrawal/calculators/withdrawal-quotas.calculator.test.ts [2m ([22m[2m10 tests[22m[2m)[22m[90m 15[2mms[22m[39m
 [32mΓ£ô[39m [35m|unit|[39m __tests__/__unit__/services/fund/use-cases/list-fund-row-summaries.use-case.test.ts [2m ([22m[2m6 tests[22m[2m)[22m[90m 15[2mms[22m[39m
 [32mΓ£ô[39m [35m|unit|[39m __tests__/__unit__/domain/position/calculators/return.calculator.test.ts [2m ([22m[2m10 tests[22m[2m)[22m[90m 15[2mms[22m[39m
[90mstdout[2m | __tests__/__unit__/services/position/use-cases/list-all-positions.use-case.test.ts[22m[39m
[TEST SETUP] Loading .env.test from: C:\Users\moisreis\Projects\meta-investimentos\.env.test
Γùç injected env (1) from .env.test // tip: Γîü auth for agents [www.vestauth.com]
[TEST SETUP] Dotenv result: {
  parsed: {
    DATABASE_URL: [32m'postgresql://neondb_owner:npg_RrVLk0A3iwGU@ep-muddy-band-acxjnbbp-pooler.sa-east-1.aws.neon.tech/neondb?sslmode=require&channel_binding=require'[39m
  }
}
[TEST SETUP] DATABASE_URL from .env.test: postgresql://neondb_owner:npg_RrVLk0A3iwGU@ep-muddy-band-acxjnbbp-pooler.sa-east-1.aws.neon.tech/neondb?sslmode=require&channel_binding=require
[TEST SETUP] Set TEST_DATABASE_URL from DATABASE_URL
[TEST SETUP] Deleted DATABASE_URL, TEST_DATABASE_URL: SET

[90mstdout[2m | __tests__/__unit__/services/statement/use-cases/list-statements-by-portfolios.use-case.test.ts[22m[39m
[TEST SETUP] Loading .env.test from: C:\Users\moisreis\Projects\meta-investimentos\.env.test
Γùç injected env (1) from .env.test // tip: Γîÿ suppress logs { quiet: true }
[TEST SETUP] Dotenv result: {
  parsed: {
    DATABASE_URL: [32m'postgresql://neondb_owner:npg_RrVLk0A3iwGU@ep-muddy-band-acxjnbbp-pooler.sa-east-1.aws.neon.tech/neondb?sslmode=require&channel_binding=require'[39m
  }
}
[TEST SETUP] DATABASE_URL from .env.test: postgresql://neondb_owner:npg_RrVLk0A3iwGU@ep-muddy-band-acxjnbbp-pooler.sa-east-1.aws.neon.tech/neondb?sslmode=require&channel_binding=require
[TEST SETUP] Set TEST_DATABASE_URL from DATABASE_URL
[TEST SETUP] Deleted DATABASE_URL, TEST_DATABASE_URL: SET

[90mstdout[2m | __tests__/__unit__/infrastructure/benchmark-history/mappers/benchmark-history.mapper.test.ts[22m[39m
[TEST SETUP] Loading .env.test from: C:\Users\moisreis\Projects\meta-investimentos\.env.test
Γùç injected env (1) from .env.test // tip: Γùê secrets for agents [www.dotenvx.com]
[TEST SETUP] Dotenv result: {
  parsed: {
    DATABASE_URL: [32m'postgresql://neondb_owner:npg_RrVLk0A3iwGU@ep-muddy-band-acxjnbbp-pooler.sa-east-1.aws.neon.tech/neondb?sslmode=require&channel_binding=require'[39m
  }
}
[TEST SETUP] DATABASE_URL from .env.test: postgresql://neondb_owner:npg_RrVLk0A3iwGU@ep-muddy-band-acxjnbbp-pooler.sa-east-1.aws.neon.tech/neondb?sslmode=require&channel_binding=require
[TEST SETUP] Set TEST_DATABASE_URL from DATABASE_URL
[TEST SETUP] Deleted DATABASE_URL, TEST_DATABASE_URL: SET

[90mstdout[2m | __tests__/__unit__/infrastructure/session/mappers/session.mapper.test.ts[22m[39m
[TEST SETUP] Loading .env.test from: C:\Users\moisreis\Projects\meta-investimentos\.env.test
Γùç injected env (1) from .env.test // tip: Γîÿ custom filepath { path: '/custom/path/.env' }
[TEST SETUP] Dotenv result: {
  parsed: {
    DATABASE_URL: [32m'postgresql://neondb_owner:npg_RrVLk0A3iwGU@ep-muddy-band-acxjnbbp-pooler.sa-east-1.aws.neon.tech/neondb?sslmode=require&channel_binding=require'[39m
  }
}
[TEST SETUP] DATABASE_URL from .env.test: postgresql://neondb_owner:npg_RrVLk0A3iwGU@ep-muddy-band-acxjnbbp-pooler.sa-east-1.aws.neon.tech/neondb?sslmode=require&channel_binding=require
[TEST SETUP] Set TEST_DATABASE_URL from DATABASE_URL
[TEST SETUP] Deleted DATABASE_URL, TEST_DATABASE_URL: SET

 [32mΓ£ô[39m [35m|unit|[39m __tests__/__unit__/services/position/use-cases/list-all-positions.use-case.test.ts [2m ([22m[2m5 tests[22m[2m)[22m[90m 19[2mms[22m[39m
 [32mΓ£ô[39m [35m|unit|[39m __tests__/__unit__/services/statement/use-cases/list-statements-by-portfolios.use-case.test.ts [2m ([22m[2m4 tests[22m[2m)[22m[90m 15[2mms[22m[39m
[90mstdout[2m | __tests__/__unit__/domain/benchmark/calculators/risk-free-spread.calculator.test.ts[22m[39m
[TEST SETUP] Loading .env.test from: C:\Users\moisreis\Projects\meta-investimentos\.env.test
Γùç injected env (1) from .env.test // tip: Γîü auth for agents [www.vestauth.com]
[TEST SETUP] Dotenv result: {
  parsed: {
    DATABASE_URL: [32m'postgresql://neondb_owner:npg_RrVLk0A3iwGU@ep-muddy-band-acxjnbbp-pooler.sa-east-1.aws.neon.tech/neondb?sslmode=require&channel_binding=require'[39m
  }
}
[TEST SETUP] DATABASE_URL from .env.test: postgresql://neondb_owner:npg_RrVLk0A3iwGU@ep-muddy-band-acxjnbbp-pooler.sa-east-1.aws.neon.tech/neondb?sslmode=require&channel_binding=require
[TEST SETUP] Set TEST_DATABASE_URL from DATABASE_URL
[TEST SETUP] Deleted DATABASE_URL, TEST_DATABASE_URL: SET

 [32mΓ£ô[39m [35m|unit|[39m __tests__/__unit__/infrastructure/session/mappers/session.mapper.test.ts [2m ([22m[2m6 tests[22m[2m)[22m[90m 13[2mms[22m[39m
 [32mΓ£ô[39m [35m|unit|[39m __tests__/__unit__/infrastructure/benchmark-history/mappers/benchmark-history.mapper.test.ts [2m ([22m[2m6 tests[22m[2m)[22m[90m 13[2mms[22m[39m
[90mstdout[2m | __tests__/__unit__/domain/benchmark/calculators/inflation-spread.calculator.test.ts[22m[39m
[TEST SETUP] Loading .env.test from: C:\Users\moisreis\Projects\meta-investimentos\.env.test
Γùç injected env (1) from .env.test // tip: Γîÿ suppress logs { quiet: true }
[TEST SETUP] Dotenv result: {
  parsed: {
    DATABASE_URL: [32m'postgresql://neondb_owner:npg_RrVLk0A3iwGU@ep-muddy-band-acxjnbbp-pooler.sa-east-1.aws.neon.tech/neondb?sslmode=require&channel_binding=require'[39m
  }
}
[TEST SETUP] DATABASE_URL from .env.test: postgresql://neondb_owner:npg_RrVLk0A3iwGU@ep-muddy-band-acxjnbbp-pooler.sa-east-1.aws.neon.tech/neondb?sslmode=require&channel_binding=require
[TEST SETUP] Set TEST_DATABASE_URL from DATABASE_URL
[TEST SETUP] Deleted DATABASE_URL, TEST_DATABASE_URL: SET

[90mstdout[2m | __tests__/__unit__/services/application/use-cases/create-application.use-case.test.ts[22m[39m
[TEST SETUP] Loading .env.test from: C:\Users\moisreis\Projects\meta-investimentos\.env.test
Γùç injected env (1) from .env.test // tip: Γùê encrypted .env [www.dotenvx.com]
[TEST SETUP] Dotenv result: {
  parsed: {
    DATABASE_URL: [32m'postgresql://neondb_owner:npg_RrVLk0A3iwGU@ep-muddy-band-acxjnbbp-pooler.sa-east-1.aws.neon.tech/neondb?sslmode=require&channel_binding=require'[39m
  }
}
[TEST SETUP] DATABASE_URL from .env.test: postgresql://neondb_owner:npg_RrVLk0A3iwGU@ep-muddy-band-acxjnbbp-pooler.sa-east-1.aws.neon.tech/neondb?sslmode=require&channel_binding=require
[TEST SETUP] Set TEST_DATABASE_URL from DATABASE_URL
[TEST SETUP] Deleted DATABASE_URL, TEST_DATABASE_URL: SET

 [32mΓ£ô[39m [35m|unit|[39m __tests__/__unit__/domain/benchmark/calculators/risk-free-spread.calculator.test.ts [2m ([22m[2m8 tests[22m[2m)[22m[90m 14[2mms[22m[39m
 [32mΓ£ô[39m [35m|unit|[39m __tests__/__unit__/domain/benchmark/calculators/inflation-spread.calculator.test.ts [2m ([22m[2m8 tests[22m[2m)[22m[90m 14[2mms[22m[39m
 [32mΓ£ô[39m [35m|unit|[39m __tests__/__unit__/services/application/use-cases/create-application.use-case.test.ts [2m ([22m[2m4 tests[22m[2m)[22m[90m 20[2mms[22m[39m
[90mstdout[2m | __tests__/__unit__/services/category/use-cases/bulk-delete-categories.use-case.test.ts[22m[39m
[TEST SETUP] Loading .env.test from: C:\Users\moisreis\Projects\meta-investimentos\.env.test
Γùç injected env (1) from .env.test // tip: Γîÿ override existing { override: true }
[TEST SETUP] Dotenv result: {
  parsed: {
    DATABASE_URL: [32m'postgresql://neondb_owner:npg_RrVLk0A3iwGU@ep-muddy-band-acxjnbbp-pooler.sa-east-1.aws.neon.tech/neondb?sslmode=require&channel_binding=require'[39m
  }
}
[TEST SETUP] DATABASE_URL from .env.test: postgresql://neondb_owner:npg_RrVLk0A3iwGU@ep-muddy-band-acxjnbbp-pooler.sa-east-1.aws.neon.tech/neondb?sslmode=require&channel_binding=require
[TEST SETUP] Set TEST_DATABASE_URL from DATABASE_URL
[TEST SETUP] Deleted DATABASE_URL, TEST_DATABASE_URL: SET

[90mstdout[2m | __tests__/__unit__/services/position-performance/use-cases/get-position-performance.use-case.test.ts[22m[39m
[TEST SETUP] Loading .env.test from: C:\Users\moisreis\Projects\meta-investimentos\.env.test
Γùç injected env (1) from .env.test // tip: Γùê encrypted .env [www.dotenvx.com]
[TEST SETUP] Dotenv result: {
  parsed: {
    DATABASE_URL: [32m'postgresql://neondb_owner:npg_RrVLk0A3iwGU@ep-muddy-band-acxjnbbp-pooler.sa-east-1.aws.neon.tech/neondb?sslmode=require&channel_binding=require'[39m
  }
}
[TEST SETUP] DATABASE_URL from .env.test: postgresql://neondb_owner:npg_RrVLk0A3iwGU@ep-muddy-band-acxjnbbp-pooler.sa-east-1.aws.neon.tech/neondb?sslmode=require&channel_binding=require
[TEST SETUP] Set TEST_DATABASE_URL from DATABASE_URL
[TEST SETUP] Deleted DATABASE_URL, TEST_DATABASE_URL: SET

[90mstdout[2m | __tests__/__unit__/services/withdrawal/use-cases/create-withdrawal.use-case.test.ts[22m[39m
[TEST SETUP] Loading .env.test from: C:\Users\moisreis\Projects\meta-investimentos\.env.test
Γùç injected env (1) from .env.test // tip: Γîÿ custom filepath { path: '/custom/path/.env' }
[TEST SETUP] Dotenv result: {
  parsed: {
    DATABASE_URL: [32m'postgresql://neondb_owner:npg_RrVLk0A3iwGU@ep-muddy-band-acxjnbbp-pooler.sa-east-1.aws.neon.tech/neondb?sslmode=require&channel_binding=require'[39m
  }
}
[TEST SETUP] DATABASE_URL from .env.test: postgresql://neondb_owner:npg_RrVLk0A3iwGU@ep-muddy-band-acxjnbbp-pooler.sa-east-1.aws.neon.tech/neondb?sslmode=require&channel_binding=require
[TEST SETUP] Set TEST_DATABASE_URL from DATABASE_URL
[TEST SETUP] Deleted DATABASE_URL, TEST_DATABASE_URL: SET

[90mstdout[2m | __tests__/__unit__/domain/benchmark/calculators/market-spread.calculator.test.ts[22m[39m
[TEST SETUP] Loading .env.test from: C:\Users\moisreis\Projects\meta-investimentos\.env.test
Γùç injected env (1) from .env.test // tip: Γùê secrets for agents [www.dotenvx.com]
[TEST SETUP] Dotenv result: {
  parsed: {
    DATABASE_URL: [32m'postgresql://neondb_owner:npg_RrVLk0A3iwGU@ep-muddy-band-acxjnbbp-pooler.sa-east-1.aws.neon.tech/neondb?sslmode=require&channel_binding=require'[39m
  }
}
[TEST SETUP] DATABASE_URL from .env.test: postgresql://neondb_owner:npg_RrVLk0A3iwGU@ep-muddy-band-acxjnbbp-pooler.sa-east-1.aws.neon.tech/neondb?sslmode=require&channel_binding=require
[TEST SETUP] Set TEST_DATABASE_URL from DATABASE_URL
[TEST SETUP] Deleted DATABASE_URL, TEST_DATABASE_URL: SET

 [32mΓ£ô[39m [35m|unit|[39m __tests__/__unit__/services/category/use-cases/bulk-delete-categories.use-case.test.ts [2m ([22m[2m6 tests[22m[2m)[22m[90m 12[2mms[22m[39m
 [32mΓ£ô[39m [35m|unit|[39m __tests__/__unit__/services/position-performance/use-cases/get-position-performance.use-case.test.ts [2m ([22m[2m5 tests[22m[2m)[22m[90m 16[2mms[22m[39m
[90mstdout[2m | __tests__/__unit__/services/portfolio-performance/use-cases/list-all-portfolio-performances.use-case.test.ts[22m[39m
[TEST SETUP] Loading .env.test from: C:\Users\moisreis\Projects\meta-investimentos\.env.test
Γùç injected env (1) from .env.test // tip: Γîÿ override existing { override: true }
[TEST SETUP] Dotenv result: {
  parsed: {
    DATABASE_URL: [32m'postgresql://neondb_owner:npg_RrVLk0A3iwGU@ep-muddy-band-acxjnbbp-pooler.sa-east-1.aws.neon.tech/neondb?sslmode=require&channel_binding=require'[39m
  }
}
[TEST SETUP] DATABASE_URL from .env.test: postgresql://neondb_owner:npg_RrVLk0A3iwGU@ep-muddy-band-acxjnbbp-pooler.sa-east-1.aws.neon.tech/neondb?sslmode=require&channel_binding=require
[TEST SETUP] Set TEST_DATABASE_URL from DATABASE_URL
[TEST SETUP] Deleted DATABASE_URL, TEST_DATABASE_URL: SET

 [32mΓ£ô[39m [35m|unit|[39m __tests__/__unit__/services/withdrawal/use-cases/create-withdrawal.use-case.test.ts [2m ([22m[2m4 tests[22m[2m)[22m[90m 20[2mms[22m[39m
 [32mΓ£ô[39m [35m|unit|[39m __tests__/__unit__/domain/benchmark/calculators/market-spread.calculator.test.ts [2m ([22m[2m8 tests[22m[2m)[22m[90m 12[2mms[22m[39m
[90mstdout[2m | __tests__/__unit__/services/user/use-cases/list-users-by-ids.use-case.test.ts[22m[39m
[TEST SETUP] Loading .env.test from: C:\Users\moisreis\Projects\meta-investimentos\.env.test
Γùç injected env (1) from .env.test // tip: Γîü auth for agents [www.vestauth.com]
[TEST SETUP] Dotenv result: {
  parsed: {
    DATABASE_URL: [32m'postgresql://neondb_owner:npg_RrVLk0A3iwGU@ep-muddy-band-acxjnbbp-pooler.sa-east-1.aws.neon.tech/neondb?sslmode=require&channel_binding=require'[39m
  }
}
[TEST SETUP] DATABASE_URL from .env.test: postgresql://neondb_owner:npg_RrVLk0A3iwGU@ep-muddy-band-acxjnbbp-pooler.sa-east-1.aws.neon.tech/neondb?sslmode=require&channel_binding=require
[TEST SETUP] Set TEST_DATABASE_URL from DATABASE_URL
[TEST SETUP] Deleted DATABASE_URL, TEST_DATABASE_URL: SET

[90mstdout[2m | __tests__/__unit__/services/checking-account/use-cases/list-checking-accounts.use-case.test.ts[22m[39m
[TEST SETUP] Loading .env.test from: C:\Users\moisreis\Projects\meta-investimentos\.env.test
Γùç injected env (1) from .env.test // tip: Γîÿ override existing { override: true }
[TEST SETUP] Dotenv result: {
  parsed: {
    DATABASE_URL: [32m'postgresql://neondb_owner:npg_RrVLk0A3iwGU@ep-muddy-band-acxjnbbp-pooler.sa-east-1.aws.neon.tech/neondb?sslmode=require&channel_binding=require'[39m
  }
}
[TEST SETUP] DATABASE_URL from .env.test: postgresql://neondb_owner:npg_RrVLk0A3iwGU@ep-muddy-band-acxjnbbp-pooler.sa-east-1.aws.neon.tech/neondb?sslmode=require&channel_binding=require
[TEST SETUP] Set TEST_DATABASE_URL from DATABASE_URL
[TEST SETUP] Deleted DATABASE_URL, TEST_DATABASE_URL: SET

 [32mΓ£ô[39m [35m|unit|[39m __tests__/__unit__/services/portfolio-performance/use-cases/list-all-portfolio-performances.use-case.test.ts [2m ([22m[2m4 tests[22m[2m)[22m[90m 18[2mms[22m[39m
 [32mΓ£ô[39m [35m|unit|[39m __tests__/__unit__/services/user/use-cases/list-users-by-ids.use-case.test.ts [2m ([22m[2m5 tests[22m[2m)[22m[90m 15[2mms[22m[39m
 [32mΓ£ô[39m [35m|unit|[39m __tests__/__unit__/services/checking-account/use-cases/list-checking-accounts.use-case.test.ts [2m ([22m[2m5 tests[22m[2m)[22m[90m 17[2mms[22m[39m
[90mstdout[2m | __tests__/__unit__/services/category/use-cases/list-categories.use-case.test.ts[22m[39m
[TEST SETUP] Loading .env.test from: C:\Users\moisreis\Projects\meta-investimentos\.env.test
Γùç injected env (1) from .env.test // tip: Γîÿ custom filepath { path: '/custom/path/.env' }
[TEST SETUP] Dotenv result: {
  parsed: {
    DATABASE_URL: [32m'postgresql://neondb_owner:npg_RrVLk0A3iwGU@ep-muddy-band-acxjnbbp-pooler.sa-east-1.aws.neon.tech/neondb?sslmode=require&channel_binding=require'[39m
  }
}
[TEST SETUP] DATABASE_URL from .env.test: postgresql://neondb_owner:npg_RrVLk0A3iwGU@ep-muddy-band-acxjnbbp-pooler.sa-east-1.aws.neon.tech/neondb?sslmode=require&channel_binding=require
[TEST SETUP] Set TEST_DATABASE_URL from DATABASE_URL
[TEST SETUP] Deleted DATABASE_URL, TEST_DATABASE_URL: SET

[90mstdout[2m | __tests__/__unit__/infrastructure/checking-account/mappers/checking-account.mapper.test.ts[22m[39m
[TEST SETUP] Loading .env.test from: C:\Users\moisreis\Projects\meta-investimentos\.env.test
Γùç injected env (1) from .env.test // tip: Γîÿ multiple files { path: ['.env.local', '.env'] }
[TEST SETUP] Dotenv result: {
  parsed: {
    DATABASE_URL: [32m'postgresql://neondb_owner:npg_RrVLk0A3iwGU@ep-muddy-band-acxjnbbp-pooler.sa-east-1.aws.neon.tech/neondb?sslmode=require&channel_binding=require'[39m
  }
}
[TEST SETUP] DATABASE_URL from .env.test: postgresql://neondb_owner:npg_RrVLk0A3iwGU@ep-muddy-band-acxjnbbp-pooler.sa-east-1.aws.neon.tech/neondb?sslmode=require&channel_binding=require
[TEST SETUP] Set TEST_DATABASE_URL from DATABASE_URL
[TEST SETUP] Deleted DATABASE_URL, TEST_DATABASE_URL: SET

[90mstdout[2m | __tests__/__unit__/services/checking-account/use-cases/update-checking-account.use-case.test.ts[22m[39m
[TEST SETUP] Loading .env.test from: C:\Users\moisreis\Projects\meta-investimentos\.env.test
Γùç injected env (1) from .env.test // tip: Γîü auth for agents [www.vestauth.com]
[TEST SETUP] Dotenv result: {
  parsed: {
    DATABASE_URL: [32m'postgresql://neondb_owner:npg_RrVLk0A3iwGU@ep-muddy-band-acxjnbbp-pooler.sa-east-1.aws.neon.tech/neondb?sslmode=require&channel_binding=require'[39m
  }
}
[TEST SETUP] DATABASE_URL from .env.test: postgresql://neondb_owner:npg_RrVLk0A3iwGU@ep-muddy-band-acxjnbbp-pooler.sa-east-1.aws.neon.tech/neondb?sslmode=require&channel_binding=require
[TEST SETUP] Set TEST_DATABASE_URL from DATABASE_URL
[TEST SETUP] Deleted DATABASE_URL, TEST_DATABASE_URL: SET

[90mstdout[2m | __tests__/__unit__/services/norms-portfolio/use-cases/list-portfolio-norms.use-case.test.ts[22m[39m
[TEST SETUP] Loading .env.test from: C:\Users\moisreis\Projects\meta-investimentos\.env.test
Γùç injected env (1) from .env.test // tip: Γîü auth for agents [www.vestauth.com]
[TEST SETUP] Dotenv result: {
  parsed: {
    DATABASE_URL: [32m'postgresql://neondb_owner:npg_RrVLk0A3iwGU@ep-muddy-band-acxjnbbp-pooler.sa-east-1.aws.neon.tech/neondb?sslmode=require&channel_binding=require'[39m
  }
}
[TEST SETUP] DATABASE_URL from .env.test: postgresql://neondb_owner:npg_RrVLk0A3iwGU@ep-muddy-band-acxjnbbp-pooler.sa-east-1.aws.neon.tech/neondb?sslmode=require&channel_binding=require
[TEST SETUP] Set TEST_DATABASE_URL from DATABASE_URL
[TEST SETUP] Deleted DATABASE_URL, TEST_DATABASE_URL: SET

 [32mΓ£ô[39m [35m|unit|[39m __tests__/__unit__/infrastructure/checking-account/mappers/checking-account.mapper.test.ts [2m ([22m[2m6 tests[22m[2m)[22m[90m 14[2mms[22m[39m
 [32mΓ£ô[39m [35m|unit|[39m __tests__/__unit__/services/category/use-cases/list-categories.use-case.test.ts [2m ([22m[2m5 tests[22m[2m)[22m[90m 16[2mms[22m[39m
[90mstdout[2m | __tests__/__unit__/services/audit-log/use-cases/list-audit-logs.use-case.test.ts[22m[39m
[TEST SETUP] Loading .env.test from: C:\Users\moisreis\Projects\meta-investimentos\.env.test
Γùç injected env (1) from .env.test // tip: Γùê encrypted .env [www.dotenvx.com]
[TEST SETUP] Dotenv result: {
  parsed: {
    DATABASE_URL: [32m'postgresql://neondb_owner:npg_RrVLk0A3iwGU@ep-muddy-band-acxjnbbp-pooler.sa-east-1.aws.neon.tech/neondb?sslmode=require&channel_binding=require'[39m
  }
}
[TEST SETUP] DATABASE_URL from .env.test: postgresql://neondb_owner:npg_RrVLk0A3iwGU@ep-muddy-band-acxjnbbp-pooler.sa-east-1.aws.neon.tech/neondb?sslmode=require&channel_binding=require
[TEST SETUP] Set TEST_DATABASE_URL from DATABASE_URL
[TEST SETUP] Deleted DATABASE_URL, TEST_DATABASE_URL: SET

 [32mΓ£ô[39m [35m|unit|[39m __tests__/__unit__/services/checking-account/use-cases/update-checking-account.use-case.test.ts [2m ([22m[2m5 tests[22m[2m)[22m[90m 15[2mms[22m[39m
 [32mΓ£ô[39m [35m|unit|[39m __tests__/__unit__/services/norms-portfolio/use-cases/list-portfolio-norms.use-case.test.ts [2m ([22m[2m5 tests[22m[2m)[22m[90m 18[2mms[22m[39m
[90mstdout[2m | __tests__/__unit__/services/benchmark/use-cases/list-benchmarks.use-case.test.ts[22m[39m
[TEST SETUP] Loading .env.test from: C:\Users\moisreis\Projects\meta-investimentos\.env.test
Γùç injected env (1) from .env.test // tip: Γîÿ enable debugging { debug: true }
[TEST SETUP] Dotenv result: {
  parsed: {
    DATABASE_URL: [32m'postgresql://neondb_owner:npg_RrVLk0A3iwGU@ep-muddy-band-acxjnbbp-pooler.sa-east-1.aws.neon.tech/neondb?sslmode=require&channel_binding=require'[39m
  }
}
[TEST SETUP] DATABASE_URL from .env.test: postgresql://neondb_owner:npg_RrVLk0A3iwGU@ep-muddy-band-acxjnbbp-pooler.sa-east-1.aws.neon.tech/neondb?sslmode=require&channel_binding=require
[TEST SETUP] Set TEST_DATABASE_URL from DATABASE_URL
[TEST SETUP] Deleted DATABASE_URL, TEST_DATABASE_URL: SET

 [32mΓ£ô[39m [35m|unit|[39m __tests__/__unit__/services/audit-log/use-cases/list-audit-logs.use-case.test.ts [2m ([22m[2m4 tests[22m[2m)[22m[90m 13[2mms[22m[39m
[90mstdout[2m | __tests__/__unit__/services/statement/use-cases/list-statements.use-case.test.ts[22m[39m
[TEST SETUP] Loading .env.test from: C:\Users\moisreis\Projects\meta-investimentos\.env.test
Γùç injected env (1) from .env.test // tip: Γùê secrets for agents [www.dotenvx.com]
[TEST SETUP] Dotenv result: {
  parsed: {
    DATABASE_URL: [32m'postgresql://neondb_owner:npg_RrVLk0A3iwGU@ep-muddy-band-acxjnbbp-pooler.sa-east-1.aws.neon.tech/neondb?sslmode=require&channel_binding=require'[39m
  }
}
[TEST SETUP] DATABASE_URL from .env.test: postgresql://neondb_owner:npg_RrVLk0A3iwGU@ep-muddy-band-acxjnbbp-pooler.sa-east-1.aws.neon.tech/neondb?sslmode=require&channel_binding=require
[TEST SETUP] Set TEST_DATABASE_URL from DATABASE_URL
[TEST SETUP] Deleted DATABASE_URL, TEST_DATABASE_URL: SET

 [32mΓ£ô[39m [35m|unit|[39m __tests__/__unit__/services/benchmark/use-cases/list-benchmarks.use-case.test.ts [2m ([22m[2m3 tests[22m[2m)[22m[90m 13[2mms[22m[39m
[90mstdout[2m | __tests__/__unit__/infrastructure/verification/mappers/verification.mapper.test.ts[22m[39m
[TEST SETUP] Loading .env.test from: C:\Users\moisreis\Projects\meta-investimentos\.env.test
Γùç injected env (1) from .env.test // tip: Γùê secrets for agents [www.dotenvx.com]
[TEST SETUP] Dotenv result: {
  parsed: {
    DATABASE_URL: [32m'postgresql://neondb_owner:npg_RrVLk0A3iwGU@ep-muddy-band-acxjnbbp-pooler.sa-east-1.aws.neon.tech/neondb?sslmode=require&channel_binding=require'[39m
  }
}
[TEST SETUP] DATABASE_URL from .env.test: postgresql://neondb_owner:npg_RrVLk0A3iwGU@ep-muddy-band-acxjnbbp-pooler.sa-east-1.aws.neon.tech/neondb?sslmode=require&channel_binding=require
[TEST SETUP] Set TEST_DATABASE_URL from DATABASE_URL
[TEST SETUP] Deleted DATABASE_URL, TEST_DATABASE_URL: SET

 [32mΓ£ô[39m [35m|unit|[39m __tests__/__unit__/services/statement/use-cases/list-statements.use-case.test.ts [2m ([22m[2m4 tests[22m[2m)[22m[90m 15[2mms[22m[39m
[90mstdout[2m | __tests__/__unit__/domain/position/calculators/earnings.calculator.test.ts[22m[39m
[TEST SETUP] Loading .env.test from: C:\Users\moisreis\Projects\meta-investimentos\.env.test
Γùç injected env (1) from .env.test // tip: Γùê encrypted .env [www.dotenvx.com]
[TEST SETUP] Dotenv result: {
  parsed: {
    DATABASE_URL: [32m'postgresql://neondb_owner:npg_RrVLk0A3iwGU@ep-muddy-band-acxjnbbp-pooler.sa-east-1.aws.neon.tech/neondb?sslmode=require&channel_binding=require'[39m
  }
}
[TEST SETUP] DATABASE_URL from .env.test: postgresql://neondb_owner:npg_RrVLk0A3iwGU@ep-muddy-band-acxjnbbp-pooler.sa-east-1.aws.neon.tech/neondb?sslmode=require&channel_binding=require
[TEST SETUP] Set TEST_DATABASE_URL from DATABASE_URL
[TEST SETUP] Deleted DATABASE_URL, TEST_DATABASE_URL: SET

[90mstdout[2m | __tests__/__unit__/services/bank/use-cases/list-banks.use-case.test.ts[22m[39m
[TEST SETUP] Loading .env.test from: C:\Users\moisreis\Projects\meta-investimentos\.env.test
Γùç injected env (1) from .env.test // tip: Γîÿ multiple files { path: ['.env.local', '.env'] }
[TEST SETUP] Dotenv result: {
  parsed: {
    DATABASE_URL: [32m'postgresql://neondb_owner:npg_RrVLk0A3iwGU@ep-muddy-band-acxjnbbp-pooler.sa-east-1.aws.neon.tech/neondb?sslmode=require&channel_binding=require'[39m
  }
}
[TEST SETUP] DATABASE_URL from .env.test: postgresql://neondb_owner:npg_RrVLk0A3iwGU@ep-muddy-band-acxjnbbp-pooler.sa-east-1.aws.neon.tech/neondb?sslmode=require&channel_binding=require
[TEST SETUP] Set TEST_DATABASE_URL from DATABASE_URL
[TEST SETUP] Deleted DATABASE_URL, TEST_DATABASE_URL: SET

 [32mΓ£ô[39m [35m|unit|[39m __tests__/__unit__/domain/position/calculators/earnings.calculator.test.ts [2m ([22m[2m7 tests[22m[2m)[22m[90m 14[2mms[22m[39m
[90mstdout[2m | __tests__/__unit__/domain/portfolio/calculators/return.calculator.test.ts[22m[39m
[TEST SETUP] Loading .env.test from: C:\Users\moisreis\Projects\meta-investimentos\.env.test
Γùç injected env (1) from .env.test // tip: Γîÿ custom filepath { path: '/custom/path/.env' }
[TEST SETUP] Dotenv result: {
  parsed: {
    DATABASE_URL: [32m'postgresql://neondb_owner:npg_RrVLk0A3iwGU@ep-muddy-band-acxjnbbp-pooler.sa-east-1.aws.neon.tech/neondb?sslmode=require&channel_binding=require'[39m
  }
}
[TEST SETUP] DATABASE_URL from .env.test: postgresql://neondb_owner:npg_RrVLk0A3iwGU@ep-muddy-band-acxjnbbp-pooler.sa-east-1.aws.neon.tech/neondb?sslmode=require&channel_binding=require
[TEST SETUP] Set TEST_DATABASE_URL from DATABASE_URL
[TEST SETUP] Deleted DATABASE_URL, TEST_DATABASE_URL: SET

 [32mΓ£ô[39m [35m|unit|[39m __tests__/__unit__/infrastructure/verification/mappers/verification.mapper.test.ts [2m ([22m[2m5 tests[22m[2m)[22m[90m 13[2mms[22m[39m
 [32mΓ£ô[39m [35m|unit|[39m __tests__/__unit__/services/bank/use-cases/list-banks.use-case.test.ts [2m ([22m[2m3 tests[22m[2m)[22m[90m 12[2mms[22m[39m
[90mstdout[2m | __tests__/__unit__/services/fund/use-cases/get-fund.use-case.test.ts[22m[39m
[TEST SETUP] Loading .env.test from: C:\Users\moisreis\Projects\meta-investimentos\.env.test
Γùç injected env (1) from .env.test // tip: Γùê encrypted .env [www.dotenvx.com]
[TEST SETUP] Dotenv result: {
  parsed: {
    DATABASE_URL: [32m'postgresql://neondb_owner:npg_RrVLk0A3iwGU@ep-muddy-band-acxjnbbp-pooler.sa-east-1.aws.neon.tech/neondb?sslmode=require&channel_binding=require'[39m
  }
}
[TEST SETUP] DATABASE_URL from .env.test: postgresql://neondb_owner:npg_RrVLk0A3iwGU@ep-muddy-band-acxjnbbp-pooler.sa-east-1.aws.neon.tech/neondb?sslmode=require&channel_binding=require
[TEST SETUP] Set TEST_DATABASE_URL from DATABASE_URL
[TEST SETUP] Deleted DATABASE_URL, TEST_DATABASE_URL: SET

 [32mΓ£ô[39m [35m|unit|[39m __tests__/__unit__/domain/portfolio/calculators/return.calculator.test.ts [2m ([22m[2m8 tests[22m[2m)[22m[90m 14[2mms[22m[39m
[90mstdout[2m | __tests__/__unit__/domain/position/calculators/position-allocation.calculator.test.ts[22m[39m
[TEST SETUP] Loading .env.test from: C:\Users\moisreis\Projects\meta-investimentos\.env.test
Γùç injected env (1) from .env.test // tip: Γîÿ suppress logs { quiet: true }
[TEST SETUP] Dotenv result: {
  parsed: {
    DATABASE_URL: [32m'postgresql://neondb_owner:npg_RrVLk0A3iwGU@ep-muddy-band-acxjnbbp-pooler.sa-east-1.aws.neon.tech/neondb?sslmode=require&channel_binding=require'[39m
  }
}
[TEST SETUP] DATABASE_URL from .env.test: postgresql://neondb_owner:npg_RrVLk0A3iwGU@ep-muddy-band-acxjnbbp-pooler.sa-east-1.aws.neon.tech/neondb?sslmode=require&channel_binding=require
[TEST SETUP] Set TEST_DATABASE_URL from DATABASE_URL
[TEST SETUP] Deleted DATABASE_URL, TEST_DATABASE_URL: SET

[90mstdout[2m | __tests__/__unit__/services/bank-account/mappers/bank-account.mapper.test.ts[22m[39m
[TEST SETUP] Loading .env.test from: C:\Users\moisreis\Projects\meta-investimentos\.env.test
Γùç injected env (1) from .env.test // tip: Γîÿ multiple files { path: ['.env.local', '.env'] }
[TEST SETUP] Dotenv result: {
  parsed: {
    DATABASE_URL: [32m'postgresql://neondb_owner:npg_RrVLk0A3iwGU@ep-muddy-band-acxjnbbp-pooler.sa-east-1.aws.neon.tech/neondb?sslmode=require&channel_binding=require'[39m
  }
}
[TEST SETUP] DATABASE_URL from .env.test: postgresql://neondb_owner:npg_RrVLk0A3iwGU@ep-muddy-band-acxjnbbp-pooler.sa-east-1.aws.neon.tech/neondb?sslmode=require&channel_binding=require
[TEST SETUP] Set TEST_DATABASE_URL from DATABASE_URL
[TEST SETUP] Deleted DATABASE_URL, TEST_DATABASE_URL: SET

 [32mΓ£ô[39m [35m|unit|[39m __tests__/__unit__/services/fund/use-cases/get-fund.use-case.test.ts [2m ([22m[2m5 tests[22m[2m)[22m[90m 18[2mms[22m[39m
 [32mΓ£ô[39m [35m|unit|[39m __tests__/__unit__/domain/position/calculators/position-allocation.calculator.test.ts [2m ([22m[2m13 tests[22m[2m)[22m[90m 15[2mms[22m[39m
 [32mΓ£ô[39m [35m|unit|[39m __tests__/__unit__/services/bank-account/mappers/bank-account.mapper.test.ts [2m ([22m[2m8 tests[22m[2m)[22m[90m 13[2mms[22m[39m
[90mstdout[2m | __tests__/__unit__/services/application/use-cases/list-applications.use-case.test.ts[22m[39m
[TEST SETUP] Loading .env.test from: C:\Users\moisreis\Projects\meta-investimentos\.env.test
Γùç injected env (1) from .env.test // tip: Γùê encrypted .env [www.dotenvx.com]
[TEST SETUP] Dotenv result: {
  parsed: {
    DATABASE_URL: [32m'postgresql://neondb_owner:npg_RrVLk0A3iwGU@ep-muddy-band-acxjnbbp-pooler.sa-east-1.aws.neon.tech/neondb?sslmode=require&channel_binding=require'[39m
  }
}
[TEST SETUP] DATABASE_URL from .env.test: postgresql://neondb_owner:npg_RrVLk0A3iwGU@ep-muddy-band-acxjnbbp-pooler.sa-east-1.aws.neon.tech/neondb?sslmode=require&channel_binding=require
[TEST SETUP] Set TEST_DATABASE_URL from DATABASE_URL
[TEST SETUP] Deleted DATABASE_URL, TEST_DATABASE_URL: SET

[90mstdout[2m | __tests__/__unit__/services/norm/use-cases/list-norms.use-case.test.ts[22m[39m
[TEST SETUP] Loading .env.test from: C:\Users\moisreis\Projects\meta-investimentos\.env.test
Γùç injected env (1) from .env.test // tip: Γùê encrypted .env [www.dotenvx.com]
[TEST SETUP] Dotenv result: {
  parsed: {
    DATABASE_URL: [32m'postgresql://neondb_owner:npg_RrVLk0A3iwGU@ep-muddy-band-acxjnbbp-pooler.sa-east-1.aws.neon.tech/neondb?sslmode=require&channel_binding=require'[39m
  }
}
[TEST SETUP] DATABASE_URL from .env.test: postgresql://neondb_owner:npg_RrVLk0A3iwGU@ep-muddy-band-acxjnbbp-pooler.sa-east-1.aws.neon.tech/neondb?sslmode=require&channel_binding=require
[TEST SETUP] Set TEST_DATABASE_URL from DATABASE_URL
[TEST SETUP] Deleted DATABASE_URL, TEST_DATABASE_URL: SET

[90mstdout[2m | __tests__/__unit__/services/application/use-cases/list-all-applications.use-case.test.ts[22m[39m
[TEST SETUP] Loading .env.test from: C:\Users\moisreis\Projects\meta-investimentos\.env.test
Γùç injected env (1) from .env.test // tip: Γùê secrets for agents [www.dotenvx.com]
[TEST SETUP] Dotenv result: {
  parsed: {
    DATABASE_URL: [32m'postgresql://neondb_owner:npg_RrVLk0A3iwGU@ep-muddy-band-acxjnbbp-pooler.sa-east-1.aws.neon.tech/neondb?sslmode=require&channel_binding=require'[39m
  }
}
[TEST SETUP] DATABASE_URL from .env.test: postgresql://neondb_owner:npg_RrVLk0A3iwGU@ep-muddy-band-acxjnbbp-pooler.sa-east-1.aws.neon.tech/neondb?sslmode=require&channel_binding=require
[TEST SETUP] Set TEST_DATABASE_URL from DATABASE_URL
[TEST SETUP] Deleted DATABASE_URL, TEST_DATABASE_URL: SET

 [32mΓ£ô[39m [35m|unit|[39m __tests__/__unit__/services/application/use-cases/list-applications.use-case.test.ts [2m ([22m[2m4 tests[22m[2m)[22m[90m 20[2mms[22m[39m
[90mstdout[2m | __tests__/__unit__/services/withdrawal/use-cases/list-withdrawals.use-case.test.ts[22m[39m
[TEST SETUP] Loading .env.test from: C:\Users\moisreis\Projects\meta-investimentos\.env.test
Γùç injected env (1) from .env.test // tip: Γîÿ multiple files { path: ['.env.local', '.env'] }
[TEST SETUP] Dotenv result: {
  parsed: {
    DATABASE_URL: [32m'postgresql://neondb_owner:npg_RrVLk0A3iwGU@ep-muddy-band-acxjnbbp-pooler.sa-east-1.aws.neon.tech/neondb?sslmode=require&channel_binding=require'[39m
  }
}
[TEST SETUP] DATABASE_URL from .env.test: postgresql://neondb_owner:npg_RrVLk0A3iwGU@ep-muddy-band-acxjnbbp-pooler.sa-east-1.aws.neon.tech/neondb?sslmode=require&channel_binding=require
[TEST SETUP] Set TEST_DATABASE_URL from DATABASE_URL
[TEST SETUP] Deleted DATABASE_URL, TEST_DATABASE_URL: SET

 [32mΓ£ô[39m [35m|unit|[39m __tests__/__unit__/services/norm/use-cases/list-norms.use-case.test.ts [2m ([22m[2m5 tests[22m[2m)[22m[90m 17[2mms[22m[39m
 [32mΓ£ô[39m [35m|unit|[39m __tests__/__unit__/services/application/use-cases/list-all-applications.use-case.test.ts [2m ([22m[2m5 tests[22m[2m)[22m[90m 16[2mms[22m[39m
[90mstdout[2m | __tests__/__unit__/services/quota/use-cases/list-quota-dates.use-case.test.ts[22m[39m
[TEST SETUP] Loading .env.test from: C:\Users\moisreis\Projects\meta-investimentos\.env.test
Γùç injected env (1) from .env.test // tip: Γîü auth for agents [www.vestauth.com]
[TEST SETUP] Dotenv result: {
  parsed: {
    DATABASE_URL: [32m'postgresql://neondb_owner:npg_RrVLk0A3iwGU@ep-muddy-band-acxjnbbp-pooler.sa-east-1.aws.neon.tech/neondb?sslmode=require&channel_binding=require'[39m
  }
}
[TEST SETUP] DATABASE_URL from .env.test: postgresql://neondb_owner:npg_RrVLk0A3iwGU@ep-muddy-band-acxjnbbp-pooler.sa-east-1.aws.neon.tech/neondb?sslmode=require&channel_binding=require
[TEST SETUP] Set TEST_DATABASE_URL from DATABASE_URL
[TEST SETUP] Deleted DATABASE_URL, TEST_DATABASE_URL: SET

[90mstdout[2m | __tests__/__unit__/services/withdrawal/use-cases/list-all-withdrawals.use-case.test.ts[22m[39m
[TEST SETUP] Loading .env.test from: C:\Users\moisreis\Projects\meta-investimentos\.env.test
Γùç injected env (1) from .env.test // tip: Γîÿ override existing { override: true }
[TEST SETUP] Dotenv result: {
  parsed: {
    DATABASE_URL: [32m'postgresql://neondb_owner:npg_RrVLk0A3iwGU@ep-muddy-band-acxjnbbp-pooler.sa-east-1.aws.neon.tech/neondb?sslmode=require&channel_binding=require'[39m
  }
}
[TEST SETUP] DATABASE_URL from .env.test: postgresql://neondb_owner:npg_RrVLk0A3iwGU@ep-muddy-band-acxjnbbp-pooler.sa-east-1.aws.neon.tech/neondb?sslmode=require&channel_binding=require
[TEST SETUP] Set TEST_DATABASE_URL from DATABASE_URL
[TEST SETUP] Deleted DATABASE_URL, TEST_DATABASE_URL: SET

 [32mΓ£ô[39m [35m|unit|[39m __tests__/__unit__/services/withdrawal/use-cases/list-withdrawals.use-case.test.ts [2m ([22m[2m4 tests[22m[2m)[22m[90m 18[2mms[22m[39m
[90mstdout[2m | __tests__/__unit__/services/norm/use-cases/get-norm.use-case.test.ts[22m[39m
[TEST SETUP] Loading .env.test from: C:\Users\moisreis\Projects\meta-investimentos\.env.test
Γùç injected env (1) from .env.test // tip: Γùê secrets for agents [www.dotenvx.com]
[TEST SETUP] Dotenv result: {
  parsed: {
    DATABASE_URL: [32m'postgresql://neondb_owner:npg_RrVLk0A3iwGU@ep-muddy-band-acxjnbbp-pooler.sa-east-1.aws.neon.tech/neondb?sslmode=require&channel_binding=require'[39m
  }
}
[TEST SETUP] DATABASE_URL from .env.test: postgresql://neondb_owner:npg_RrVLk0A3iwGU@ep-muddy-band-acxjnbbp-pooler.sa-east-1.aws.neon.tech/neondb?sslmode=require&channel_binding=require
[TEST SETUP] Set TEST_DATABASE_URL from DATABASE_URL
[TEST SETUP] Deleted DATABASE_URL, TEST_DATABASE_URL: SET

 [32mΓ£ô[39m [35m|unit|[39m __tests__/__unit__/services/quota/use-cases/list-quota-dates.use-case.test.ts [2m ([22m[2m5 tests[22m[2m)[22m[90m 15[2mms[22m[39m
 [32mΓ£ô[39m [35m|unit|[39m __tests__/__unit__/services/withdrawal/use-cases/list-all-withdrawals.use-case.test.ts [2m ([22m[2m5 tests[22m[2m)[22m[90m 21[2mms[22m[39m
 [32mΓ£ô[39m [35m|unit|[39m __tests__/__unit__/services/norm/use-cases/get-norm.use-case.test.ts [2m ([22m[2m5 tests[22m[2m)[22m[90m 16[2mms[22m[39m
[90mstdout[2m | __tests__/__unit__/services/application/use-cases/reverse-application.use-case.test.ts[22m[39m
[TEST SETUP] Loading .env.test from: C:\Users\moisreis\Projects\meta-investimentos\.env.test
Γùç injected env (1) from .env.test // tip: Γîÿ enable debugging { debug: true }
[TEST SETUP] Dotenv result: {
  parsed: {
    DATABASE_URL: [32m'postgresql://neondb_owner:npg_RrVLk0A3iwGU@ep-muddy-band-acxjnbbp-pooler.sa-east-1.aws.neon.tech/neondb?sslmode=require&channel_binding=require'[39m
  }
}
[TEST SETUP] DATABASE_URL from .env.test: postgresql://neondb_owner:npg_RrVLk0A3iwGU@ep-muddy-band-acxjnbbp-pooler.sa-east-1.aws.neon.tech/neondb?sslmode=require&channel_binding=require
[TEST SETUP] Set TEST_DATABASE_URL from DATABASE_URL
[TEST SETUP] Deleted DATABASE_URL, TEST_DATABASE_URL: SET

[90mstdout[2m | __tests__/__unit__/domain/portfolio/calculators/cumulative-target.calculator.test.ts[22m[39m
[TEST SETUP] Loading .env.test from: C:\Users\moisreis\Projects\meta-investimentos\.env.test
Γùç injected env (1) from .env.test // tip: Γîÿ custom filepath { path: '/custom/path/.env' }
[TEST SETUP] Dotenv result: {
  parsed: {
    DATABASE_URL: [32m'postgresql://neondb_owner:npg_RrVLk0A3iwGU@ep-muddy-band-acxjnbbp-pooler.sa-east-1.aws.neon.tech/neondb?sslmode=require&channel_binding=require'[39m
  }
}
[TEST SETUP] DATABASE_URL from .env.test: postgresql://neondb_owner:npg_RrVLk0A3iwGU@ep-muddy-band-acxjnbbp-pooler.sa-east-1.aws.neon.tech/neondb?sslmode=require&channel_binding=require
[TEST SETUP] Set TEST_DATABASE_URL from DATABASE_URL
[TEST SETUP] Deleted DATABASE_URL, TEST_DATABASE_URL: SET

[90mstdout[2m | __tests__/__unit__/domain/position/calculators/application-quotas-sum.calculator.test.ts[22m[39m
[TEST SETUP] Loading .env.test from: C:\Users\moisreis\Projects\meta-investimentos\.env.test
Γùç injected env (1) from .env.test // tip: Γîÿ suppress logs { quiet: true }
[TEST SETUP] Dotenv result: {
  parsed: {
    DATABASE_URL: [32m'postgresql://neondb_owner:npg_RrVLk0A3iwGU@ep-muddy-band-acxjnbbp-pooler.sa-east-1.aws.neon.tech/neondb?sslmode=require&channel_binding=require'[39m
  }
}
[TEST SETUP] DATABASE_URL from .env.test: postgresql://neondb_owner:npg_RrVLk0A3iwGU@ep-muddy-band-acxjnbbp-pooler.sa-east-1.aws.neon.tech/neondb?sslmode=require&channel_binding=require
[TEST SETUP] Set TEST_DATABASE_URL from DATABASE_URL
[TEST SETUP] Deleted DATABASE_URL, TEST_DATABASE_URL: SET

 [32mΓ£ô[39m [35m|unit|[39m __tests__/__unit__/services/application/use-cases/reverse-application.use-case.test.ts [2m ([22m[2m4 tests[22m[2m)[22m[90m 22[2mms[22m[39m
[90mstdout[2m | __tests__/__unit__/infrastructure/norms-portfolio/mappers/norms-portfolios.mapper.test.ts[22m[39m
[TEST SETUP] Loading .env.test from: C:\Users\moisreis\Projects\meta-investimentos\.env.test
Γùç injected env (1) from .env.test // tip: Γîÿ multiple files { path: ['.env.local', '.env'] }
[TEST SETUP] Dotenv result: {
  parsed: {
    DATABASE_URL: [32m'postgresql://neondb_owner:npg_RrVLk0A3iwGU@ep-muddy-band-acxjnbbp-pooler.sa-east-1.aws.neon.tech/neondb?sslmode=require&channel_binding=require'[39m
  }
}
[TEST SETUP] DATABASE_URL from .env.test: postgresql://neondb_owner:npg_RrVLk0A3iwGU@ep-muddy-band-acxjnbbp-pooler.sa-east-1.aws.neon.tech/neondb?sslmode=require&channel_binding=require
[TEST SETUP] Set TEST_DATABASE_URL from DATABASE_URL
[TEST SETUP] Deleted DATABASE_URL, TEST_DATABASE_URL: SET

 [32mΓ£ô[39m [35m|unit|[39m __tests__/__unit__/domain/portfolio/calculators/cumulative-target.calculator.test.ts [2m ([22m[2m7 tests[22m[2m)[22m[90m 13[2mms[22m[39m
 [32mΓ£ô[39m [35m|unit|[39m __tests__/__unit__/domain/position/calculators/application-quotas-sum.calculator.test.ts [2m ([22m[2m7 tests[22m[2m)[22m[90m 10[2mms[22m[39m
[90mstdout[2m | __tests__/__unit__/services/benchmark-history/use-cases/get-benchmark-history.use-case.test.ts[22m[39m
[TEST SETUP] Loading .env.test from: C:\Users\moisreis\Projects\meta-investimentos\.env.test
Γùç injected env (1) from .env.test // tip: Γîÿ enable debugging { debug: true }
[TEST SETUP] Dotenv result: {
  parsed: {
    DATABASE_URL: [32m'postgresql://neondb_owner:npg_RrVLk0A3iwGU@ep-muddy-band-acxjnbbp-pooler.sa-east-1.aws.neon.tech/neondb?sslmode=require&channel_binding=require'[39m
  }
}
[TEST SETUP] DATABASE_URL from .env.test: postgresql://neondb_owner:npg_RrVLk0A3iwGU@ep-muddy-band-acxjnbbp-pooler.sa-east-1.aws.neon.tech/neondb?sslmode=require&channel_binding=require
[TEST SETUP] Set TEST_DATABASE_URL from DATABASE_URL
[TEST SETUP] Deleted DATABASE_URL, TEST_DATABASE_URL: SET

[90mstdout[2m | __tests__/__unit__/domain/position/calculators/withdrawal-quotas-sum.calculator.test.ts[22m[39m
[TEST SETUP] Loading .env.test from: C:\Users\moisreis\Projects\meta-investimentos\.env.test
Γùç injected env (1) from .env.test // tip: Γîÿ multiple files { path: ['.env.local', '.env'] }
[TEST SETUP] Dotenv result: {
  parsed: {
    DATABASE_URL: [32m'postgresql://neondb_owner:npg_RrVLk0A3iwGU@ep-muddy-band-acxjnbbp-pooler.sa-east-1.aws.neon.tech/neondb?sslmode=require&channel_binding=require'[39m
  }
}
[TEST SETUP] DATABASE_URL from .env.test: postgresql://neondb_owner:npg_RrVLk0A3iwGU@ep-muddy-band-acxjnbbp-pooler.sa-east-1.aws.neon.tech/neondb?sslmode=require&channel_binding=require
[TEST SETUP] Set TEST_DATABASE_URL from DATABASE_URL
[TEST SETUP] Deleted DATABASE_URL, TEST_DATABASE_URL: SET

 [32mΓ£ô[39m [35m|unit|[39m __tests__/__unit__/infrastructure/norms-portfolio/mappers/norms-portfolios.mapper.test.ts [2m ([22m[2m3 tests[22m[2m)[22m[90m 13[2mms[22m[39m
[90mstdout[2m | __tests__/__unit__/services/checking-account/use-cases/bulk-delete-checking-accounts.use-case.test.ts[22m[39m
[TEST SETUP] Loading .env.test from: C:\Users\moisreis\Projects\meta-investimentos\.env.test
Γùç injected env (1) from .env.test // tip: Γîÿ enable debugging { debug: true }
[TEST SETUP] Dotenv result: {
  parsed: {
    DATABASE_URL: [32m'postgresql://neondb_owner:npg_RrVLk0A3iwGU@ep-muddy-band-acxjnbbp-pooler.sa-east-1.aws.neon.tech/neondb?sslmode=require&channel_binding=require'[39m
  }
}
[TEST SETUP] DATABASE_URL from .env.test: postgresql://neondb_owner:npg_RrVLk0A3iwGU@ep-muddy-band-acxjnbbp-pooler.sa-east-1.aws.neon.tech/neondb?sslmode=require&channel_binding=require
[TEST SETUP] Set TEST_DATABASE_URL from DATABASE_URL
[TEST SETUP] Deleted DATABASE_URL, TEST_DATABASE_URL: SET

 [32mΓ£ô[39m [35m|unit|[39m __tests__/__unit__/domain/position/calculators/withdrawal-quotas-sum.calculator.test.ts [2m ([22m[2m7 tests[22m[2m)[22m[90m 12[2mms[22m[39m
 [32mΓ£ô[39m [35m|unit|[39m __tests__/__unit__/services/benchmark-history/use-cases/get-benchmark-history.use-case.test.ts [2m ([22m[2m3 tests[22m[2m)[22m[90m 21[2mms[22m[39m
[90mstdout[2m | __tests__/__unit__/services/withdrawal/use-cases/reverse-withdrawal.use-case.test.ts[22m[39m
[TEST SETUP] Loading .env.test from: C:\Users\moisreis\Projects\meta-investimentos\.env.test
Γùç injected env (1) from .env.test // tip: Γùê secrets for agents [www.dotenvx.com]
[TEST SETUP] Dotenv result: {
  parsed: {
    DATABASE_URL: [32m'postgresql://neondb_owner:npg_RrVLk0A3iwGU@ep-muddy-band-acxjnbbp-pooler.sa-east-1.aws.neon.tech/neondb?sslmode=require&channel_binding=require'[39m
  }
}
[TEST SETUP] DATABASE_URL from .env.test: postgresql://neondb_owner:npg_RrVLk0A3iwGU@ep-muddy-band-acxjnbbp-pooler.sa-east-1.aws.neon.tech/neondb?sslmode=require&channel_binding=require
[TEST SETUP] Set TEST_DATABASE_URL from DATABASE_URL
[TEST SETUP] Deleted DATABASE_URL, TEST_DATABASE_URL: SET

[90mstdout[2m | __tests__/__unit__/infrastructure/quota/mappers/quota.mapper.test.ts[22m[39m
[TEST SETUP] Loading .env.test from: C:\Users\moisreis\Projects\meta-investimentos\.env.test
Γùç injected env (1) from .env.test // tip: Γùê secrets for agents [www.dotenvx.com]
[TEST SETUP] Dotenv result: {
  parsed: {
    DATABASE_URL: [32m'postgresql://neondb_owner:npg_RrVLk0A3iwGU@ep-muddy-band-acxjnbbp-pooler.sa-east-1.aws.neon.tech/neondb?sslmode=require&channel_binding=require'[39m
  }
}
[TEST SETUP] DATABASE_URL from .env.test: postgresql://neondb_owner:npg_RrVLk0A3iwGU@ep-muddy-band-acxjnbbp-pooler.sa-east-1.aws.neon.tech/neondb?sslmode=require&channel_binding=require
[TEST SETUP] Set TEST_DATABASE_URL from DATABASE_URL
[TEST SETUP] Deleted DATABASE_URL, TEST_DATABASE_URL: SET

 [32mΓ£ô[39m [35m|unit|[39m __tests__/__unit__/services/checking-account/use-cases/bulk-delete-checking-accounts.use-case.test.ts [2m ([22m[2m4 tests[22m[2m)[22m[90m 16[2mms[22m[39m
[90mstdout[2m | __tests__/__unit__/services/position-performance/use-cases/delete-position-performance.use-case.test.ts[22m[39m
[TEST SETUP] Loading .env.test from: C:\Users\moisreis\Projects\meta-investimentos\.env.test
Γùç injected env (1) from .env.test // tip: Γîÿ enable debugging { debug: true }
[TEST SETUP] Dotenv result: {
  parsed: {
    DATABASE_URL: [32m'postgresql://neondb_owner:npg_RrVLk0A3iwGU@ep-muddy-band-acxjnbbp-pooler.sa-east-1.aws.neon.tech/neondb?sslmode=require&channel_binding=require'[39m
  }
}
[TEST SETUP] DATABASE_URL from .env.test: postgresql://neondb_owner:npg_RrVLk0A3iwGU@ep-muddy-band-acxjnbbp-pooler.sa-east-1.aws.neon.tech/neondb?sslmode=require&channel_binding=require
[TEST SETUP] Set TEST_DATABASE_URL from DATABASE_URL
[TEST SETUP] Deleted DATABASE_URL, TEST_DATABASE_URL: SET

 [32mΓ£ô[39m [35m|unit|[39m __tests__/__unit__/infrastructure/quota/mappers/quota.mapper.test.ts [2m ([22m[2m5 tests[22m[2m)[22m[90m 13[2mms[22m[39m
 [32mΓ£ô[39m [35m|unit|[39m __tests__/__unit__/services/withdrawal/use-cases/reverse-withdrawal.use-case.test.ts [2m ([22m[2m4 tests[22m[2m)[22m[90m 20[2mms[22m[39m
[90mstdout[2m | __tests__/__unit__/services/quota/use-cases/list-quotas.use-case.test.ts[22m[39m
[TEST SETUP] Loading .env.test from: C:\Users\moisreis\Projects\meta-investimentos\.env.test
Γùç injected env (1) from .env.test // tip: Γîÿ custom filepath { path: '/custom/path/.env' }
[TEST SETUP] Dotenv result: {
  parsed: {
    DATABASE_URL: [32m'postgresql://neondb_owner:npg_RrVLk0A3iwGU@ep-muddy-band-acxjnbbp-pooler.sa-east-1.aws.neon.tech/neondb?sslmode=require&channel_binding=require'[39m
  }
}
[TEST SETUP] DATABASE_URL from .env.test: postgresql://neondb_owner:npg_RrVLk0A3iwGU@ep-muddy-band-acxjnbbp-pooler.sa-east-1.aws.neon.tech/neondb?sslmode=require&channel_binding=require
[TEST SETUP] Set TEST_DATABASE_URL from DATABASE_URL
[TEST SETUP] Deleted DATABASE_URL, TEST_DATABASE_URL: SET

 [32mΓ£ô[39m [35m|unit|[39m __tests__/__unit__/services/position-performance/use-cases/delete-position-performance.use-case.test.ts [2m ([22m[2m5 tests[22m[2m)[22m[90m 14[2mms[22m[39m
[90mstdout[2m | __tests__/__unit__/services/bank-account/use-cases/get-bank-account.use-case.test.ts[22m[39m
[TEST SETUP] Loading .env.test from: C:\Users\moisreis\Projects\meta-investimentos\.env.test
Γùç injected env (1) from .env.test // tip: Γùê encrypted .env [www.dotenvx.com]
[TEST SETUP] Dotenv result: {
  parsed: {
    DATABASE_URL: [32m'postgresql://neondb_owner:npg_RrVLk0A3iwGU@ep-muddy-band-acxjnbbp-pooler.sa-east-1.aws.neon.tech/neondb?sslmode=require&channel_binding=require'[39m
  }
}
[TEST SETUP] DATABASE_URL from .env.test: postgresql://neondb_owner:npg_RrVLk0A3iwGU@ep-muddy-band-acxjnbbp-pooler.sa-east-1.aws.neon.tech/neondb?sslmode=require&channel_binding=require
[TEST SETUP] Set TEST_DATABASE_URL from DATABASE_URL
[TEST SETUP] Deleted DATABASE_URL, TEST_DATABASE_URL: SET

[90mstdout[2m | __tests__/__unit__/services/bank-account/use-cases/bulk-delete-bank-accounts.use-case.test.ts[22m[39m
[TEST SETUP] Loading .env.test from: C:\Users\moisreis\Projects\meta-investimentos\.env.test
Γùç injected env (1) from .env.test // tip: Γîÿ custom filepath { path: '/custom/path/.env' }
[TEST SETUP] Dotenv result: {
  parsed: {
    DATABASE_URL: [32m'postgresql://neondb_owner:npg_RrVLk0A3iwGU@ep-muddy-band-acxjnbbp-pooler.sa-east-1.aws.neon.tech/neondb?sslmode=require&channel_binding=require'[39m
  }
}
[TEST SETUP] DATABASE_URL from .env.test: postgresql://neondb_owner:npg_RrVLk0A3iwGU@ep-muddy-band-acxjnbbp-pooler.sa-east-1.aws.neon.tech/neondb?sslmode=require&channel_binding=require
[TEST SETUP] Set TEST_DATABASE_URL from DATABASE_URL
[TEST SETUP] Deleted DATABASE_URL, TEST_DATABASE_URL: SET

 [32mΓ£ô[39m [35m|unit|[39m __tests__/__unit__/services/quota/use-cases/list-quotas.use-case.test.ts [2m ([22m[2m5 tests[22m[2m)[22m[90m 19[2mms[22m[39m
 [32mΓ£ô[39m [35m|unit|[39m __tests__/__unit__/services/bank-account/use-cases/get-bank-account.use-case.test.ts [2m ([22m[2m3 tests[22m[2m)[22m[90m 14[2mms[22m[39m
[90mstdout[2m | __tests__/__unit__/services/category/use-cases/create-category.use-case.test.ts[22m[39m
[TEST SETUP] Loading .env.test from: C:\Users\moisreis\Projects\meta-investimentos\.env.test
Γùç injected env (1) from .env.test // tip: Γîÿ custom filepath { path: '/custom/path/.env' }
[TEST SETUP] Dotenv result: {
  parsed: {
    DATABASE_URL: [32m'postgresql://neondb_owner:npg_RrVLk0A3iwGU@ep-muddy-band-acxjnbbp-pooler.sa-east-1.aws.neon.tech/neondb?sslmode=require&channel_binding=require'[39m
  }
}
[TEST SETUP] DATABASE_URL from .env.test: postgresql://neondb_owner:npg_RrVLk0A3iwGU@ep-muddy-band-acxjnbbp-pooler.sa-east-1.aws.neon.tech/neondb?sslmode=require&channel_binding=require
[TEST SETUP] Set TEST_DATABASE_URL from DATABASE_URL
[TEST SETUP] Deleted DATABASE_URL, TEST_DATABASE_URL: SET

 [32mΓ£ô[39m [35m|unit|[39m __tests__/__unit__/services/bank-account/use-cases/bulk-delete-bank-accounts.use-case.test.ts [2m ([22m[2m3 tests[22m[2m)[22m[90m 13[2mms[22m[39m
[90mstdout[2m | __tests__/__unit__/services/transaction-allocation/use-cases/list-transaction-allocations.use-case.test.ts[22m[39m
[TEST SETUP] Loading .env.test from: C:\Users\moisreis\Projects\meta-investimentos\.env.test
Γùç injected env (1) from .env.test // tip: Γîÿ suppress logs { quiet: true }
[TEST SETUP] Dotenv result: {
  parsed: {
    DATABASE_URL: [32m'postgresql://neondb_owner:npg_RrVLk0A3iwGU@ep-muddy-band-acxjnbbp-pooler.sa-east-1.aws.neon.tech/neondb?sslmode=require&channel_binding=require'[39m
  }
}
[TEST SETUP] DATABASE_URL from .env.test: postgresql://neondb_owner:npg_RrVLk0A3iwGU@ep-muddy-band-acxjnbbp-pooler.sa-east-1.aws.neon.tech/neondb?sslmode=require&channel_binding=require
[TEST SETUP] Set TEST_DATABASE_URL from DATABASE_URL
[TEST SETUP] Deleted DATABASE_URL, TEST_DATABASE_URL: SET

[90mstdout[2m | __tests__/__unit__/services/bank/use-cases/bulk-delete-banks.use-case.test.ts[22m[39m
[TEST SETUP] Loading .env.test from: C:\Users\moisreis\Projects\meta-investimentos\.env.test
Γùç injected env (1) from .env.test // tip: Γùê secrets for agents [www.dotenvx.com]
[TEST SETUP] Dotenv result: {
  parsed: {
    DATABASE_URL: [32m'postgresql://neondb_owner:npg_RrVLk0A3iwGU@ep-muddy-band-acxjnbbp-pooler.sa-east-1.aws.neon.tech/neondb?sslmode=require&channel_binding=require'[39m
  }
}
[TEST SETUP] DATABASE_URL from .env.test: postgresql://neondb_owner:npg_RrVLk0A3iwGU@ep-muddy-band-acxjnbbp-pooler.sa-east-1.aws.neon.tech/neondb?sslmode=require&channel_binding=require
[TEST SETUP] Set TEST_DATABASE_URL from DATABASE_URL
[TEST SETUP] Deleted DATABASE_URL, TEST_DATABASE_URL: SET

 [32mΓ£ô[39m [35m|unit|[39m __tests__/__unit__/services/category/use-cases/create-category.use-case.test.ts [2m ([22m[2m6 tests[22m[2m)[22m[90m 21[2mms[22m[39m
 [32mΓ£ô[39m [35m|unit|[39m __tests__/__unit__/services/bank/use-cases/bulk-delete-banks.use-case.test.ts [2m ([22m[2m4 tests[22m[2m)[22m[90m 14[2mms[22m[39m
 [32mΓ£ô[39m [35m|unit|[39m __tests__/__unit__/services/transaction-allocation/use-cases/list-transaction-allocations.use-case.test.ts [2m ([22m[2m3 tests[22m[2m)[22m[90m 15[2mms[22m[39m
[90mstdout[2m | __tests__/__unit__/services/portfolio/use-cases/list-portfolios.use-case.test.ts[22m[39m
[TEST SETUP] Loading .env.test from: C:\Users\moisreis\Projects\meta-investimentos\.env.test
Γùç injected env (1) from .env.test // tip: Γîÿ enable debugging { debug: true }
[TEST SETUP] Dotenv result: {
  parsed: {
    DATABASE_URL: [32m'postgresql://neondb_owner:npg_RrVLk0A3iwGU@ep-muddy-band-acxjnbbp-pooler.sa-east-1.aws.neon.tech/neondb?sslmode=require&channel_binding=require'[39m
  }
}
[TEST SETUP] DATABASE_URL from .env.test: postgresql://neondb_owner:npg_RrVLk0A3iwGU@ep-muddy-band-acxjnbbp-pooler.sa-east-1.aws.neon.tech/neondb?sslmode=require&channel_binding=require
[TEST SETUP] Set TEST_DATABASE_URL from DATABASE_URL
[TEST SETUP] Deleted DATABASE_URL, TEST_DATABASE_URL: SET

[90mstdout[2m | __tests__/__unit__/services/portfolio/use-cases/get-portfolio.use-case.test.ts[22m[39m
[TEST SETUP] Loading .env.test from: C:\Users\moisreis\Projects\meta-investimentos\.env.test
Γùç injected env (1) from .env.test // tip: Γîÿ custom filepath { path: '/custom/path/.env' }
[TEST SETUP] Dotenv result: {
  parsed: {
    DATABASE_URL: [32m'postgresql://neondb_owner:npg_RrVLk0A3iwGU@ep-muddy-band-acxjnbbp-pooler.sa-east-1.aws.neon.tech/neondb?sslmode=require&channel_binding=require'[39m
  }
}
[TEST SETUP] DATABASE_URL from .env.test: postgresql://neondb_owner:npg_RrVLk0A3iwGU@ep-muddy-band-acxjnbbp-pooler.sa-east-1.aws.neon.tech/neondb?sslmode=require&channel_binding=require
[TEST SETUP] Set TEST_DATABASE_URL from DATABASE_URL
[TEST SETUP] Deleted DATABASE_URL, TEST_DATABASE_URL: SET

 [32mΓ£ô[39m [35m|unit|[39m __tests__/__unit__/services/portfolio/use-cases/list-portfolios.use-case.test.ts [2m ([22m[2m4 tests[22m[2m)[22m[90m 18[2mms[22m[39m
 [32mΓ£ô[39m [35m|unit|[39m __tests__/__unit__/services/portfolio/use-cases/get-portfolio.use-case.test.ts [2m ([22m[2m4 tests[22m[2m)[22m[90m 19[2mms[22m[39m
[90mstdout[2m | __tests__/__unit__/services/checking-account/use-cases/list-checking-account-history.use-case.test.ts[22m[39m
[TEST SETUP] Loading .env.test from: C:\Users\moisreis\Projects\meta-investimentos\.env.test
Γùç injected env (1) from .env.test // tip: Γîÿ override existing { override: true }
[TEST SETUP] Dotenv result: {
  parsed: {
    DATABASE_URL: [32m'postgresql://neondb_owner:npg_RrVLk0A3iwGU@ep-muddy-band-acxjnbbp-pooler.sa-east-1.aws.neon.tech/neondb?sslmode=require&channel_binding=require'[39m
  }
}
[TEST SETUP] DATABASE_URL from .env.test: postgresql://neondb_owner:npg_RrVLk0A3iwGU@ep-muddy-band-acxjnbbp-pooler.sa-east-1.aws.neon.tech/neondb?sslmode=require&channel_binding=require
[TEST SETUP] Set TEST_DATABASE_URL from DATABASE_URL
[TEST SETUP] Deleted DATABASE_URL, TEST_DATABASE_URL: SET

[90mstdout[2m | __tests__/__unit__/infrastructure/category/mappers/category.mapper.test.ts[22m[39m
[TEST SETUP] Loading .env.test from: C:\Users\moisreis\Projects\meta-investimentos\.env.test
Γùç injected env (1) from .env.test // tip: Γùê secrets for agents [www.dotenvx.com]
[TEST SETUP] Dotenv result: {
  parsed: {
    DATABASE_URL: [32m'postgresql://neondb_owner:npg_RrVLk0A3iwGU@ep-muddy-band-acxjnbbp-pooler.sa-east-1.aws.neon.tech/neondb?sslmode=require&channel_binding=require'[39m
  }
}
[TEST SETUP] DATABASE_URL from .env.test: postgresql://neondb_owner:npg_RrVLk0A3iwGU@ep-muddy-band-acxjnbbp-pooler.sa-east-1.aws.neon.tech/neondb?sslmode=require&channel_binding=require
[TEST SETUP] Set TEST_DATABASE_URL from DATABASE_URL
[TEST SETUP] Deleted DATABASE_URL, TEST_DATABASE_URL: SET

[90mstdout[2m | __tests__/__unit__/infrastructure/benchmark/mappers/benchmark.mapper.test.ts[22m[39m
[TEST SETUP] Loading .env.test from: C:\Users\moisreis\Projects\meta-investimentos\.env.test
Γùç injected env (1) from .env.test // tip: Γîÿ override existing { override: true }
[TEST SETUP] Dotenv result: {
  parsed: {
    DATABASE_URL: [32m'postgresql://neondb_owner:npg_RrVLk0A3iwGU@ep-muddy-band-acxjnbbp-pooler.sa-east-1.aws.neon.tech/neondb?sslmode=require&channel_binding=require'[39m
  }
}
[TEST SETUP] DATABASE_URL from .env.test: postgresql://neondb_owner:npg_RrVLk0A3iwGU@ep-muddy-band-acxjnbbp-pooler.sa-east-1.aws.neon.tech/neondb?sslmode=require&channel_binding=require
[TEST SETUP] Set TEST_DATABASE_URL from DATABASE_URL
[TEST SETUP] Deleted DATABASE_URL, TEST_DATABASE_URL: SET

 [32mΓ£ô[39m [35m|unit|[39m __tests__/__unit__/services/checking-account/use-cases/list-checking-account-history.use-case.test.ts [2m ([22m[2m3 tests[22m[2m)[22m[90m 20[2mms[22m[39m
[90mstdout[2m | __tests__/__unit__/services/user/use-cases/bulk-delete-users.use-case.test.ts[22m[39m
[TEST SETUP] Loading .env.test from: C:\Users\moisreis\Projects\meta-investimentos\.env.test
Γùç injected env (1) from .env.test // tip: Γùê secrets for agents [www.dotenvx.com]
[TEST SETUP] Dotenv result: {
  parsed: {
    DATABASE_URL: [32m'postgresql://neondb_owner:npg_RrVLk0A3iwGU@ep-muddy-band-acxjnbbp-pooler.sa-east-1.aws.neon.tech/neondb?sslmode=require&channel_binding=require'[39m
  }
}
[TEST SETUP] DATABASE_URL from .env.test: postgresql://neondb_owner:npg_RrVLk0A3iwGU@ep-muddy-band-acxjnbbp-pooler.sa-east-1.aws.neon.tech/neondb?sslmode=require&channel_binding=require
[TEST SETUP] Set TEST_DATABASE_URL from DATABASE_URL
[TEST SETUP] Deleted DATABASE_URL, TEST_DATABASE_URL: SET

[90mstdout[2m | __tests__/__unit__/services/category/use-cases/get-category.use-case.test.ts[22m[39m
[TEST SETUP] Loading .env.test from: C:\Users\moisreis\Projects\meta-investimentos\.env.test
Γùç injected env (1) from .env.test // tip: Γîÿ suppress logs { quiet: true }
[TEST SETUP] Dotenv result: {
  parsed: {
    DATABASE_URL: [32m'postgresql://neondb_owner:npg_RrVLk0A3iwGU@ep-muddy-band-acxjnbbp-pooler.sa-east-1.aws.neon.tech/neondb?sslmode=require&channel_binding=require'[39m
  }
}
[TEST SETUP] DATABASE_URL from .env.test: postgresql://neondb_owner:npg_RrVLk0A3iwGU@ep-muddy-band-acxjnbbp-pooler.sa-east-1.aws.neon.tech/neondb?sslmode=require&channel_binding=require
[TEST SETUP] Set TEST_DATABASE_URL from DATABASE_URL
[TEST SETUP] Deleted DATABASE_URL, TEST_DATABASE_URL: SET

 [32mΓ£ô[39m [35m|unit|[39m __tests__/__unit__/infrastructure/category/mappers/category.mapper.test.ts [2m ([22m[2m5 tests[22m[2m)[22m[90m 13[2mms[22m[39m
 [32mΓ£ô[39m [35m|unit|[39m __tests__/__unit__/infrastructure/benchmark/mappers/benchmark.mapper.test.ts [2m ([22m[2m5 tests[22m[2m)[22m[90m 16[2mms[22m[39m
 [32mΓ£ô[39m [35m|unit|[39m __tests__/__unit__/services/user/use-cases/bulk-delete-users.use-case.test.ts [2m ([22m[2m4 tests[22m[2m)[22m[90m 12[2mms[22m[39m
 [32mΓ£ô[39m [35m|unit|[39m __tests__/__unit__/services/category/use-cases/get-category.use-case.test.ts [2m ([22m[2m5 tests[22m[2m)[22m[90m 14[2mms[22m[39m
[90mstdout[2m | __tests__/__unit__/domain/position/calculators/withdrawal-sum.calculator.test.ts[22m[39m
[TEST SETUP] Loading .env.test from: C:\Users\moisreis\Projects\meta-investimentos\.env.test
Γùç injected env (1) from .env.test // tip: Γîÿ suppress logs { quiet: true }
[TEST SETUP] Dotenv result: {
  parsed: {
    DATABASE_URL: [32m'postgresql://neondb_owner:npg_RrVLk0A3iwGU@ep-muddy-band-acxjnbbp-pooler.sa-east-1.aws.neon.tech/neondb?sslmode=require&channel_binding=require'[39m
  }
}
[TEST SETUP] DATABASE_URL from .env.test: postgresql://neondb_owner:npg_RrVLk0A3iwGU@ep-muddy-band-acxjnbbp-pooler.sa-east-1.aws.neon.tech/neondb?sslmode=require&channel_binding=require
[TEST SETUP] Set TEST_DATABASE_URL from DATABASE_URL
[TEST SETUP] Deleted DATABASE_URL, TEST_DATABASE_URL: SET

[90mstdout[2m | __tests__/__unit__/services/statement/use-cases/bulk-delete-statements.use-case.test.ts[22m[39m
[TEST SETUP] Loading .env.test from: C:\Users\moisreis\Projects\meta-investimentos\.env.test
Γùç injected env (1) from .env.test // tip: Γîÿ multiple files { path: ['.env.local', '.env'] }
[TEST SETUP] Dotenv result: {
  parsed: {
    DATABASE_URL: [32m'postgresql://neondb_owner:npg_RrVLk0A3iwGU@ep-muddy-band-acxjnbbp-pooler.sa-east-1.aws.neon.tech/neondb?sslmode=require&channel_binding=require'[39m
  }
}
[TEST SETUP] DATABASE_URL from .env.test: postgresql://neondb_owner:npg_RrVLk0A3iwGU@ep-muddy-band-acxjnbbp-pooler.sa-east-1.aws.neon.tech/neondb?sslmode=require&channel_binding=require
[TEST SETUP] Set TEST_DATABASE_URL from DATABASE_URL
[TEST SETUP] Deleted DATABASE_URL, TEST_DATABASE_URL: SET

 [32mΓ£ô[39m [35m|unit|[39m __tests__/__unit__/domain/position/calculators/withdrawal-sum.calculator.test.ts [2m ([22m[2m7 tests[22m[2m)[22m[90m 11[2mms[22m[39m
[90mstdout[2m | __tests__/__unit__/domain/position/calculators/application-sum.calculator.test.ts[22m[39m
[TEST SETUP] Loading .env.test from: C:\Users\moisreis\Projects\meta-investimentos\.env.test
Γùç injected env (1) from .env.test // tip: Γîÿ multiple files { path: ['.env.local', '.env'] }
[TEST SETUP] Dotenv result: {
  parsed: {
    DATABASE_URL: [32m'postgresql://neondb_owner:npg_RrVLk0A3iwGU@ep-muddy-band-acxjnbbp-pooler.sa-east-1.aws.neon.tech/neondb?sslmode=require&channel_binding=require'[39m
  }
}
[TEST SETUP] DATABASE_URL from .env.test: postgresql://neondb_owner:npg_RrVLk0A3iwGU@ep-muddy-band-acxjnbbp-pooler.sa-east-1.aws.neon.tech/neondb?sslmode=require&channel_binding=require
[TEST SETUP] Set TEST_DATABASE_URL from DATABASE_URL
[TEST SETUP] Deleted DATABASE_URL, TEST_DATABASE_URL: SET

 [32mΓ£ô[39m [35m|unit|[39m __tests__/__unit__/services/statement/use-cases/bulk-delete-statements.use-case.test.ts [2m ([22m[2m4 tests[22m[2m)[22m[90m 9[2mms[22m[39m
[90mstdout[2m | __tests__/__unit__/domain/portfolio/calculators/cash-flow-net.calculator.test.ts[22m[39m
[TEST SETUP] Loading .env.test from: C:\Users\moisreis\Projects\meta-investimentos\.env.test
Γùç injected env (1) from .env.test // tip: Γîÿ custom filepath { path: '/custom/path/.env' }
[TEST SETUP] Dotenv result: {
  parsed: {
    DATABASE_URL: [32m'postgresql://neondb_owner:npg_RrVLk0A3iwGU@ep-muddy-band-acxjnbbp-pooler.sa-east-1.aws.neon.tech/neondb?sslmode=require&channel_binding=require'[39m
  }
}
[TEST SETUP] DATABASE_URL from .env.test: postgresql://neondb_owner:npg_RrVLk0A3iwGU@ep-muddy-band-acxjnbbp-pooler.sa-east-1.aws.neon.tech/neondb?sslmode=require&channel_binding=require
[TEST SETUP] Set TEST_DATABASE_URL from DATABASE_URL
[TEST SETUP] Deleted DATABASE_URL, TEST_DATABASE_URL: SET

 [32mΓ£ô[39m [35m|unit|[39m __tests__/__unit__/domain/position/calculators/application-sum.calculator.test.ts [2m ([22m[2m7 tests[22m[2m)[22m[90m 13[2mms[22m[39m
[90mstdout[2m | __tests__/__unit__/domain/portfolio/calculators/application-quotas-sum.calculator.test.ts[22m[39m
[TEST SETUP] Loading .env.test from: C:\Users\moisreis\Projects\meta-investimentos\.env.test
Γùç injected env (1) from .env.test // tip: Γîÿ enable debugging { debug: true }
[TEST SETUP] Dotenv result: {
  parsed: {
    DATABASE_URL: [32m'postgresql://neondb_owner:npg_RrVLk0A3iwGU@ep-muddy-band-acxjnbbp-pooler.sa-east-1.aws.neon.tech/neondb?sslmode=require&channel_binding=require'[39m
  }
}
[TEST SETUP] DATABASE_URL from .env.test: postgresql://neondb_owner:npg_RrVLk0A3iwGU@ep-muddy-band-acxjnbbp-pooler.sa-east-1.aws.neon.tech/neondb?sslmode=require&channel_binding=require
[TEST SETUP] Set TEST_DATABASE_URL from DATABASE_URL
[TEST SETUP] Deleted DATABASE_URL, TEST_DATABASE_URL: SET

[90mstdout[2m | __tests__/__unit__/services/position/use-cases/delete-position.use-case.test.ts[22m[39m
[TEST SETUP] Loading .env.test from: C:\Users\moisreis\Projects\meta-investimentos\.env.test
Γùç injected env (1) from .env.test // tip: Γîü auth for agents [www.vestauth.com]
[TEST SETUP] Dotenv result: {
  parsed: {
    DATABASE_URL: [32m'postgresql://neondb_owner:npg_RrVLk0A3iwGU@ep-muddy-band-acxjnbbp-pooler.sa-east-1.aws.neon.tech/neondb?sslmode=require&channel_binding=require'[39m
  }
}
[TEST SETUP] DATABASE_URL from .env.test: postgresql://neondb_owner:npg_RrVLk0A3iwGU@ep-muddy-band-acxjnbbp-pooler.sa-east-1.aws.neon.tech/neondb?sslmode=require&channel_binding=require
[TEST SETUP] Set TEST_DATABASE_URL from DATABASE_URL
[TEST SETUP] Deleted DATABASE_URL, TEST_DATABASE_URL: SET

 [32mΓ£ô[39m [35m|unit|[39m __tests__/__unit__/domain/portfolio/calculators/cash-flow-net.calculator.test.ts [2m ([22m[2m7 tests[22m[2m)[22m[90m 13[2mms[22m[39m
[90mstdout[2m | __tests__/__unit__/services/bank/use-cases/list-bank-row-summaries.use-case.test.ts[22m[39m
[TEST SETUP] Loading .env.test from: C:\Users\moisreis\Projects\meta-investimentos\.env.test
Γùç injected env (1) from .env.test // tip: Γùê secrets for agents [www.dotenvx.com]
[TEST SETUP] Dotenv result: {
  parsed: {
    DATABASE_URL: [32m'postgresql://neondb_owner:npg_RrVLk0A3iwGU@ep-muddy-band-acxjnbbp-pooler.sa-east-1.aws.neon.tech/neondb?sslmode=require&channel_binding=require'[39m
  }
}
[TEST SETUP] DATABASE_URL from .env.test: postgresql://neondb_owner:npg_RrVLk0A3iwGU@ep-muddy-band-acxjnbbp-pooler.sa-east-1.aws.neon.tech/neondb?sslmode=require&channel_binding=require
[TEST SETUP] Set TEST_DATABASE_URL from DATABASE_URL
[TEST SETUP] Deleted DATABASE_URL, TEST_DATABASE_URL: SET

 [32mΓ£ô[39m [35m|unit|[39m __tests__/__unit__/domain/portfolio/calculators/application-quotas-sum.calculator.test.ts [2m ([22m[2m6 tests[22m[2m)[22m[90m 12[2mms[22m[39m
 [32mΓ£ô[39m [35m|unit|[39m __tests__/__unit__/services/position/use-cases/delete-position.use-case.test.ts [2m ([22m[2m5 tests[22m[2m)[22m[90m 16[2mms[22m[39m
 [32mΓ£ô[39m [35m|unit|[39m __tests__/__unit__/services/bank/use-cases/list-bank-row-summaries.use-case.test.ts [2m ([22m[2m3 tests[22m[2m)[22m[90m 11[2mms[22m[39m
[90mstdout[2m | __tests__/__unit__/domain/portfolio/calculators/application-sum.calculator.test.ts[22m[39m
[TEST SETUP] Loading .env.test from: C:\Users\moisreis\Projects\meta-investimentos\.env.test
Γùç injected env (1) from .env.test // tip: Γîÿ suppress logs { quiet: true }
[TEST SETUP] Dotenv result: {
  parsed: {
    DATABASE_URL: [32m'postgresql://neondb_owner:npg_RrVLk0A3iwGU@ep-muddy-band-acxjnbbp-pooler.sa-east-1.aws.neon.tech/neondb?sslmode=require&channel_binding=require'[39m
  }
}
[TEST SETUP] DATABASE_URL from .env.test: postgresql://neondb_owner:npg_RrVLk0A3iwGU@ep-muddy-band-acxjnbbp-pooler.sa-east-1.aws.neon.tech/neondb?sslmode=require&channel_binding=require
[TEST SETUP] Set TEST_DATABASE_URL from DATABASE_URL
[TEST SETUP] Deleted DATABASE_URL, TEST_DATABASE_URL: SET

[90mstdout[2m | __tests__/__unit__/services/position/use-cases/get-position.use-case.test.ts[22m[39m
[TEST SETUP] Loading .env.test from: C:\Users\moisreis\Projects\meta-investimentos\.env.test
Γùç injected env (1) from .env.test // tip: Γùê secrets for agents [www.dotenvx.com]
[TEST SETUP] Dotenv result: {
  parsed: {
    DATABASE_URL: [32m'postgresql://neondb_owner:npg_RrVLk0A3iwGU@ep-muddy-band-acxjnbbp-pooler.sa-east-1.aws.neon.tech/neondb?sslmode=require&channel_binding=require'[39m
  }
}
[TEST SETUP] DATABASE_URL from .env.test: postgresql://neondb_owner:npg_RrVLk0A3iwGU@ep-muddy-band-acxjnbbp-pooler.sa-east-1.aws.neon.tech/neondb?sslmode=require&channel_binding=require
[TEST SETUP] Set TEST_DATABASE_URL from DATABASE_URL
[TEST SETUP] Deleted DATABASE_URL, TEST_DATABASE_URL: SET

[90mstdout[2m | __tests__/__unit__/services/category/mappers/category.mapper.test.ts[22m[39m
[TEST SETUP] Loading .env.test from: C:\Users\moisreis\Projects\meta-investimentos\.env.test
Γùç injected env (1) from .env.test // tip: Γîü auth for agents [www.vestauth.com]
[TEST SETUP] Dotenv result: {
  parsed: {
    DATABASE_URL: [32m'postgresql://neondb_owner:npg_RrVLk0A3iwGU@ep-muddy-band-acxjnbbp-pooler.sa-east-1.aws.neon.tech/neondb?sslmode=require&channel_binding=require'[39m
  }
}
[TEST SETUP] DATABASE_URL from .env.test: postgresql://neondb_owner:npg_RrVLk0A3iwGU@ep-muddy-band-acxjnbbp-pooler.sa-east-1.aws.neon.tech/neondb?sslmode=require&channel_binding=require
[TEST SETUP] Set TEST_DATABASE_URL from DATABASE_URL
[TEST SETUP] Deleted DATABASE_URL, TEST_DATABASE_URL: SET

 [32mΓ£ô[39m [35m|unit|[39m __tests__/__unit__/domain/portfolio/calculators/application-sum.calculator.test.ts [2m ([22m[2m6 tests[22m[2m)[22m[90m 12[2mms[22m[39m
[90mstdout[2m | __tests__/__unit__/services/category/use-cases/delete-category.use-case.test.ts[22m[39m
[TEST SETUP] Loading .env.test from: C:\Users\moisreis\Projects\meta-investimentos\.env.test
Γùç injected env (1) from .env.test // tip: Γîÿ custom filepath { path: '/custom/path/.env' }
[TEST SETUP] Dotenv result: {
  parsed: {
    DATABASE_URL: [32m'postgresql://neondb_owner:npg_RrVLk0A3iwGU@ep-muddy-band-acxjnbbp-pooler.sa-east-1.aws.neon.tech/neondb?sslmode=require&channel_binding=require'[39m
  }
}
[TEST SETUP] DATABASE_URL from .env.test: postgresql://neondb_owner:npg_RrVLk0A3iwGU@ep-muddy-band-acxjnbbp-pooler.sa-east-1.aws.neon.tech/neondb?sslmode=require&channel_binding=require
[TEST SETUP] Set TEST_DATABASE_URL from DATABASE_URL
[TEST SETUP] Deleted DATABASE_URL, TEST_DATABASE_URL: SET

 [32mΓ£ô[39m [35m|unit|[39m __tests__/__unit__/services/position/use-cases/get-position.use-case.test.ts [2m ([22m[2m4 tests[22m[2m)[22m[90m 14[2mms[22m[39m
 [32mΓ£ô[39m [35m|unit|[39m __tests__/__unit__/services/category/mappers/category.mapper.test.ts [2m ([22m[2m7 tests[22m[2m)[22m[90m 15[2mms[22m[39m
[90mstdout[2m | __tests__/__unit__/services/portfolio-performance/use-cases/delete-portfolio-performance.use-case.test.ts[22m[39m
[TEST SETUP] Loading .env.test from: C:\Users\moisreis\Projects\meta-investimentos\.env.test
Γùç injected env (1) from .env.test // tip: Γîÿ override existing { override: true }
[TEST SETUP] Dotenv result: {
  parsed: {
    DATABASE_URL: [32m'postgresql://neondb_owner:npg_RrVLk0A3iwGU@ep-muddy-band-acxjnbbp-pooler.sa-east-1.aws.neon.tech/neondb?sslmode=require&channel_binding=require'[39m
  }
}
[TEST SETUP] DATABASE_URL from .env.test: postgresql://neondb_owner:npg_RrVLk0A3iwGU@ep-muddy-band-acxjnbbp-pooler.sa-east-1.aws.neon.tech/neondb?sslmode=require&channel_binding=require
[TEST SETUP] Set TEST_DATABASE_URL from DATABASE_URL
[TEST SETUP] Deleted DATABASE_URL, TEST_DATABASE_URL: SET

 [32mΓ£ô[39m [35m|unit|[39m __tests__/__unit__/services/category/use-cases/delete-category.use-case.test.ts [2m ([22m[2m5 tests[22m[2m)[22m[90m 11[2mms[22m[39m
[90mstdout[2m | __tests__/__unit__/services/benchmark/use-cases/get-benchmark.use-case.test.ts[22m[39m
[TEST SETUP] Loading .env.test from: C:\Users\moisreis\Projects\meta-investimentos\.env.test
Γùç injected env (1) from .env.test // tip: Γîÿ custom filepath { path: '/custom/path/.env' }
[TEST SETUP] Dotenv result: {
  parsed: {
    DATABASE_URL: [32m'postgresql://neondb_owner:npg_RrVLk0A3iwGU@ep-muddy-band-acxjnbbp-pooler.sa-east-1.aws.neon.tech/neondb?sslmode=require&channel_binding=require'[39m
  }
}
[TEST SETUP] DATABASE_URL from .env.test: postgresql://neondb_owner:npg_RrVLk0A3iwGU@ep-muddy-band-acxjnbbp-pooler.sa-east-1.aws.neon.tech/neondb?sslmode=require&channel_binding=require
[TEST SETUP] Set TEST_DATABASE_URL from DATABASE_URL
[TEST SETUP] Deleted DATABASE_URL, TEST_DATABASE_URL: SET

[90mstdout[2m | __tests__/__unit__/services/fund/use-cases/delete-fund.use-case.test.ts[22m[39m
[TEST SETUP] Loading .env.test from: C:\Users\moisreis\Projects\meta-investimentos\.env.test
Γùç injected env (1) from .env.test // tip: Γùê secrets for agents [www.dotenvx.com]
[TEST SETUP] Dotenv result: {
  parsed: {
    DATABASE_URL: [32m'postgresql://neondb_owner:npg_RrVLk0A3iwGU@ep-muddy-band-acxjnbbp-pooler.sa-east-1.aws.neon.tech/neondb?sslmode=require&channel_binding=require'[39m
  }
}
[TEST SETUP] DATABASE_URL from .env.test: postgresql://neondb_owner:npg_RrVLk0A3iwGU@ep-muddy-band-acxjnbbp-pooler.sa-east-1.aws.neon.tech/neondb?sslmode=require&channel_binding=require
[TEST SETUP] Set TEST_DATABASE_URL from DATABASE_URL
[TEST SETUP] Deleted DATABASE_URL, TEST_DATABASE_URL: SET

 [32mΓ£ô[39m [35m|unit|[39m __tests__/__unit__/services/portfolio-performance/use-cases/delete-portfolio-performance.use-case.test.ts [2m ([22m[2m4 tests[22m[2m)[22m[90m 16[2mms[22m[39m
[90mstdout[2m | __tests__/__unit__/services/audit-log/mappers/audit-log.mapper.test.ts[22m[39m
[TEST SETUP] Loading .env.test from: C:\Users\moisreis\Projects\meta-investimentos\.env.test
Γùç injected env (1) from .env.test // tip: Γîÿ suppress logs { quiet: true }
[TEST SETUP] Dotenv result: {
  parsed: {
    DATABASE_URL: [32m'postgresql://neondb_owner:npg_RrVLk0A3iwGU@ep-muddy-band-acxjnbbp-pooler.sa-east-1.aws.neon.tech/neondb?sslmode=require&channel_binding=require'[39m
  }
}
[TEST SETUP] DATABASE_URL from .env.test: postgresql://neondb_owner:npg_RrVLk0A3iwGU@ep-muddy-band-acxjnbbp-pooler.sa-east-1.aws.neon.tech/neondb?sslmode=require&channel_binding=require
[TEST SETUP] Set TEST_DATABASE_URL from DATABASE_URL
[TEST SETUP] Deleted DATABASE_URL, TEST_DATABASE_URL: SET

 [32mΓ£ô[39m [35m|unit|[39m __tests__/__unit__/services/benchmark/use-cases/get-benchmark.use-case.test.ts [2m ([22m[2m3 tests[22m[2m)[22m[90m 15[2mms[22m[39m
 [32mΓ£ô[39m [35m|unit|[39m __tests__/__unit__/services/fund/use-cases/delete-fund.use-case.test.ts [2m ([22m[2m5 tests[22m[2m)[22m[90m 15[2mms[22m[39m
[90mstdout[2m | __tests__/__unit__/domain/position/calculators/cash-flow-net.calculator.test.ts[22m[39m
[TEST SETUP] Loading .env.test from: C:\Users\moisreis\Projects\meta-investimentos\.env.test
Γùç injected env (1) from .env.test // tip: Γîÿ custom filepath { path: '/custom/path/.env' }
[TEST SETUP] Dotenv result: {
  parsed: {
    DATABASE_URL: [32m'postgresql://neondb_owner:npg_RrVLk0A3iwGU@ep-muddy-band-acxjnbbp-pooler.sa-east-1.aws.neon.tech/neondb?sslmode=require&channel_binding=require'[39m
  }
}
[TEST SETUP] DATABASE_URL from .env.test: postgresql://neondb_owner:npg_RrVLk0A3iwGU@ep-muddy-band-acxjnbbp-pooler.sa-east-1.aws.neon.tech/neondb?sslmode=require&channel_binding=require
[TEST SETUP] Set TEST_DATABASE_URL from DATABASE_URL
[TEST SETUP] Deleted DATABASE_URL, TEST_DATABASE_URL: SET

 [32mΓ£ô[39m [35m|unit|[39m __tests__/__unit__/services/audit-log/mappers/audit-log.mapper.test.ts [2m ([22m[2m8 tests[22m[2m)[22m[90m 16[2mms[22m[39m
[90mstdout[2m | __tests__/__unit__/domain/portfolio/calculators/withdrawal-sum.calculator.test.ts[22m[39m
[TEST SETUP] Loading .env.test from: C:\Users\moisreis\Projects\meta-investimentos\.env.test
Γùç injected env (1) from .env.test // tip: Γîÿ suppress logs { quiet: true }
[TEST SETUP] Dotenv result: {
  parsed: {
    DATABASE_URL: [32m'postgresql://neondb_owner:npg_RrVLk0A3iwGU@ep-muddy-band-acxjnbbp-pooler.sa-east-1.aws.neon.tech/neondb?sslmode=require&channel_binding=require'[39m
  }
}
[TEST SETUP] DATABASE_URL from .env.test: postgresql://neondb_owner:npg_RrVLk0A3iwGU@ep-muddy-band-acxjnbbp-pooler.sa-east-1.aws.neon.tech/neondb?sslmode=require&channel_binding=require
[TEST SETUP] Set TEST_DATABASE_URL from DATABASE_URL
[TEST SETUP] Deleted DATABASE_URL, TEST_DATABASE_URL: SET

 [32mΓ£ô[39m [35m|unit|[39m __tests__/__unit__/domain/position/calculators/cash-flow-net.calculator.test.ts [2m ([22m[2m6 tests[22m[2m)[22m[90m 11[2mms[22m[39m
[90mstdout[2m | __tests__/__unit__/domain/portfolio/calculators/withdrawal-quotas-sum.calculator.test.ts[22m[39m
[TEST SETUP] Loading .env.test from: C:\Users\moisreis\Projects\meta-investimentos\.env.test
Γùç injected env (1) from .env.test // tip: Γùê encrypted .env [www.dotenvx.com]
[TEST SETUP] Dotenv result: {
  parsed: {
    DATABASE_URL: [32m'postgresql://neondb_owner:npg_RrVLk0A3iwGU@ep-muddy-band-acxjnbbp-pooler.sa-east-1.aws.neon.tech/neondb?sslmode=require&channel_binding=require'[39m
  }
}
[TEST SETUP] DATABASE_URL from .env.test: postgresql://neondb_owner:npg_RrVLk0A3iwGU@ep-muddy-band-acxjnbbp-pooler.sa-east-1.aws.neon.tech/neondb?sslmode=require&channel_binding=require
[TEST SETUP] Set TEST_DATABASE_URL from DATABASE_URL
[TEST SETUP] Deleted DATABASE_URL, TEST_DATABASE_URL: SET

 [32mΓ£ô[39m [35m|unit|[39m __tests__/__unit__/domain/portfolio/calculators/withdrawal-sum.calculator.test.ts [2m ([22m[2m6 tests[22m[2m)[22m[90m 12[2mms[22m[39m
 [32mΓ£ô[39m [35m|unit|[39m __tests__/__unit__/domain/portfolio/calculators/withdrawal-quotas-sum.calculator.test.ts [2m ([22m[2m6 tests[22m[2m)[22m[90m 11[2mms[22m[39m
[90mstdout[2m | __tests__/__unit__/domain/portfolio/calculators/quotas-held-sum.calculator.test.ts[22m[39m
[TEST SETUP] Loading .env.test from: C:\Users\moisreis\Projects\meta-investimentos\.env.test
Γùç injected env (1) from .env.test // tip: Γîÿ override existing { override: true }
[TEST SETUP] Dotenv result: {
  parsed: {
    DATABASE_URL: [32m'postgresql://neondb_owner:npg_RrVLk0A3iwGU@ep-muddy-band-acxjnbbp-pooler.sa-east-1.aws.neon.tech/neondb?sslmode=require&channel_binding=require'[39m
  }
}
[TEST SETUP] DATABASE_URL from .env.test: postgresql://neondb_owner:npg_RrVLk0A3iwGU@ep-muddy-band-acxjnbbp-pooler.sa-east-1.aws.neon.tech/neondb?sslmode=require&channel_binding=require
[TEST SETUP] Set TEST_DATABASE_URL from DATABASE_URL
[TEST SETUP] Deleted DATABASE_URL, TEST_DATABASE_URL: SET

[90mstdout[2m | __tests__/__unit__/services/bank/use-cases/get-bank.use-case.test.ts[22m[39m
[TEST SETUP] Loading .env.test from: C:\Users\moisreis\Projects\meta-investimentos\.env.test
Γùç injected env (1) from .env.test // tip: Γùê encrypted .env [www.dotenvx.com]
[TEST SETUP] Dotenv result: {
  parsed: {
    DATABASE_URL: [32m'postgresql://neondb_owner:npg_RrVLk0A3iwGU@ep-muddy-band-acxjnbbp-pooler.sa-east-1.aws.neon.tech/neondb?sslmode=require&channel_binding=require'[39m
  }
}
[TEST SETUP] DATABASE_URL from .env.test: postgresql://neondb_owner:npg_RrVLk0A3iwGU@ep-muddy-band-acxjnbbp-pooler.sa-east-1.aws.neon.tech/neondb?sslmode=require&channel_binding=require
[TEST SETUP] Set TEST_DATABASE_URL from DATABASE_URL
[TEST SETUP] Deleted DATABASE_URL, TEST_DATABASE_URL: SET

[90mstdout[2m | __tests__/__unit__/services/bank-account/use-cases/delete-bank-account.use-case.test.ts[22m[39m
[TEST SETUP] Loading .env.test from: C:\Users\moisreis\Projects\meta-investimentos\.env.test
Γùç injected env (1) from .env.test // tip: Γùê encrypted .env [www.dotenvx.com]
[TEST SETUP] Dotenv result: {
  parsed: {
    DATABASE_URL: [32m'postgresql://neondb_owner:npg_RrVLk0A3iwGU@ep-muddy-band-acxjnbbp-pooler.sa-east-1.aws.neon.tech/neondb?sslmode=require&channel_binding=require'[39m
  }
}
[TEST SETUP] DATABASE_URL from .env.test: postgresql://neondb_owner:npg_RrVLk0A3iwGU@ep-muddy-band-acxjnbbp-pooler.sa-east-1.aws.neon.tech/neondb?sslmode=require&channel_binding=require
[TEST SETUP] Set TEST_DATABASE_URL from DATABASE_URL
[TEST SETUP] Deleted DATABASE_URL, TEST_DATABASE_URL: SET

 [32mΓ£ô[39m [35m|unit|[39m __tests__/__unit__/domain/portfolio/calculators/quotas-held-sum.calculator.test.ts [2m ([22m[2m6 tests[22m[2m)[22m[90m 12[2mms[22m[39m
[90mstdout[2m | __tests__/__unit__/services/statement/use-cases/get-statement.use-case.test.ts[22m[39m
[TEST SETUP] Loading .env.test from: C:\Users\moisreis\Projects\meta-investimentos\.env.test
Γùç injected env (1) from .env.test // tip: Γîÿ multiple files { path: ['.env.local', '.env'] }
[TEST SETUP] Dotenv result: {
  parsed: {
    DATABASE_URL: [32m'postgresql://neondb_owner:npg_RrVLk0A3iwGU@ep-muddy-band-acxjnbbp-pooler.sa-east-1.aws.neon.tech/neondb?sslmode=require&channel_binding=require'[39m
  }
}
[TEST SETUP] DATABASE_URL from .env.test: postgresql://neondb_owner:npg_RrVLk0A3iwGU@ep-muddy-band-acxjnbbp-pooler.sa-east-1.aws.neon.tech/neondb?sslmode=require&channel_binding=require
[TEST SETUP] Set TEST_DATABASE_URL from DATABASE_URL
[TEST SETUP] Deleted DATABASE_URL, TEST_DATABASE_URL: SET

 [32mΓ£ô[39m [35m|unit|[39m __tests__/__unit__/services/bank/use-cases/get-bank.use-case.test.ts [2m ([22m[2m3 tests[22m[2m)[22m[90m 16[2mms[22m[39m
 [32mΓ£ô[39m [35m|unit|[39m __tests__/__unit__/services/bank-account/use-cases/delete-bank-account.use-case.test.ts [2m ([22m[2m3 tests[22m[2m)[22m[90m 11[2mms[22m[39m
[90mstdout[2m | __tests__/__unit__/services/user/use-cases/get-user.use-case.test.ts[22m[39m
[TEST SETUP] Loading .env.test from: C:\Users\moisreis\Projects\meta-investimentos\.env.test
Γùç injected env (1) from .env.test // tip: Γùê secrets for agents [www.dotenvx.com]
[TEST SETUP] Dotenv result: {
  parsed: {
    DATABASE_URL: [32m'postgresql://neondb_owner:npg_RrVLk0A3iwGU@ep-muddy-band-acxjnbbp-pooler.sa-east-1.aws.neon.tech/neondb?sslmode=require&channel_binding=require'[39m
  }
}
[TEST SETUP] DATABASE_URL from .env.test: postgresql://neondb_owner:npg_RrVLk0A3iwGU@ep-muddy-band-acxjnbbp-pooler.sa-east-1.aws.neon.tech/neondb?sslmode=require&channel_binding=require
[TEST SETUP] Set TEST_DATABASE_URL from DATABASE_URL
[TEST SETUP] Deleted DATABASE_URL, TEST_DATABASE_URL: SET

[90mstdout[2m | __tests__/__unit__/services/application/use-cases/get-application.use-case.test.ts[22m[39m
[TEST SETUP] Loading .env.test from: C:\Users\moisreis\Projects\meta-investimentos\.env.test
Γùç injected env (1) from .env.test // tip: Γîÿ suppress logs { quiet: true }
[TEST SETUP] Dotenv result: {
  parsed: {
    DATABASE_URL: [32m'postgresql://neondb_owner:npg_RrVLk0A3iwGU@ep-muddy-band-acxjnbbp-pooler.sa-east-1.aws.neon.tech/neondb?sslmode=require&channel_binding=require'[39m
  }
}
[TEST SETUP] DATABASE_URL from .env.test: postgresql://neondb_owner:npg_RrVLk0A3iwGU@ep-muddy-band-acxjnbbp-pooler.sa-east-1.aws.neon.tech/neondb?sslmode=require&channel_binding=require
[TEST SETUP] Set TEST_DATABASE_URL from DATABASE_URL
[TEST SETUP] Deleted DATABASE_URL, TEST_DATABASE_URL: SET

 [32mΓ£ô[39m [35m|unit|[39m __tests__/__unit__/services/statement/use-cases/get-statement.use-case.test.ts [2m ([22m[2m3 tests[22m[2m)[22m[90m 14[2mms[22m[39m
[90mstdout[2m | __tests__/__unit__/services/withdrawal/use-cases/get-withdrawal.use-case.test.ts[22m[39m
[TEST SETUP] Loading .env.test from: C:\Users\moisreis\Projects\meta-investimentos\.env.test
Γùç injected env (1) from .env.test // tip: Γùê secrets for agents [www.dotenvx.com]
[TEST SETUP] Dotenv result: {
  parsed: {
    DATABASE_URL: [32m'postgresql://neondb_owner:npg_RrVLk0A3iwGU@ep-muddy-band-acxjnbbp-pooler.sa-east-1.aws.neon.tech/neondb?sslmode=require&channel_binding=require'[39m
  }
}
[TEST SETUP] DATABASE_URL from .env.test: postgresql://neondb_owner:npg_RrVLk0A3iwGU@ep-muddy-band-acxjnbbp-pooler.sa-east-1.aws.neon.tech/neondb?sslmode=require&channel_binding=require
[TEST SETUP] Set TEST_DATABASE_URL from DATABASE_URL
[TEST SETUP] Deleted DATABASE_URL, TEST_DATABASE_URL: SET

 [32mΓ£ô[39m [35m|unit|[39m __tests__/__unit__/services/user/use-cases/get-user.use-case.test.ts [2m ([22m[2m3 tests[22m[2m)[22m[90m 17[2mms[22m[39m
 [32mΓ£ô[39m [35m|unit|[39m __tests__/__unit__/services/application/use-cases/get-application.use-case.test.ts [2m ([22m[2m3 tests[22m[2m)[22m[90m 16[2mms[22m[39m
[90mstdout[2m | __tests__/__unit__/services/benchmark/use-cases/create-benchmark.use-case.test.ts[22m[39m
[TEST SETUP] Loading .env.test from: C:\Users\moisreis\Projects\meta-investimentos\.env.test
Γùç injected env (1) from .env.test // tip: Γîÿ custom filepath { path: '/custom/path/.env' }
[TEST SETUP] Dotenv result: {
  parsed: {
    DATABASE_URL: [32m'postgresql://neondb_owner:npg_RrVLk0A3iwGU@ep-muddy-band-acxjnbbp-pooler.sa-east-1.aws.neon.tech/neondb?sslmode=require&channel_binding=require'[39m
  }
}
[TEST SETUP] DATABASE_URL from .env.test: postgresql://neondb_owner:npg_RrVLk0A3iwGU@ep-muddy-band-acxjnbbp-pooler.sa-east-1.aws.neon.tech/neondb?sslmode=require&channel_binding=require
[TEST SETUP] Set TEST_DATABASE_URL from DATABASE_URL
[TEST SETUP] Deleted DATABASE_URL, TEST_DATABASE_URL: SET

 [32mΓ£ô[39m [35m|unit|[39m __tests__/__unit__/services/withdrawal/use-cases/get-withdrawal.use-case.test.ts [2m ([22m[2m3 tests[22m[2m)[22m[90m 14[2mms[22m[39m
[90mstdout[2m | __tests__/__unit__/services/benchmark/mappers/benchmark.mapper.test.ts[22m[39m
[TEST SETUP] Loading .env.test from: C:\Users\moisreis\Projects\meta-investimentos\.env.test
Γùç injected env (1) from .env.test // tip: Γîÿ multiple files { path: ['.env.local', '.env'] }
[TEST SETUP] Dotenv result: {
  parsed: {
    DATABASE_URL: [32m'postgresql://neondb_owner:npg_RrVLk0A3iwGU@ep-muddy-band-acxjnbbp-pooler.sa-east-1.aws.neon.tech/neondb?sslmode=require&channel_binding=require'[39m
  }
}
[TEST SETUP] DATABASE_URL from .env.test: postgresql://neondb_owner:npg_RrVLk0A3iwGU@ep-muddy-band-acxjnbbp-pooler.sa-east-1.aws.neon.tech/neondb?sslmode=require&channel_binding=require
[TEST SETUP] Set TEST_DATABASE_URL from DATABASE_URL
[TEST SETUP] Deleted DATABASE_URL, TEST_DATABASE_URL: SET

[90mstdout[2m | __tests__/__unit__/services/quota/mappers/quota.mapper.test.ts[22m[39m
[TEST SETUP] Loading .env.test from: C:\Users\moisreis\Projects\meta-investimentos\.env.test
Γùç injected env (1) from .env.test // tip: Γîÿ custom filepath { path: '/custom/path/.env' }
[TEST SETUP] Dotenv result: {
  parsed: {
    DATABASE_URL: [32m'postgresql://neondb_owner:npg_RrVLk0A3iwGU@ep-muddy-band-acxjnbbp-pooler.sa-east-1.aws.neon.tech/neondb?sslmode=require&channel_binding=require'[39m
  }
}
[TEST SETUP] DATABASE_URL from .env.test: postgresql://neondb_owner:npg_RrVLk0A3iwGU@ep-muddy-band-acxjnbbp-pooler.sa-east-1.aws.neon.tech/neondb?sslmode=require&channel_binding=require
[TEST SETUP] Set TEST_DATABASE_URL from DATABASE_URL
[TEST SETUP] Deleted DATABASE_URL, TEST_DATABASE_URL: SET

[90mstdout[2m | __tests__/__unit__/services/checking-account/use-cases/get-checking-account.use-case.test.ts[22m[39m
[TEST SETUP] Loading .env.test from: C:\Users\moisreis\Projects\meta-investimentos\.env.test
Γùç injected env (1) from .env.test // tip: Γùê encrypted .env [www.dotenvx.com]
[TEST SETUP] Dotenv result: {
  parsed: {
    DATABASE_URL: [32m'postgresql://neondb_owner:npg_RrVLk0A3iwGU@ep-muddy-band-acxjnbbp-pooler.sa-east-1.aws.neon.tech/neondb?sslmode=require&channel_binding=require'[39m
  }
}
[TEST SETUP] DATABASE_URL from .env.test: postgresql://neondb_owner:npg_RrVLk0A3iwGU@ep-muddy-band-acxjnbbp-pooler.sa-east-1.aws.neon.tech/neondb?sslmode=require&channel_binding=require
[TEST SETUP] Set TEST_DATABASE_URL from DATABASE_URL
[TEST SETUP] Deleted DATABASE_URL, TEST_DATABASE_URL: SET

 [32mΓ£ô[39m [35m|unit|[39m __tests__/__unit__/services/benchmark/use-cases/create-benchmark.use-case.test.ts [2m ([22m[2m3 tests[22m[2m)[22m[90m 19[2mms[22m[39m
 [32mΓ£ô[39m [35m|unit|[39m __tests__/__unit__/services/benchmark/mappers/benchmark.mapper.test.ts [2m ([22m[2m6 tests[22m[2m)[22m[90m 15[2mms[22m[39m
 [32mΓ£ô[39m [35m|unit|[39m __tests__/__unit__/services/quota/mappers/quota.mapper.test.ts [2m ([22m[2m7 tests[22m[2m)[22m[90m 14[2mms[22m[39m
[90mstdout[2m | __tests__/__unit__/services/checking-account/use-cases/delete-checking-account.use-case.test.ts[22m[39m
[TEST SETUP] Loading .env.test from: C:\Users\moisreis\Projects\meta-investimentos\.env.test
Γùç injected env (1) from .env.test // tip: Γîÿ enable debugging { debug: true }
[TEST SETUP] Dotenv result: {
  parsed: {
    DATABASE_URL: [32m'postgresql://neondb_owner:npg_RrVLk0A3iwGU@ep-muddy-band-acxjnbbp-pooler.sa-east-1.aws.neon.tech/neondb?sslmode=require&channel_binding=require'[39m
  }
}
[TEST SETUP] DATABASE_URL from .env.test: postgresql://neondb_owner:npg_RrVLk0A3iwGU@ep-muddy-band-acxjnbbp-pooler.sa-east-1.aws.neon.tech/neondb?sslmode=require&channel_binding=require
[TEST SETUP] Set TEST_DATABASE_URL from DATABASE_URL
[TEST SETUP] Deleted DATABASE_URL, TEST_DATABASE_URL: SET

 [32mΓ£ô[39m [35m|unit|[39m __tests__/__unit__/services/checking-account/use-cases/get-checking-account.use-case.test.ts [2m ([22m[2m3 tests[22m[2m)[22m[90m 15[2mms[22m[39m
[90mstdout[2m | __tests__/__unit__/services/application/use-cases/delete-application.use-case.test.ts[22m[39m
[TEST SETUP] Loading .env.test from: C:\Users\moisreis\Projects\meta-investimentos\.env.test
Γùç injected env (1) from .env.test // tip: Γîü auth for agents [www.vestauth.com]
[TEST SETUP] Dotenv result: {
  parsed: {
    DATABASE_URL: [32m'postgresql://neondb_owner:npg_RrVLk0A3iwGU@ep-muddy-band-acxjnbbp-pooler.sa-east-1.aws.neon.tech/neondb?sslmode=require&channel_binding=require'[39m
  }
}
[TEST SETUP] DATABASE_URL from .env.test: postgresql://neondb_owner:npg_RrVLk0A3iwGU@ep-muddy-band-acxjnbbp-pooler.sa-east-1.aws.neon.tech/neondb?sslmode=require&channel_binding=require
[TEST SETUP] Set TEST_DATABASE_URL from DATABASE_URL
[TEST SETUP] Deleted DATABASE_URL, TEST_DATABASE_URL: SET

 [32mΓ£ô[39m [35m|unit|[39m __tests__/__unit__/services/checking-account/use-cases/delete-checking-account.use-case.test.ts [2m ([22m[2m3 tests[22m[2m)[22m[90m 12[2mms[22m[39m
[90mstdout[2m | __tests__/__unit__/services/transaction-allocation/use-cases/get-transaction-allocation.use-case.test.ts[22m[39m
[TEST SETUP] Loading .env.test from: C:\Users\moisreis\Projects\meta-investimentos\.env.test
Γùç injected env (1) from .env.test // tip: Γîÿ override existing { override: true }
[TEST SETUP] Dotenv result: {
  parsed: {
    DATABASE_URL: [32m'postgresql://neondb_owner:npg_RrVLk0A3iwGU@ep-muddy-band-acxjnbbp-pooler.sa-east-1.aws.neon.tech/neondb?sslmode=require&channel_binding=require'[39m
  }
}
[TEST SETUP] DATABASE_URL from .env.test: postgresql://neondb_owner:npg_RrVLk0A3iwGU@ep-muddy-band-acxjnbbp-pooler.sa-east-1.aws.neon.tech/neondb?sslmode=require&channel_binding=require
[TEST SETUP] Set TEST_DATABASE_URL from DATABASE_URL
[TEST SETUP] Deleted DATABASE_URL, TEST_DATABASE_URL: SET

 [32mΓ£ô[39m [35m|unit|[39m __tests__/__unit__/services/application/use-cases/delete-application.use-case.test.ts [2m ([22m[2m3 tests[22m[2m)[22m[90m 11[2mms[22m[39m
[90mstdout[2m | __tests__/__unit__/services/withdrawal/use-cases/delete-withdrawal.use-case.test.ts[22m[39m
[TEST SETUP] Loading .env.test from: C:\Users\moisreis\Projects\meta-investimentos\.env.test
Γùç injected env (1) from .env.test // tip: Γîÿ custom filepath { path: '/custom/path/.env' }
[TEST SETUP] Dotenv result: {
  parsed: {
    DATABASE_URL: [32m'postgresql://neondb_owner:npg_RrVLk0A3iwGU@ep-muddy-band-acxjnbbp-pooler.sa-east-1.aws.neon.tech/neondb?sslmode=require&channel_binding=require'[39m
  }
}
[TEST SETUP] DATABASE_URL from .env.test: postgresql://neondb_owner:npg_RrVLk0A3iwGU@ep-muddy-band-acxjnbbp-pooler.sa-east-1.aws.neon.tech/neondb?sslmode=require&channel_binding=require
[TEST SETUP] Set TEST_DATABASE_URL from DATABASE_URL
[TEST SETUP] Deleted DATABASE_URL, TEST_DATABASE_URL: SET

[90mstdout[2m | __tests__/__unit__/services/statement/use-cases/delete-statement.use-case.test.ts[22m[39m
[TEST SETUP] Loading .env.test from: C:\Users\moisreis\Projects\meta-investimentos\.env.test
Γùç injected env (1) from .env.test // tip: Γùê secrets for agents [www.dotenvx.com]
[TEST SETUP] Dotenv result: {
  parsed: {
    DATABASE_URL: [32m'postgresql://neondb_owner:npg_RrVLk0A3iwGU@ep-muddy-band-acxjnbbp-pooler.sa-east-1.aws.neon.tech/neondb?sslmode=require&channel_binding=require'[39m
  }
}
[TEST SETUP] DATABASE_URL from .env.test: postgresql://neondb_owner:npg_RrVLk0A3iwGU@ep-muddy-band-acxjnbbp-pooler.sa-east-1.aws.neon.tech/neondb?sslmode=require&channel_binding=require
[TEST SETUP] Set TEST_DATABASE_URL from DATABASE_URL
[TEST SETUP] Deleted DATABASE_URL, TEST_DATABASE_URL: SET

[90mstdout[2m | __tests__/__unit__/services/quota/use-cases/get-quota.use-case.test.ts[22m[39m
[TEST SETUP] Loading .env.test from: C:\Users\moisreis\Projects\meta-investimentos\.env.test
Γùç injected env (1) from .env.test // tip: Γîÿ custom filepath { path: '/custom/path/.env' }
[TEST SETUP] Dotenv result: {
  parsed: {
    DATABASE_URL: [32m'postgresql://neondb_owner:npg_RrVLk0A3iwGU@ep-muddy-band-acxjnbbp-pooler.sa-east-1.aws.neon.tech/neondb?sslmode=require&channel_binding=require'[39m
  }
}
[TEST SETUP] DATABASE_URL from .env.test: postgresql://neondb_owner:npg_RrVLk0A3iwGU@ep-muddy-band-acxjnbbp-pooler.sa-east-1.aws.neon.tech/neondb?sslmode=require&channel_binding=require
[TEST SETUP] Set TEST_DATABASE_URL from DATABASE_URL
[TEST SETUP] Deleted DATABASE_URL, TEST_DATABASE_URL: SET

 [32mΓ£ô[39m [35m|unit|[39m __tests__/__unit__/services/transaction-allocation/use-cases/get-transaction-allocation.use-case.test.ts [2m ([22m[2m2 tests[22m[2m)[22m[90m 14[2mms[22m[39m
 [32mΓ£ô[39m [35m|unit|[39m __tests__/__unit__/services/withdrawal/use-cases/delete-withdrawal.use-case.test.ts [2m ([22m[2m3 tests[22m[2m)[22m[90m 12[2mms[22m[39m
 [32mΓ£ô[39m [35m|unit|[39m __tests__/__unit__/services/statement/use-cases/delete-statement.use-case.test.ts [2m ([22m[2m3 tests[22m[2m)[22m[90m 13[2mms[22m[39m
[90mstdout[2m | __tests__/__unit__/services/user/use-cases/delete-user.use-case.test.ts[22m[39m
[TEST SETUP] Loading .env.test from: C:\Users\moisreis\Projects\meta-investimentos\.env.test
Γùç injected env (1) from .env.test // tip: Γîÿ enable debugging { debug: true }
[TEST SETUP] Dotenv result: {
  parsed: {
    DATABASE_URL: [32m'postgresql://neondb_owner:npg_RrVLk0A3iwGU@ep-muddy-band-acxjnbbp-pooler.sa-east-1.aws.neon.tech/neondb?sslmode=require&channel_binding=require'[39m
  }
}
[TEST SETUP] DATABASE_URL from .env.test: postgresql://neondb_owner:npg_RrVLk0A3iwGU@ep-muddy-band-acxjnbbp-pooler.sa-east-1.aws.neon.tech/neondb?sslmode=require&channel_binding=require
[TEST SETUP] Set TEST_DATABASE_URL from DATABASE_URL
[TEST SETUP] Deleted DATABASE_URL, TEST_DATABASE_URL: SET

 [32mΓ£ô[39m [35m|unit|[39m __tests__/__unit__/services/quota/use-cases/get-quota.use-case.test.ts [2m ([22m[2m3 tests[22m[2m)[22m[90m 13[2mms[22m[39m
[90mstdout[2m | __tests__/__unit__/services/bank/mappers/bank.mapper.test.ts[22m[39m
[TEST SETUP] Loading .env.test from: C:\Users\moisreis\Projects\meta-investimentos\.env.test
Γùç injected env (1) from .env.test // tip: Γîÿ suppress logs { quiet: true }
[TEST SETUP] Dotenv result: {
  parsed: {
    DATABASE_URL: [32m'postgresql://neondb_owner:npg_RrVLk0A3iwGU@ep-muddy-band-acxjnbbp-pooler.sa-east-1.aws.neon.tech/neondb?sslmode=require&channel_binding=require'[39m
  }
}
[TEST SETUP] DATABASE_URL from .env.test: postgresql://neondb_owner:npg_RrVLk0A3iwGU@ep-muddy-band-acxjnbbp-pooler.sa-east-1.aws.neon.tech/neondb?sslmode=require&channel_binding=require
[TEST SETUP] Set TEST_DATABASE_URL from DATABASE_URL
[TEST SETUP] Deleted DATABASE_URL, TEST_DATABASE_URL: SET

 [32mΓ£ô[39m [35m|unit|[39m __tests__/__unit__/services/user/use-cases/delete-user.use-case.test.ts [2m ([22m[2m3 tests[22m[2m)[22m[90m 16[2mms[22m[39m
[90mstdout[2m | __tests__/__unit__/services/bank/use-cases/create-bank.use-case.test.ts[22m[39m
[TEST SETUP] Loading .env.test from: C:\Users\moisreis\Projects\meta-investimentos\.env.test
Γùç injected env (1) from .env.test // tip: Γîü auth for agents [www.vestauth.com]
[TEST SETUP] Dotenv result: {
  parsed: {
    DATABASE_URL: [32m'postgresql://neondb_owner:npg_RrVLk0A3iwGU@ep-muddy-band-acxjnbbp-pooler.sa-east-1.aws.neon.tech/neondb?sslmode=require&channel_binding=require'[39m
  }
}
[TEST SETUP] DATABASE_URL from .env.test: postgresql://neondb_owner:npg_RrVLk0A3iwGU@ep-muddy-band-acxjnbbp-pooler.sa-east-1.aws.neon.tech/neondb?sslmode=require&channel_binding=require
[TEST SETUP] Set TEST_DATABASE_URL from DATABASE_URL
[TEST SETUP] Deleted DATABASE_URL, TEST_DATABASE_URL: SET

 [32mΓ£ô[39m [35m|unit|[39m __tests__/__unit__/services/bank/mappers/bank.mapper.test.ts [2m ([22m[2m5 tests[22m[2m)[22m[90m 12[2mms[22m[39m
 [32mΓ£ô[39m [35m|unit|[39m __tests__/__unit__/services/bank/use-cases/create-bank.use-case.test.ts [2m ([22m[2m4 tests[22m[2m)[22m[90m 13[2mms[22m[39m
[90mstdout[2m | __tests__/__unit__/services/bank/use-cases/delete-bank.use-case.test.ts[22m[39m
[TEST SETUP] Loading .env.test from: C:\Users\moisreis\Projects\meta-investimentos\.env.test
Γùç injected env (1) from .env.test // tip: Γùê encrypted .env [www.dotenvx.com]
[TEST SETUP] Dotenv result: {
  parsed: {
    DATABASE_URL: [32m'postgresql://neondb_owner:npg_RrVLk0A3iwGU@ep-muddy-band-acxjnbbp-pooler.sa-east-1.aws.neon.tech/neondb?sslmode=require&channel_binding=require'[39m
  }
}
[TEST SETUP] DATABASE_URL from .env.test: postgresql://neondb_owner:npg_RrVLk0A3iwGU@ep-muddy-band-acxjnbbp-pooler.sa-east-1.aws.neon.tech/neondb?sslmode=require&channel_binding=require
[TEST SETUP] Set TEST_DATABASE_URL from DATABASE_URL
[TEST SETUP] Deleted DATABASE_URL, TEST_DATABASE_URL: SET

 [32mΓ£ô[39m [35m|unit|[39m __tests__/__unit__/services/bank/use-cases/delete-bank.use-case.test.ts [2m ([22m[2m3 tests[22m[2m)[22m[90m 9[2mms[22m[39m

[2m Test Files [22m [1m[32m224 passed[39m[22m[90m (224)[39m
[2m      Tests [22m [1m[32m2041 passed[39m[22m[90m (2041)[39m
[2m   Start at [22m 17:31:11
[2m   Duration [22m 65.83s[2m (transform 27.27s, setup 59.45s, collect 36.20s, tests 4.70s, environment 120ms, prepare 69.82s)[22m

[34m % [39m[2mCoverage report from [22m[33mv8[39m
-------------------|---------|----------|---------|---------|-------------------
File               | % Stmts | % Branch | % Funcs | % Lines | Uncovered Line #s 
-------------------|---------|----------|---------|---------|-------------------
All files          |   19.81 |    75.11 |   55.01 |   19.81 |                   
 ...-investimentos |       0 |       25 |      25 |       0 |                   
  ...zle.config.ts |       0 |        0 |       0 |       0 | 1-11              
  next.config.ts   |       0 |      100 |     100 |       0 | 4-27              
  ...ss.config.mjs |       0 |        0 |       0 |       0 | 1-25              
  proxy.ts         |       0 |        0 |       0 |       0 | 1-61              
 ...estimentos/app |       0 |       20 |      20 |       0 |                   
  error.tsx        |       0 |        0 |       0 |       0 | 1-45              
  global-error.tsx |       0 |        0 |       0 |       0 | 1-150             
  layout.tsx       |       0 |        0 |       0 |       0 | 1-105             
  not-found.tsx    |       0 |        0 |       0 |       0 | 1-26              
  page.tsx         |       0 |      100 |     100 |       0 | 25-27             
 ...tos/app/(auth) |       0 |    33.33 |   33.33 |       0 |                   
  error.tsx        |       0 |        0 |       0 |       0 | 1-42              
  layout.tsx       |       0 |      100 |     100 |       0 | 28-34             
  loading.tsx      |       0 |        0 |       0 |       0 | 1-24              
 ...(auth)/sign-in |       0 |        0 |       0 |       0 |                   
  layout.tsx       |       0 |        0 |       0 |       0 | 1-44              
  page.tsx         |       0 |        0 |       0 |       0 | 1-34              
 ...(auth)/sign-up |       0 |        0 |       0 |       0 |                   
  layout.tsx       |       0 |        0 |       0 |       0 | 1-44              
  page.tsx         |       0 |        0 |       0 |       0 | 1-34              
 ...tos/app/(main) |       0 |        0 |       0 |       0 |                   
  error.tsx        |       0 |        0 |       0 |       0 | 1-45              
  layout.tsx       |       0 |        0 |       0 |       0 | 1-36              
  loading.tsx      |       0 |        0 |       0 |       0 | 1-31              
  not-found.tsx    |       0 |        0 |       0 |       0 | 1-20              
 ...n)/application |       0 |        0 |       0 |       0 |                   
  page.tsx         |       0 |        0 |       0 |       0 | 1-31              
 ...ain)/audit-log |       0 |        0 |       0 |       0 |                   
  page.tsx         |       0 |        0 |       0 |       0 | 1-31              
 ...pp/(main)/bank |       0 |        0 |       0 |       0 |                   
  page.tsx         |       0 |        0 |       0 |       0 | 1-31              
 ...)/bank-account |       0 |        0 |       0 |       0 |                   
  page.tsx         |       0 |        0 |       0 |       0 | 1-31              
 ...ain)/benchmark |       0 |        0 |       0 |       0 |                   
  page.tsx         |       0 |        0 |       0 |       0 | 1-31              
 ...chmark-history |       0 |        0 |       0 |       0 |                   
  page.tsx         |       0 |        0 |       0 |       0 | 1-31              
 ...main)/category |       0 |        0 |       0 |       0 |                   
  page.tsx         |       0 |        0 |       0 |       0 | 1-31              
 ...ecking-account |       0 |        0 |       0 |       0 |                   
  page.tsx         |       0 |        0 |       0 |       0 | 1-31              
 ...pp/(main)/fund |       0 |        0 |       0 |       0 |                   
  page.tsx         |       0 |        0 |       0 |       0 | 1-31              
 ...ain)/fund/[id] |       0 |        0 |       0 |       0 |                   
  loading.tsx      |       0 |        0 |       0 |       0 | 1-24              
  page.tsx         |       0 |        0 |       0 |       0 | 1-55              
 ...pp/(main)/main |       0 |        0 |       0 |       0 |                   
  page.tsx         |       0 |        0 |       0 |       0 | 1-27              
 ...pp/(main)/norm |       0 |        0 |       0 |       0 |                   
  page.tsx         |       0 |        0 |       0 |       0 | 1-31              
 ...ain)/portfolio |       0 |        0 |       0 |       0 |                   
  page.tsx         |       0 |        0 |       0 |       0 | 1-31              
 ...io-performance |       0 |        0 |       0 |       0 |                   
  page.tsx         |       0 |        0 |       0 |       0 | 1-31              
 ...portfolio/[id] |       0 |        0 |       0 |       0 |                   
  loading.tsx      |       0 |        0 |       0 |       0 | 1-24              
  page.tsx         |       0 |        0 |       0 |       0 | 1-55              
 ...main)/position |       0 |        0 |       0 |       0 |                   
  page.tsx         |       0 |        0 |       0 |       0 | 1-31              
 ...on-performance |       0 |        0 |       0 |       0 |                   
  page.tsx         |       0 |        0 |       0 |       0 | 1-31              
 .../position/[id] |       0 |        0 |       0 |       0 |                   
  loading.tsx      |       0 |        0 |       0 |       0 | 1-24              
  page.tsx         |       0 |        0 |       0 |       0 | 1-55              
 ...p/(main)/quota |       0 |        0 |       0 |       0 |                   
  page.tsx         |       0 |        0 |       0 |       0 | 1-31              
 ...ain)/statement |       0 |        0 |       0 |       0 |                   
  page.tsx         |       0 |        0 |       0 |       0 | 1-31              
 ...pp/(main)/user |       0 |        0 |       0 |       0 |                   
  page.tsx         |       0 |        0 |       0 |       0 | 1-31              
 ...in)/withdrawal |       0 |        0 |       0 |       0 |                   
  page.tsx         |       0 |        0 |       0 |       0 | 1-31              
 .../auth/[...all] |       0 |        0 |       0 |       0 |                   
  route.ts         |       0 |        0 |       0 |       0 | 1-62              
 .../statement-pdf |       0 |        0 |       0 |       0 |                   
  route.ts         |       0 |        0 |       0 |       0 | 1-89              
 ...mentos/clients |       0 |        0 |       0 |       0 |                   
  auth.client.ts   |       0 |        0 |       0 |       0 | 1-8               
  ...uth.client.ts |       0 |        0 |       0 |       0 | 1-48              
  cvm.client.ts    |       0 |        0 |       0 |       0 | 1-342             
  ...ase.client.ts |       0 |        0 |       0 |       0 | 1-6               
  ...est.client.ts |       0 |        0 |       0 |       0 | 1-8               
 .../value-objects |     100 |      100 |     100 |     100 |                   
  ....constants.ts |     100 |      100 |     100 |     100 |                   
 ...base/relations |       0 |        0 |       0 |       0 |                   
  ....relations.ts |       0 |        0 |       0 |       0 | 1-20              
  ....relations.ts |       0 |        0 |       0 |       0 | 1-23              
  ....relations.ts |       0 |        0 |       0 |       0 | 1-15              
  ....relations.ts |       0 |        0 |       0 |       0 | 1-29              
  ....relations.ts |       0 |        0 |       0 |       0 | 1-19              
  ....relations.ts |       0 |        0 |       0 |       0 | 1-15              
  ....relations.ts |       0 |        0 |       0 |       0 | 1-19              
  ....relations.ts |       0 |        0 |       0 |       0 | 1-19              
  ....relations.ts |       0 |        0 |       0 |       0 | 1-15              
  ....relations.ts |       0 |        0 |       0 |       0 | 1-39              
  index.ts         |       0 |        0 |       0 |       0 | 1                 
  ....relations.ts |       0 |        0 |       0 |       0 | 1-19              
  ....relations.ts |       0 |        0 |       0 |       0 | 1-19              
  ....relations.ts |       0 |        0 |       0 |       0 | 1-15              
  ....relations.ts |       0 |        0 |       0 |       0 | 1-52              
  ....relations.ts |       0 |        0 |       0 |       0 | 1-15              
  ....relations.ts |       0 |        0 |       0 |       0 | 1-46              
  ....relations.ts |       0 |        0 |       0 |       0 | 1-15              
  ....relations.ts |       0 |        0 |       0 |       0 | 1-20              
  ....relations.ts |       0 |        0 |       0 |       0 | 1-20              
  ....relations.ts |       0 |        0 |       0 |       0 | 1-23              
  ....relations.ts |       0 |        0 |       0 |       0 | 1-48              
  ....relations.ts |       0 |        0 |       0 |       0 | 1-23              
 ...tabase/schemas |       0 |        0 |       0 |       0 |                   
  ...unt.schema.ts |       0 |        0 |       0 |       0 | 1-56              
  ...ion.schema.ts |       0 |        0 |       0 |       0 | 1-64              
  ...log.schema.ts |       0 |        0 |       0 |       0 | 1-52              
  ...unt.schema.ts |       0 |        0 |       0 |       0 | 1-56              
  bank.schema.ts   |       0 |        0 |       0 |       0 | 1-20              
  ...ory.schema.ts |       0 |        0 |       0 |       0 | 1-38              
  ...ark.schema.ts |       0 |        0 |       0 |       0 | 1-33              
  ...ory.schema.ts |       0 |        0 |       0 |       0 | 1-20              
  ...unt.schema.ts |       0 |        0 |       0 |       0 | 1-39              
  fund.schema.ts   |       0 |        0 |       0 |       0 | 1-55              
  index.ts         |       0 |        0 |       0 |       0 | 1                 
  norm.schema.ts   |       0 |        0 |       0 |       0 | 1-55              
  ...ios.schema.ts |       0 |        0 |       0 |       0 | 1-62              
  ...nce.schema.ts |       0 |        0 |       0 |       0 | 1-74              
  ...lio.schema.ts |       0 |        0 |       0 |       0 | 1-59              
  ...nce.schema.ts |       0 |        0 |       0 |       0 | 1-68              
  ...ion.schema.ts |       0 |        0 |       0 |       0 | 1-73              
  quota.schema.ts  |       0 |        0 |       0 |       0 | 1-44              
  ...ion.schema.ts |       0 |        0 |       0 |       0 | 1-38              
  ...ent.schema.ts |       0 |        0 |       0 |       0 | 1-44              
  ...ion.schema.ts |       0 |        0 |       0 |       0 | 1-59              
  ...-role.enum.ts |       0 |        0 |       0 |       0 | 1-8               
  user.schema.ts   |       0 |        0 |       0 |       0 | 1-35              
  ...ion.schema.ts |       0 |        0 |       0 |       0 | 1-34              
  ...wal.schema.ts |       0 |        0 |       0 |       0 | 1-58              
 ...count/entities |   98.19 |    96.22 |     100 |   98.19 |                   
  ...unt.entity.ts |   98.19 |    96.22 |     100 |   98.19 | 419-420           
 ...on/calculators |     100 |      100 |     100 |     100 |                   
  ...calculator.ts |     100 |      100 |     100 |     100 |                   
 ...ation/entities |   96.63 |    97.82 |     100 |   96.63 |                   
  ...ion.entity.ts |   96.63 |    97.82 |     100 |   96.63 | 325-328           
 ...ication/events |     100 |      100 |     100 |     100 |                   
  ...rded.event.ts |     100 |      100 |     100 |     100 |                   
  ...rsed.event.ts |     100 |      100 |     100 |     100 |                   
 ...t-log/entities |   94.59 |    96.77 |     100 |   94.59 |                   
  ...log.entity.ts |   94.59 |    96.77 |     100 |   94.59 | 254-257           
 ...count/entities |   92.72 |    95.34 |     100 |   92.72 |                   
  ...unt.entity.ts |   92.72 |    95.34 |     100 |   92.72 | 252-255,257-260   
 .../bank/entities |     100 |      100 |     100 |     100 |                   
  bank.entity.ts   |     100 |      100 |     100 |     100 |                   
 ...story/entities |   95.06 |    96.29 |     100 |   95.06 |                   
  ...ory.entity.ts |   95.06 |    96.29 |     100 |   95.06 | 208-211           
 ...history/events |     100 |      100 |     100 |     100 |                   
  ...rded.event.ts |     100 |      100 |     100 |     100 |                   
 ...rk/calculators |     100 |      100 |     100 |     100 |                   
  ...calculator.ts |     100 |      100 |     100 |     100 |                   
  ...calculator.ts |     100 |      100 |     100 |     100 |                   
  ...calculator.ts |     100 |      100 |     100 |     100 |                   
  ...calculator.ts |     100 |      100 |     100 |     100 |                   
 ...hmark/entities |     100 |      100 |     100 |     100 |                   
  ...ark.entity.ts |     100 |      100 |     100 |     100 |                   
 ...egory/entities |     100 |      100 |     100 |     100 |                   
  ...ory.entity.ts |     100 |      100 |     100 |     100 |                   
 ...count/entities |   94.66 |       96 |     100 |   94.66 |                   
  ...unt.entity.ts |   94.66 |       96 |     100 |   94.66 | 185-188           
 .../fund/entities |   98.19 |    98.03 |     100 |   98.19 |                   
  fund.entity.ts   |   98.19 |    98.03 |     100 |   98.19 | 318-319           
 ...in/fund/events |     100 |      100 |     100 |     100 |                   
  ...ered.event.ts |     100 |      100 |     100 |     100 |                   
  ...ated.event.ts |     100 |      100 |     100 |     100 |                   
 .../norm/entities |    88.5 |    92.85 |     100 |    88.5 |                   
  norm.entity.ts   |    88.5 |    92.85 |     100 |    88.5 | ...38-441,443-446 
 ...folio/entities |      92 |    94.11 |     100 |      92 |                   
  ...ios.entity.ts |      92 |    94.11 |     100 |      92 | 275-278,280-283   
 ...rtfolio/events |     100 |      100 |     100 |     100 |                   
  ...olio.event.ts |     100 |      100 |     100 |     100 |                   
 ...mance/entities |   83.78 |    89.65 |     100 |   83.78 |                   
  ...nce.entity.ts |   83.78 |    89.65 |     100 |   83.78 | ...50-553,555-558 
 ...io/calculators |     100 |      100 |     100 |     100 |                   
  ...calculator.ts |     100 |      100 |     100 |     100 |                   
  ...calculator.ts |     100 |      100 |     100 |     100 |                   
  ...calculator.ts |     100 |      100 |     100 |     100 |                   
  ...calculator.ts |     100 |      100 |     100 |     100 |                   
  ...calculator.ts |     100 |      100 |     100 |     100 |                   
  ...calculator.ts |     100 |      100 |     100 |     100 |                   
  ...calculator.ts |     100 |      100 |     100 |     100 |                   
  ...calculator.ts |     100 |      100 |     100 |     100 |                   
  ...calculator.ts |     100 |      100 |     100 |     100 |                   
  ...calculator.ts |     100 |      100 |     100 |     100 |                   
  ...calculator.ts |     100 |      100 |     100 |     100 |                   
 ...folio/entities |   90.95 |    93.05 |     100 |   90.95 |                   
  ...lio.entity.ts |   90.95 |    93.05 |     100 |   90.95 | ...53-456,513-516 
 ...rtfolio/events |     100 |      100 |     100 |     100 |                   
  ...ated.event.ts |     100 |      100 |     100 |     100 |                   
  ...ered.event.ts |     100 |      100 |     100 |     100 |                   
 ...mance/entities |   85.29 |    90.19 |     100 |   85.29 |                   
  ...nce.entity.ts |   85.29 |    90.19 |     100 |   85.29 | ...67-470,472-475 
 ...on/calculators |     100 |      100 |     100 |     100 |                   
  ...calculator.ts |     100 |      100 |     100 |     100 |                   
  ...calculator.ts |     100 |      100 |     100 |     100 |                   
  ...calculator.ts |     100 |      100 |     100 |     100 |                   
  ...calculator.ts |     100 |      100 |     100 |     100 |                   
  ...calculator.ts |     100 |      100 |     100 |     100 |                   
  ...calculator.ts |     100 |      100 |     100 |     100 |                   
  ...calculator.ts |     100 |      100 |     100 |     100 |                   
  ...calculator.ts |     100 |      100 |     100 |     100 |                   
  ...calculator.ts |     100 |      100 |     100 |     100 |                   
  ...calculator.ts |     100 |      100 |     100 |     100 |                   
  ...calculator.ts |     100 |      100 |     100 |     100 |                   
 ...ition/entities |   94.63 |    96.15 |     100 |   94.63 |                   
  ...ion.entity.ts |   94.63 |    96.15 |     100 |   94.63 | 310-313,315-318   
 ...osition/events |     100 |      100 |     100 |     100 |                   
  ...ened.event.ts |     100 |      100 |     100 |     100 |                   
 ...quota/entities |   97.01 |    96.29 |     100 |   97.01 |                   
  quota.entity.ts  |   97.01 |    96.29 |     100 |   97.01 | 201-202           
 ...n/quota/events |     100 |      100 |     100 |     100 |                   
  ...rded.event.ts |     100 |      100 |     100 |     100 |                   
 ...ssion/entities |   97.36 |    96.66 |     100 |   97.36 |                   
  ...ion.entity.ts |   97.36 |    96.66 |     100 |   97.36 | 272-273           
 ...ement/entities |     100 |      100 |     100 |     100 |                   
  ...ent.entity.ts |     100 |      100 |     100 |     100 |                   
 ...atement/events |     100 |      100 |     100 |     100 |                   
  ...ated.event.ts |     100 |      100 |     100 |     100 |                   
 ...ation/entities |   89.18 |       92 |     100 |   89.18 |                   
  ...ion.entity.ts |   89.18 |       92 |     100 |   89.18 | 233-236,238-241   
 ...ocation/events |     100 |      100 |     100 |     100 |                   
  ...ated.event.ts |     100 |      100 |     100 |     100 |                   
 .../user/entities |     100 |      100 |     100 |     100 |                   
  user.entity.ts   |     100 |      100 |     100 |     100 |                   
 ...in/user/events |     100 |      100 |     100 |     100 |                   
  ...ated.event.ts |     100 |      100 |     100 |     100 |                   
  ...ered.event.ts |     100 |      100 |     100 |     100 |                   
 ...ation/entities |     100 |      100 |     100 |     100 |                   
  ...ion.entity.ts |     100 |      100 |     100 |     100 |                   
 ...al/calculators |     100 |      100 |     100 |     100 |                   
  ...calculator.ts |     100 |      100 |     100 |     100 |                   
 ...rawal/entities |   96.52 |    97.82 |     100 |   96.52 |                   
  ...wal.entity.ts |   96.52 |    97.82 |     100 |   96.52 | 324-327           
 ...hdrawal/events |     100 |      100 |     100 |     100 |                   
  ...rded.event.ts |     100 |      100 |     100 |     100 |                   
  ...rsed.event.ts |     100 |      100 |     100 |     100 |                   
 ...imentos/errors |   82.85 |      100 |      60 |   82.85 |                   
  ...ency.error.ts |   57.14 |      100 |       0 |   57.14 | 31-33             
  ...urce.error.ts |   57.14 |      100 |       0 |   57.14 | 29-31             
  domain.error.ts  |     100 |      100 |     100 |     100 |                   
  index.ts         |     100 |      100 |     100 |     100 |                   
  ...ound.error.ts |     100 |      100 |     100 |     100 |                   
  ...tion.error.ts |     100 |      100 |     100 |     100 |                   
 ...ccount/mappers |     100 |      100 |     100 |     100 |                   
  ...unt.mapper.ts |     100 |      100 |     100 |     100 |                   
 ...t/repositories |       0 |        0 |       0 |       0 |                   
  ...repository.ts |       0 |        0 |       0 |       0 | 1-284             
 ...cation/mappers |     100 |      100 |     100 |     100 |                   
  ...ion.mapper.ts |     100 |      100 |     100 |     100 |                   
 ...n/repositories |       0 |        0 |       0 |       0 |                   
  ...repository.ts |       0 |        0 |       0 |       0 | 1-455             
 ...it-log/mappers |     100 |      100 |     100 |     100 |                   
  ...log.mapper.ts |     100 |      100 |     100 |     100 |                   
 ...g/repositories |       0 |        0 |       0 |       0 |                   
  ...repository.ts |       0 |        0 |       0 |       0 | 1-347             
 ...ccount/mappers |     100 |      100 |     100 |     100 |                   
  ...unt.mapper.ts |     100 |      100 |     100 |     100 |                   
 ...t/repositories |       0 |        0 |       0 |       0 |                   
  ...repository.ts |       0 |        0 |       0 |       0 | 1-463             
 ...e/bank/mappers |     100 |      100 |     100 |     100 |                   
  bank.mapper.ts   |     100 |      100 |     100 |     100 |                   
 ...k/repositories |       0 |        0 |       0 |       0 |                   
  ...repository.ts |       0 |        0 |       0 |       0 | 1-313             
 ...istory/mappers |     100 |      100 |     100 |     100 |                   
  ...ory.mapper.ts |     100 |      100 |     100 |     100 |                   
 ...y/repositories |       0 |        0 |       0 |       0 |                   
  ...repository.ts |       0 |        0 |       0 |       0 | 1-353             
 ...chmark/mappers |     100 |      100 |     100 |     100 |                   
  ...ark.mapper.ts |     100 |      100 |     100 |     100 |                   
 ...k/repositories |       0 |        0 |       0 |       0 |                   
  ...repository.ts |       0 |        0 |       0 |       0 | 1-293             
 ...tegory/mappers |     100 |      100 |     100 |     100 |                   
  ...ory.mapper.ts |     100 |      100 |     100 |     100 |                   
 ...y/repositories |       0 |        0 |       0 |       0 |                   
  ...repository.ts |       0 |        0 |       0 |       0 | 1-321             
 ...ccount/mappers |     100 |      100 |     100 |     100 |                   
  ...unt.mapper.ts |     100 |      100 |     100 |     100 |                   
 ...t/repositories |       0 |        0 |       0 |       0 |                   
  ...repository.ts |       0 |        0 |       0 |       0 | 1-467             
 ...e/fund/mappers |     100 |      100 |     100 |     100 |                   
  fund.mapper.ts   |     100 |      100 |     100 |     100 |                   
 ...d/repositories |       0 |        0 |       0 |       0 |                   
  ...repository.ts |       0 |        0 |       0 |       0 | 1-475             
 ...e/norm/mappers |     100 |      100 |     100 |     100 |                   
  norm.mapper.ts   |     100 |      100 |     100 |     100 |                   
 ...m/repositories |       0 |        0 |       0 |       0 |                   
  ...repository.ts |       0 |        0 |       0 |       0 | 1-273             
 ...tfolio/mappers |     100 |      100 |     100 |     100 |                   
  ...ios.mapper.ts |     100 |      100 |     100 |     100 |                   
 ...o/repositories |       0 |        0 |       0 |       0 |                   
  ...repository.ts |       0 |        0 |       0 |       0 | 1-308             
 ...rmance/mappers |     100 |    62.16 |     100 |     100 |                   
  ...nce.mapper.ts |     100 |    62.16 |     100 |     100 | ...33,179,182-190 
 ...e/repositories |       0 |        0 |       0 |       0 |                   
  ...repository.ts |       0 |        0 |       0 |       0 | 1-517             
 ...tfolio/mappers |     100 |      100 |     100 |     100 |                   
  ...lio.mapper.ts |     100 |      100 |     100 |     100 |                   
 ...o/repositories |       0 |        0 |       0 |       0 |                   
  ...repository.ts |       0 |        0 |       0 |       0 | 1-350             
 ...rmance/mappers |     100 |       60 |     100 |     100 |                   
  ...nce.mapper.ts |     100 |       60 |     100 |     100 | 108-111,158-161   
 ...e/repositories |       0 |        0 |       0 |       0 |                   
  ...repository.ts |       0 |        0 |       0 |       0 | 1-407             
 ...sition/mappers |     100 |      100 |     100 |     100 |                   
  ...ion.mapper.ts |     100 |      100 |     100 |     100 |                   
 ...n/repositories |       0 |        0 |       0 |       0 |                   
  ...repository.ts |       0 |        0 |       0 |       0 | 1-463             
 .../quota/mappers |     100 |      100 |     100 |     100 |                   
  quota.mapper.ts  |     100 |      100 |     100 |     100 |                   
 ...a/repositories |       0 |        0 |       0 |       0 |                   
  ...repository.ts |       0 |        0 |       0 |       0 | 1-527             
 ...ession/mappers |     100 |      100 |     100 |     100 |                   
  ...ion.mapper.ts |     100 |      100 |     100 |     100 |                   
 ...n/repositories |       0 |        0 |       0 |       0 |                   
  ...repository.ts |       0 |        0 |       0 |       0 | 1-272             
 ...tement/mappers |     100 |      100 |     100 |     100 |                   
  ...ent.mapper.ts |     100 |      100 |     100 |     100 |                   
 ...t/repositories |       0 |        0 |       0 |       0 |                   
  ...repository.ts |       0 |        0 |       0 |       0 | 1-317             
 ...cation/mappers |     100 |      100 |     100 |     100 |                   
  ...ion.mapper.ts |     100 |      100 |     100 |     100 |                   
 ...n/repositories |       0 |        0 |       0 |       0 |                   
  ...repository.ts |       0 |        0 |       0 |       0 | 1-400             
 ...e/user/mappers |     100 |      100 |     100 |     100 |                   
  user.mapper.ts   |     100 |      100 |     100 |     100 |                   
 ...r/repositories |       0 |        0 |       0 |       0 |                   
  ...repository.ts |       0 |        0 |       0 |       0 | 1-320             
 ...cation/mappers |     100 |      100 |     100 |     100 |                   
  ...ion.mapper.ts |     100 |      100 |     100 |     100 |                   
 ...n/repositories |       0 |        0 |       0 |       0 |                   
  ...repository.ts |       0 |        0 |       0 |       0 | 1-247             
 ...drawal/mappers |     100 |      100 |     100 |     100 |                   
  ...wal.mapper.ts |     100 |      100 |     100 |     100 |                   
 ...l/repositories |       0 |        0 |       0 |       0 |                   
  ...repository.ts |       0 |        0 |       0 |       0 | 1-458             
 ...stimentos/jobs |       0 |        0 |       0 |       0 |                   
  ...import.job.ts |       0 |        0 |       0 |       0 | 1-176             
  ...culate.job.ts |       0 |        0 |       0 |       0 | 1-175             
  ...culate.job.ts |       0 |        0 |       0 |       0 | 1-163             
  ...nerate.job.ts |       0 |        0 |       0 |       0 | 1-158             
 ...estimentos/lib |       0 |        0 |       0 |       0 |                   
  utils.ts         |       0 |        0 |       0 |       0 | 1                 
 ...entos/lib/auth |       0 |        0 |       0 |       0 |                   
  ...re-session.ts |       0 |        0 |       0 |       0 | 1-43              
 ...entos/lib/date |       0 |        0 |       0 |       0 |                   
  day-key.ts       |       0 |        0 |       0 |       0 | 1-81              
 ...mentos/lib/log |       0 |      100 |     100 |       0 |                   
  logger.ts        |       0 |      100 |     100 |       0 | 13-92             
 ...ntos/lib/money |       0 |    33.33 |   33.33 |       0 |                   
  ...validation.ts |       0 |        0 |       0 |       0 | 1-19              
  ....validator.ts |       0 |      100 |     100 |       0 | 4-144             
  sum-money.ts     |       0 |        0 |       0 |       0 | 1-170             
 ...ib/performance |   82.45 |    85.71 |      75 |   82.45 |                   
  ...calculator.ts |   82.45 |    85.71 |      75 |   82.45 | ...78-290,345-346 
 ...lib/validation |       0 |       50 |      50 |       0 |                   
  ...validation.ts |       0 |        0 |       0 |       0 | 1-15              
  ...validation.ts |       0 |        0 |       0 |       0 | 1-17              
  ...validation.ts |       0 |      100 |     100 |       0 | 2-142             
  ...validation.ts |       0 |      100 |     100 |       0 | 27-35             
 ...on/composition |       0 |        0 |       0 |       0 |                   
  ....container.ts |       0 |        0 |       0 |       0 | 1-95              
  ....container.ts |       0 |        0 |       0 |       0 | 1-45              
  ....container.ts |       0 |        0 |       0 |       0 | 1-77              
  ....container.ts |       0 |        0 |       0 |       0 | 1-82              
  ....container.ts |       0 |        0 |       0 |       0 | 1-52              
  ....container.ts |       0 |        0 |       0 |       0 | 1-51              
  ....container.ts |       0 |        0 |       0 |       0 | 1-49              
  ....container.ts |       0 |        0 |       0 |       0 | 1-60              
  ....container.ts |       0 |        0 |       0 |       0 | 1-86              
  ....container.ts |       0 |        0 |       0 |       0 | 1-86              
  ....container.ts |       0 |        0 |       0 |       0 | 1-49              
  ....container.ts |       0 |        0 |       0 |       0 | 1-99              
  ....container.ts |       0 |        0 |       0 |       0 | 1-92              
  ....container.ts |       0 |        0 |       0 |       0 | 1-94              
  ....container.ts |       0 |        0 |       0 |       0 | 1-87              
  ....container.ts |       0 |        0 |       0 |       0 | 1-53              
  ....container.ts |       0 |        0 |       0 |       0 | 1-54              
  ....container.ts |       0 |        0 |       0 |       0 | 1-55              
  ....container.ts |       0 |        0 |       0 |       0 | 1-86              
 ...tion/constants |       0 |      100 |     100 |       0 |                   
  ....constants.ts |       0 |      100 |     100 |       0 | 6-28              
  ....constants.ts |       0 |      100 |     100 |       0 | 3-7               
 ...tation/mappers |       0 |      100 |     100 |       0 |                   
  ...row.mapper.ts |       0 |      100 |     100 |       0 | 30-73             
  ...row.mapper.ts |       0 |      100 |     100 |       0 | 29-72             
  ...row.mapper.ts |       0 |      100 |     100 |       0 | 30-72             
  ...row.mapper.ts |       0 |      100 |     100 |       0 | 30-66             
  ...row.mapper.ts |       0 |      100 |     100 |       0 | 31-81             
  ...row.mapper.ts |       0 |      100 |     100 |       0 | 28-66             
  ...row.mapper.ts |       0 |      100 |     100 |       0 | 30-69             
  ...row.mapper.ts |       0 |      100 |     100 |       0 | 29-69             
  ...row.mapper.ts |       0 |      100 |     100 |       0 | 30-71             
  ...row.mapper.ts |       0 |      100 |     100 |       0 | 29-68             
  ...unt.mapper.ts |       0 |      100 |     100 |       0 | 44-68             
  ...ing.mapper.ts |       0 |      100 |     100 |       0 | 42-69             
  ...row.mapper.ts |       0 |      100 |     100 |       0 | 33-81             
  ...row.mapper.ts |       0 |      100 |     100 |       0 | 30-75             
  ...row.mapper.ts |       0 |      100 |     100 |       0 | 32-77             
  ...row.mapper.ts |       0 |      100 |     100 |       0 | 30-76             
  ...row.mapper.ts |       0 |      100 |     100 |       0 | 30-72             
  ...row.mapper.ts |       0 |      100 |     100 |       0 | 30-69             
  ...row.mapper.ts |       0 |      100 |     100 |       0 | 27-68             
  ...row.mapper.ts |       0 |      100 |     100 |       0 | 30-74             
  ...row.mapper.ts |       0 |      100 |     100 |       0 | 30-73             
 ...entation/masks |       0 |       50 |      50 |       0 |                   
  cnpj.mask.ts     |       0 |        0 |       0 |       0 | 1-71              
  cpf.mask.ts      |       0 |        0 |       0 |       0 | 1-65              
  currency.mask.ts |       0 |      100 |     100 |       0 | 3-205             
  ...ntage.mask.ts |       0 |      100 |     100 |       0 | 2-77              
 ...ion/parts/auth |       0 |        0 |       0 |       0 |                   
  ...-backdrop.tsx |       0 |        0 |       0 |       0 | 1-40              
  ...auth-card.tsx |       0 |        0 |       0 |       0 | 1-78              
  ...copyright.tsx |       0 |        0 |       0 |       0 | 1-48              
  ...-backdrop.tsx |       0 |        0 |       0 |       0 | 1-59              
  ...dary-link.tsx |       0 |        0 |       0 |       0 | 1-64              
  ...uth-shell.tsx |       0 |        0 |       0 |       0 | 1-45              
 ...n/parts/charts |       0 |    16.66 |   16.66 |       0 |                   
  ...els.helper.ts |       0 |        0 |       0 |       0 | 1-362             
  ...hart-card.tsx |       0 |        0 |       0 |       0 | 1-94              
  ...ors.helper.ts |       0 |      100 |     100 |       0 | 9-114             
  ...-sections.tsx |       0 |        0 |       0 |       0 | 1-94              
  entity-chart.tsx |       0 |        0 |       0 |       0 | 1-945             
  ...els.helper.ts |       0 |        0 |       0 |       0 | 1-395             
 ...rts/components |       0 |        0 |       0 |       0 |                   
  ...npj-input.tsx |       0 |        0 |       0 |       0 | 1-68              
  ...-combobox.tsx |       0 |        0 |       0 |       0 | 1-215             
  ...em-button.tsx |       0 |        0 |       0 |       0 | 1-26              
  ...ns-button.tsx |       0 |        0 |       0 |       0 | 1-142             
  ...st-button.tsx |       0 |        0 |       0 |       0 | 1-73              
  ...-kpi-card.tsx |       0 |        0 |       0 |       0 | 1-70              
  ...kpi-group.tsx |       0 |        0 |       0 |       0 | 1-15              
  ...separator.tsx |       0 |        0 |       0 |       0 | 1-13              
  ...e-toolbar.tsx |       0 |        0 |       0 |       0 | 1-20              
  ...ate-input.tsx |       0 |        0 |       0 |       0 | 1-151             
  ...ail-shell.tsx |       0 |        0 |       0 |       0 | 1-58              
  ...l-summary.tsx |       0 |        0 |       0 |       0 | 1-211             
  ...ney-input.tsx |       0 |        0 |       0 |       0 | 1-86              
  ...nth-input.tsx |       0 |        0 |       0 |       0 | 1-203             
  ...age-input.tsx |       0 |        0 |       0 |       0 | 1-66              
  ...ate-input.tsx |       0 |        0 |       0 |       0 | 1-212             
  ...orm-field.tsx |       0 |        0 |       0 |       0 | 1-36              
  ...m-wrapper.tsx |       0 |        0 |       0 |       0 | 1-23              
  ...it-button.tsx |       0 |        0 |       0 |       0 | 1-35              
  ...er-avatar.tsx |       0 |        0 |       0 |       0 | 1-82              
 ...atable/columns |       0 |        0 |       0 |       0 |                   
  ...rnal-link.tsx |       0 |        0 |       0 |       0 | 1-64              
  ...back-cell.tsx |       0 |        0 |       0 |       0 | 1-34              
  ...okup-cell.tsx |       0 |        0 |       0 |       0 | 1-98              
  ...ate-badge.tsx |       0 |        0 |       0 |       0 | 1-72              
  ...le-column.tsx |       0 |        0 |       0 |       0 | 1-106             
  ...d-content.tsx |       0 |        0 |       0 |       0 | 1-38              
  ...user-cell.tsx |       0 |        0 |       0 |       0 | 1-72              
 ...atable/dialogs |       0 |        0 |       0 |       0 |                   
  ...te-dialog.tsx |       0 |        0 |       0 |       0 | 1-77              
 ...tatable/layout |       0 |        0 |       0 |       0 |                   
  ...datatable.tsx |       0 |        0 |       0 |       0 | 1-106             
  ...e-section.tsx |       0 |        0 |       0 |       0 | 1-132             
 ...ble/pagination |       0 |        0 |       0 |       0 |                   
  ...pty-table.tsx |       0 |        0 |       0 |       0 | 1-111             
  ...agination.tsx |       0 |        0 |       0 |       0 | 1-173             
 ...atable/pending |       0 |        0 |       0 |       0 |                   
  ...ding-rows.tsx |       0 |        0 |       0 |       0 | 1-93              
 ...pinned-columns |       0 |        0 |       0 |       0 |                   
  ...ed-column.tsx |       0 |        0 |       0 |       0 | 1-67              
  ...le-column.tsx |       0 |        0 |       0 |       0 | 1-105             
 ...able/row-menus |       0 |        0 |       0 |       0 |                   
  ...nu-button.tsx |       0 |        0 |       0 |       0 | 1-50              
  ...-dropdown.tsx |       0 |        0 |       0 |       0 | 1-81              
 ...datatable/rows |       0 |        0 |       0 |       0 |                   
  ...able-cell.tsx |       0 |        0 |       0 |       0 | 1-74              
  ...table-row.tsx |       0 |        0 |       0 |       0 | 1-90              
  ...able-cell.tsx |       0 |        0 |       0 |       0 | 1-43              
 ...table/settings |       0 |       50 |      50 |       0 |                   
  ...s.settings.ts |       0 |        0 |       0 |       0 | 1-54              
  ...s.settings.ts |       0 |      100 |     100 |       0 | 6-93              
 ...e/table-header |       0 |        0 |       0 |       0 |                   
  ...le-header.tsx |       0 |        0 |       0 |       0 | 1-74              
 .../parts/dialogs |       0 |        0 |       0 |       0 |                   
  ...d-another.tsx |       0 |        0 |       0 |       0 | 1-98              
  entity-add.tsx   |       0 |        0 |       0 |       0 | 1-78              
  ...rm-delete.tsx |       0 |        0 |       0 |       0 | 1-102             
  ...m-reverse.tsx |       0 |        0 |       0 |       0 | 1-104             
  entity-edit.tsx  |       0 |        0 |       0 |       0 | 1-78              
  ...gress-bar.tsx |       0 |        0 |       0 |       0 | 1-89              
  ...s-summary.tsx |       0 |        0 |       0 |       0 | 1-79              
  ...us-marker.tsx |       0 |        0 |       0 |       0 | 1-115             
 ...parts/feedback |       0 |        0 |       0 |       0 |                   
  ...-skeleton.tsx |       0 |        0 |       0 |       0 | 1-107             
  ...-skeleton.tsx |       0 |        0 |       0 |       0 | 1-88              
  ...-skeleton.tsx |       0 |        0 |       0 |       0 | 1-59              
  ...ror-panel.tsx |       0 |        0 |       0 |       0 | 1-90              
  ...k-surface.tsx |       0 |        0 |       0 |       0 | 1-105             
  ...und-panel.tsx |       0 |        0 |       0 |       0 | 1-72              
 ...dback/settings |       0 |      100 |     100 |       0 |                   
  ...s.settings.ts |       0 |      100 |     100 |       0 | 17-97             
 .../parts/filters |       0 |        0 |       0 |       0 |                   
  ...ate-range.tsx |       0 |        0 |       0 |       0 | 1-141             
  ...ty-search.tsx |       0 |        0 |       0 |       0 | 1-61              
  ...ct-filter.tsx |       0 |        0 |       0 |       0 | 1-159             
 ...on/parts/hooks |       0 |        0 |       0 |       0 |                   
  ...ialog.hook.ts |       0 |        0 |       0 |       0 | 1-125             
  ...ction.hook.ts |       0 |        0 |       0 |       0 | 1-97              
  ...elete.hook.ts |       0 |        0 |       0 |       0 | 1-60              
  ...input.hook.ts |       0 |        0 |       0 |       0 | 1-63              
  ...idths.hook.ts |       0 |        0 |       0 |       0 | 1-114             
  ...ation.hook.ts |       0 |        0 |       0 |       0 | 1-54              
  ...nning.hook.ts |       0 |        0 |       0 |       0 | 1-70              
  ...ialog.hook.ts |       0 |        0 |       0 |       0 | 1-108             
  ...tatus.hook.ts |       0 |        0 |       0 |       0 | 1-57              
  ...toast.hook.ts |       0 |        0 |       0 |       0 | 1-70              
  ...-form.hook.ts |       0 |        0 |       0 |       0 | 1-245             
  ...-kpis.hook.ts |       0 |        0 |       0 |       0 | 1-117             
  ...input.hook.ts |       0 |        0 |       0 |       0 | 1-66              
  ...input.hook.ts |       0 |        0 |       0 |       0 | 1-63              
  ...tions.hook.ts |       0 |        0 |       0 |       0 | 1-211             
  ...-rows.hook.ts |       0 |        0 |       0 |       0 | 1-100             
  ...olumn.hook.ts |       0 |        0 |       0 |       0 | 1-69              
  ...obile.hook.ts |       0 |        0 |       0 |       0 | 1-50              
 ...ts/layout/main |       0 |        0 |       0 |       0 |                   
  ...readcrumb.tsx |       0 |        0 |       0 |       0 | 1-131             
  ...nd-dialog.tsx |       0 |        0 |       0 |       0 | 1-59              
  ...d-trigger.tsx |       0 |        0 |       0 |       0 | 1-27              
  ...tent-area.tsx |       0 |        0 |       0 |       0 | 1-22              
  ...r-section.tsx |       0 |        0 |       0 |       0 | 1-25              
  ...r-wrapper.tsx |       0 |        0 |       0 |       0 | 1-22              
  main-header.tsx  |       0 |        0 |       0 |       0 | 1-31              
  main-home.tsx    |       0 |        0 |       0 |       0 | 1-89              
  ...de-toggle.tsx |       0 |        0 |       0 |       0 | 1-38              
  ...ns-toggle.tsx |       0 |        0 |       0 |       0 | 1-11              
  main-shell.tsx   |       0 |        0 |       0 |       0 | 1-28              
  ...r-content.tsx |       0 |        0 |       0 |       0 | 1-19              
  ...bar-group.tsx |       0 |        0 |       0 |       0 | 1-81              
  ...ar-header.tsx |       0 |        0 |       0 |       0 | 1-21              
  ...menu-item.tsx |       0 |        0 |       0 |       0 | 1-33              
  ...-provider.tsx |       0 |        0 |       0 |       0 | 1-27              
  main-sidebar.tsx |       0 |        0 |       0 |       0 | 1-94              
  ...r-actions.tsx |       0 |        0 |       0 |       0 | 1-61              
 ...rts/navigation |       0 |       50 |      50 |       0 |                   
  ...ail.helper.ts |       0 |        0 |       0 |       0 | 1-99              
  ...n.settings.ts |       0 |      100 |     100 |       0 | 17-103            
 ...atement-report |       0 |       25 |      25 |       0 |                   
  ...-document.tsx |       0 |        0 |       0 |       0 | 1-501             
  ...pdf.helper.ts |       0 |        0 |       0 |       0 | 1-40              
  ....constants.ts |       0 |        0 |       0 |       0 | 1-43              
  ...t.settings.ts |       0 |      100 |     100 |       0 | 20-83             
 ...n/parts/toasts |       0 |        0 |       0 |       0 |                   
  ...add-toast.tsx |       0 |        0 |       0 |       0 | 1-89              
  ...ete-toast.tsx |       0 |        0 |       0 |       0 | 1-94              
  ...dit-toast.tsx |       0 |        0 |       0 |       0 | 1-90              
  ...rse-toast.tsx |       0 |        0 |       0 |       0 | 1-94              
 ...ion/presenters |       0 |        0 |       0 |       0 |                   
  ....presenter.ts |       0 |        0 |       0 |       0 | 1-231             
  ....presenter.ts |       0 |        0 |       0 |       0 | 1-87              
  ....presenter.ts |       0 |        0 |       0 |       0 | 1-51              
  ....presenter.ts |       0 |        0 |       0 |       0 | 1-153             
  ....presenter.ts |       0 |        0 |       0 |       0 | 1-145             
  ....presenter.ts |       0 |        0 |       0 |       0 | 1-298             
  ....presenter.ts |       0 |        0 |       0 |       0 | 1-107             
  ....presenter.ts |       0 |        0 |       0 |       0 | 1-52              
  ....presenter.ts |       0 |        0 |       0 |       0 | 1-40              
 ...th)/components |       0 |        0 |       0 |       0 |                   
  ...cpf-input.tsx |       0 |        0 |       0 |       0 | 1-67              
  ...-in-toast.tsx |       0 |        0 |       0 |       0 | 1-47              
  ...-up-toast.tsx |       0 |        0 |       0 |       0 | 1-47              
 ...s/(auth)/forms |       0 |        0 |       0 |       0 |                   
  sign-in.tsx      |       0 |        0 |       0 |       0 | 1-103             
  sign-up.tsx      |       0 |        0 |       0 |       0 | 1-188             
 ...s/(auth)/hooks |       0 |        0 |       0 |       0 |                   
  ...input.hook.ts |       0 |        0 |       0 |       0 | 1-63              
  ...-form.hook.ts |       0 |        0 |       0 |       0 | 1-302             
  ...-link.hook.ts |       0 |        0 |       0 |       0 | 1-55              
  ...toast.hook.ts |       0 |        0 |       0 |       0 | 1-73              
  ...gn-in.hook.ts |       0 |        0 |       0 |       0 | 1-71              
  ...toast.hook.ts |       0 |        0 |       0 |       0 | 1-73              
  ...gn-up.hook.ts |       0 |        0 |       0 |       0 | 1-90              
 .../(auth)/layout |       0 |        0 |       0 |       0 |                   
  shell.tsx        |       0 |        0 |       0 |       0 | 1-90              
 ...s/(auth)/pages |       0 |        0 |       0 |       0 |                   
  sign-in.tsx      |       0 |        0 |       0 |       0 | 1-27              
  sign-up.tsx      |       0 |        0 |       0 |       0 | 1-27              
 ...auth)/settings |       0 |        0 |       0 |       0 |                   
  ...s.settings.ts |       0 |        0 |       0 |       0 | 1-103             
 ...h)/validations |       0 |        0 |       0 |       0 |                   
  ...validation.ts |       0 |        0 |       0 |       0 | 1-18              
  ...validation.ts |       0 |        0 |       0 |       0 | 1-28              
 ...cation/actions |       0 |        0 |       0 |       0 |                   
  ...ion.action.ts |       0 |        0 |       0 |       0 | 1-80              
  ...ion.action.ts |       0 |        0 |       0 |       0 | 1-70              
  ...ion.action.ts |       0 |        0 |       0 |       0 | 1-76              
 ...ion/components |       0 |        0 |       0 |       0 |                   
  ...on-button.tsx |       0 |        0 |       0 |       0 | 1-72              
 ...tion/datatable |       0 |        0 |       0 |       0 |                   
  filters.tsx      |       0 |        0 |       0 |       0 | 1-89              
  ...e-columns.tsx |       0 |        0 |       0 |       0 | 1-179             
  table.tsx        |       0 |        0 |       0 |       0 | 1-37              
  toolbar.tsx      |       0 |        0 |       0 |       0 | 1-43              
 ...cation/dialogs |       0 |        0 |       0 |       0 |                   
  add-another.tsx  |       0 |        0 |       0 |       0 | 1-55              
  add.tsx          |       0 |        0 |       0 |       0 | 1-97              
  ...m-reverse.tsx |       0 |        0 |       0 |       0 | 1-85              
 ...lication/forms |       0 |        0 |       0 |       0 |                   
  add.tsx          |       0 |        0 |       0 |       0 | 1-196             
  ...-combobox.tsx |       0 |        0 |       0 |       0 | 1-63              
  ...-combobox.tsx |       0 |        0 |       0 |       0 | 1-65              
 ...cation/helpers |       0 |       20 |      20 |       0 |                   
  ...ons.helper.ts |       0 |        0 |       0 |       0 | 1-35              
  ...ups.helper.ts |       0 |        0 |       0 |       0 | 1-117             
  ...ons.helper.ts |       0 |      100 |     100 |       0 | 23-33             
  ...ops.helper.ts |       0 |        0 |       0 |       0 | 1-58              
  ...ons.helper.ts |       0 |        0 |       0 |       0 | 1-78              
 ...lication/hooks |       0 |        0 |       0 |       0 |                   
  ...-form.hook.ts |       0 |        0 |       0 |       0 | 1-89              
  ...lters.hook.ts |       0 |        0 |       0 |       0 | 1-96              
  ...table.hook.ts |       0 |        0 |       0 |       0 | 1-88              
  ...-kpis.hook.ts |       0 |        0 |       0 |       0 | 1-100             
  ...tions.hook.ts |       0 |        0 |       0 |       0 | 1-31              
 ...lication/pages |       0 |        0 |       0 |       0 |                   
  list.tsx         |       0 |        0 |       0 |       0 | 1-134             
 ...ation/settings |       0 |      100 |     100 |       0 |                   
  ...s.settings.ts |       0 |      100 |     100 |       0 | 9-193             
 ...lication/types |       0 |      100 |     100 |       0 |                   
  ...-add.types.ts |       0 |      100 |     100 |       0 | 41-45             
 ...on/validations |       0 |        0 |       0 |       0 |                   
  ...validation.ts |       0 |        0 |       0 |       0 | 1-53              
  ...validation.ts |       0 |        0 |       0 |       0 | 1-44              
 ...-log/datatable |       0 |        0 |       0 |       0 |                   
  filters.tsx      |       0 |        0 |       0 |       0 | 1-40              
  ...e-columns.tsx |       0 |        0 |       0 |       0 | 1-124             
  table.tsx        |       0 |        0 |       0 |       0 | 1-36              
  toolbar.tsx      |       0 |        0 |       0 |       0 | 1-53              
 ...it-log/helpers |       0 |       60 |      60 |       0 |                   
  ...ies.helper.ts |       0 |      100 |     100 |       0 | 36-66             
  ...ion.helper.ts |       0 |      100 |     100 |       0 | 11-55             
  ...ity.helper.ts |       0 |      100 |     100 |       0 | 2-46              
  ...ops.helper.ts |       0 |        0 |       0 |       0 | 1-35              
  ...ogs.helper.ts |       0 |        0 |       0 |       0 | 1-65              
 ...udit-log/hooks |       0 |        0 |       0 |       0 |                   
  ...lters.hook.ts |       0 |        0 |       0 |       0 | 1-64              
  ...table.hook.ts |       0 |        0 |       0 |       0 | 1-72              
  ...-kpis.hook.ts |       0 |        0 |       0 |       0 | 1-84              
 ...udit-log/pages |       0 |        0 |       0 |       0 |                   
  list.tsx         |       0 |        0 |       0 |       0 | 1-99              
 ...t-log/settings |       0 |      100 |     100 |       0 |                   
  ...s.settings.ts |       0 |      100 |     100 |       0 | 9-61              
 ...ccount/actions |       0 |        0 |       0 |       0 |                   
  ...nts.action.ts |       0 |        0 |       0 |       0 | 1-72              
  ...unt.action.ts |       0 |        0 |       0 |       0 | 1-77              
  ...unt.action.ts |       0 |        0 |       0 |       0 | 1-71              
  ...unt.action.ts |       0 |        0 |       0 |       0 | 1-76              
 ...ount/datatable |       0 |        0 |       0 |       0 |                   
  filters.tsx      |       0 |        0 |       0 |       0 | 1-43              
  ...e-columns.tsx |       0 |        0 |       0 |       0 | 1-145             
  table.tsx        |       0 |        0 |       0 |       0 | 1-46              
  toolbar.tsx      |       0 |        0 |       0 |       0 | 1-67              
 ...ccount/dialogs |       0 |        0 |       0 |       0 |                   
  add-another.tsx  |       0 |        0 |       0 |       0 | 1-56              
  add.tsx          |       0 |        0 |       0 |       0 | 1-80              
  ...rm-delete.tsx |       0 |        0 |       0 |       0 | 1-86              
  edit.tsx         |       0 |        0 |       0 |       0 | 1-75              
 ...-account/forms |       0 |        0 |       0 |       0 |                   
  add.tsx          |       0 |        0 |       0 |       0 | 1-191             
  edit.tsx         |       0 |        0 |       0 |       0 | 1-167             
  ...-combobox.tsx |       0 |        0 |       0 |       0 | 1-67              
 ...ccount/helpers |       0 |       50 |      50 |       0 |                   
  ...ups.helper.ts |       0 |      100 |     100 |       0 | 8-135             
  ...ies.helper.ts |       0 |      100 |     100 |       0 | 34-55             
  ...ops.helper.ts |       0 |        0 |       0 |       0 | 1-56              
  ...nts.helper.ts |       0 |        0 |       0 |       0 | 1-73              
 ...-account/hooks |       0 |        0 |       0 |       0 |                   
  ...-form.hook.ts |       0 |        0 |       0 |       0 | 1-81              
  ...elete.hook.ts |       0 |        0 |       0 |       0 | 1-30              
  ...lters.hook.ts |       0 |        0 |       0 |       0 | 1-64              
  ...table.hook.ts |       0 |        0 |       0 |       0 | 1-112             
  ...-form.hook.ts |       0 |        0 |       0 |       0 | 1-75              
  ...-kpis.hook.ts |       0 |        0 |       0 |       0 | 1-114             
  ...tions.hook.ts |       0 |        0 |       0 |       0 | 1-28              
 ...-account/pages |       0 |        0 |       0 |       0 |                   
  list.tsx         |       0 |        0 |       0 |       0 | 1-148             
 ...count/settings |       0 |      100 |     100 |       0 |                   
  ...s.settings.ts |       0 |      100 |     100 |       0 | 9-193             
 ...nt/validations |       0 |        0 |       0 |       0 |                   
  ...validation.ts |       0 |        0 |       0 |       0 | 1-56              
  ...validation.ts |       0 |        0 |       0 |       0 | 1-22              
 ...s/bank/actions |       0 |        0 |       0 |       0 |                   
  ...nks.action.ts |       0 |        0 |       0 |       0 | 1-70              
  ...ank.action.ts |       0 |        0 |       0 |       0 | 1-70              
  ...ank.action.ts |       0 |        0 |       0 |       0 | 1-68              
  ...ank.action.ts |       0 |        0 |       0 |       0 | 1-71              
 ...bank/datatable |       0 |        0 |       0 |       0 |                   
  filters.tsx      |       0 |        0 |       0 |       0 | 1-40              
  ...e-columns.tsx |       0 |        0 |       0 |       0 | 1-107             
  table.tsx        |       0 |        0 |       0 |       0 | 1-46              
  toolbar.tsx      |       0 |        0 |       0 |       0 | 1-65              
 ...s/bank/dialogs |       0 |        0 |       0 |       0 |                   
  add-another.tsx  |       0 |        0 |       0 |       0 | 1-54              
  add.tsx          |       0 |        0 |       0 |       0 | 1-72              
  ...rm-delete.tsx |       0 |        0 |       0 |       0 | 1-69              
  edit.tsx         |       0 |        0 |       0 |       0 | 1-65              
 ...tes/bank/forms |       0 |        0 |       0 |       0 |                   
  add.tsx          |       0 |        0 |       0 |       0 | 1-114             
  edit.tsx         |       0 |        0 |       0 |       0 | 1-122             
 ...s/bank/helpers |       0 |    33.33 |   33.33 |       0 |                   
  ...ies.helper.ts |       0 |      100 |     100 |       0 | 34-51             
  ...ops.helper.ts |       0 |        0 |       0 |       0 | 1-44              
  ...nks.helper.ts |       0 |        0 |       0 |       0 | 1-36              
 ...tes/bank/hooks |       0 |        0 |       0 |       0 |                   
  ...-form.hook.ts |       0 |        0 |       0 |       0 | 1-67              
  ...elete.hook.ts |       0 |        0 |       0 |       0 | 1-29              
  ...lters.hook.ts |       0 |        0 |       0 |       0 | 1-49              
  ...table.hook.ts |       0 |        0 |       0 |       0 | 1-89              
  ...-form.hook.ts |       0 |        0 |       0 |       0 | 1-73              
  ...-kpis.hook.ts |       0 |        0 |       0 |       0 | 1-108             
  ...tions.hook.ts |       0 |        0 |       0 |       0 | 1-27              
 ...tes/bank/pages |       0 |        0 |       0 |       0 |                   
  list.tsx         |       0 |        0 |       0 |       0 | 1-113             
 .../bank/settings |       0 |      100 |     100 |       0 |                   
  ...s.settings.ts |       0 |      100 |     100 |       0 | 9-145             
 ...nk/validations |       0 |        0 |       0 |       0 |                   
  ...validation.ts |       0 |        0 |       0 |       0 | 1-43              
  ...validation.ts |       0 |        0 |       0 |       0 | 1-14              
 ...tory/datatable |       0 |        0 |       0 |       0 |                   
  filters.tsx      |       0 |        0 |       0 |       0 | 1-42              
  ...e-columns.tsx |       0 |        0 |       0 |       0 | 1-69              
  table.tsx        |       0 |        0 |       0 |       0 | 1-36              
  toolbar.tsx      |       0 |        0 |       0 |       0 | 1-58              
 ...istory/helpers |       0 |        0 |       0 |       0 |                   
  ...ops.helper.ts |       0 |        0 |       0 |       0 | 1-34              
  ...ory.helper.ts |       0 |        0 |       0 |       0 | 1-68              
 ...-history/hooks |       0 |        0 |       0 |       0 |                   
  ...lters.hook.ts |       0 |        0 |       0 |       0 | 1-57              
  ...table.hook.ts |       0 |        0 |       0 |       0 | 1-60              
  ...-kpis.hook.ts |       0 |        0 |       0 |       0 | 1-99              
 ...-history/pages |       0 |        0 |       0 |       0 |                   
  list.tsx         |       0 |        0 |       0 |       0 | 1-92              
 ...story/settings |       0 |      100 |     100 |       0 |                   
  ...s.settings.ts |       0 |      100 |     100 |       0 | 11-51             
 ...chmark/actions |       0 |        0 |       0 |       0 |                   
  ...ark.action.ts |       0 |        0 |       0 |       0 | 1-70              
  ...ark.action.ts |       0 |        0 |       0 |       0 | 1-71              
 ...mark/datatable |       0 |        0 |       0 |       0 |                   
  filters.tsx      |       0 |        0 |       0 |       0 | 1-40              
  ...e-columns.tsx |       0 |        0 |       0 |       0 | 1-76              
  table.tsx        |       0 |        0 |       0 |       0 | 1-37              
  toolbar.tsx      |       0 |        0 |       0 |       0 | 1-65              
 ...chmark/dialogs |       0 |        0 |       0 |       0 |                   
  add-another.tsx  |       0 |        0 |       0 |       0 | 1-54              
  add.tsx          |       0 |        0 |       0 |       0 | 1-76              
  edit.tsx         |       0 |        0 |       0 |       0 | 1-69              
 ...enchmark/forms |       0 |        0 |       0 |       0 |                   
  add.tsx          |       0 |        0 |       0 |       0 | 1-118             
  edit.tsx         |       0 |        0 |       0 |       0 | 1-124             
 ...chmark/helpers |       0 |        0 |       0 |       0 |                   
  ...ops.helper.ts |       0 |        0 |       0 |       0 | 1-25              
  ...rks.helper.ts |       0 |        0 |       0 |       0 | 1-40              
 ...enchmark/hooks |       0 |        0 |       0 |       0 |                   
  ...-form.hook.ts |       0 |        0 |       0 |       0 | 1-68              
  ...lters.hook.ts |       0 |        0 |       0 |       0 | 1-49              
  ...table.hook.ts |       0 |        0 |       0 |       0 | 1-73              
  ...-form.hook.ts |       0 |        0 |       0 |       0 | 1-71              
  ...-kpis.hook.ts |       0 |        0 |       0 |       0 | 1-70              
 ...enchmark/pages |       0 |        0 |       0 |       0 |                   
  list.tsx         |       0 |        0 |       0 |       0 | 1-104             
 ...hmark/settings |       0 |      100 |     100 |       0 |                   
  ...s.settings.ts |       0 |      100 |     100 |       0 | 9-105             
 ...rk/validations |       0 |        0 |       0 |       0 |                   
  ...validation.ts |       0 |        0 |       0 |       0 | 1-27              
  ...validation.ts |       0 |        0 |       0 |       0 | 1-15              
 ...tegory/actions |       0 |        0 |       0 |       0 |                   
  ...ies.action.ts |       0 |        0 |       0 |       0 | 1-71              
  ...ory.action.ts |       0 |        0 |       0 |       0 | 1-69              
  ...ory.action.ts |       0 |        0 |       0 |       0 | 1-70              
  ...ory.action.ts |       0 |        0 |       0 |       0 | 1-70              
 ...gory/datatable |       0 |        0 |       0 |       0 |                   
  filters.tsx      |       0 |        0 |       0 |       0 | 1-40              
  ...e-columns.tsx |       0 |        0 |       0 |       0 | 1-97              
  table.tsx        |       0 |        0 |       0 |       0 | 1-46              
  toolbar.tsx      |       0 |        0 |       0 |       0 | 1-65              
 ...tegory/dialogs |       0 |        0 |       0 |       0 |                   
  add-another.tsx  |       0 |        0 |       0 |       0 | 1-54              
  add.tsx          |       0 |        0 |       0 |       0 | 1-74              
  ...rm-delete.tsx |       0 |        0 |       0 |       0 | 1-69              
  edit.tsx         |       0 |        0 |       0 |       0 | 1-69              
 ...category/forms |       0 |        0 |       0 |       0 |                   
  add.tsx          |       0 |        0 |       0 |       0 | 1-96              
  edit.tsx         |       0 |        0 |       0 |       0 | 1-102             
 ...tegory/helpers |       0 |    33.33 |   33.33 |       0 |                   
  ...ies.helper.ts |       0 |      100 |     100 |       0 | 35-52             
  ...ies.helper.ts |       0 |        0 |       0 |       0 | 1-38              
  ...ops.helper.ts |       0 |        0 |       0 |       0 | 1-47              
 ...category/hooks |       0 |        0 |       0 |       0 |                   
  ...-form.hook.ts |       0 |        0 |       0 |       0 | 1-63              
  ...elete.hook.ts |       0 |        0 |       0 |       0 | 1-30              
  ...lters.hook.ts |       0 |        0 |       0 |       0 | 1-49              
  ...table.hook.ts |       0 |        0 |       0 |       0 | 1-91              
  ...-form.hook.ts |       0 |        0 |       0 |       0 | 1-68              
  ...-kpis.hook.ts |       0 |        0 |       0 |       0 | 1-111             
  ...tions.hook.ts |       0 |        0 |       0 |       0 | 1-27              
 ...category/pages |       0 |        0 |       0 |       0 |                   
  list.tsx         |       0 |        0 |       0 |       0 | 1-121             
 ...egory/settings |       0 |      100 |     100 |       0 |                   
  ...s.settings.ts |       0 |      100 |     100 |       0 | 9-138             
 ...ry/validations |       0 |        0 |       0 |       0 |                   
  ...validation.ts |       0 |        0 |       0 |       0 | 1-49              
  ...validation.ts |       0 |        0 |       0 |       0 | 1-13              
 ...ccount/actions |       0 |        0 |       0 |       0 |                   
  ...nts.action.ts |       0 |        0 |       0 |       0 | 1-72              
  ...unt.action.ts |       0 |        0 |       0 |       0 | 1-75              
  ...unt.action.ts |       0 |        0 |       0 |       0 | 1-70              
  ...unt.action.ts |       0 |        0 |       0 |       0 | 1-74              
 ...ount/datatable |       0 |        0 |       0 |       0 |                   
  filters.tsx      |       0 |        0 |       0 |       0 | 1-43              
  ...e-columns.tsx |       0 |        0 |       0 |       0 | 1-115             
  table.tsx        |       0 |        0 |       0 |       0 | 1-48              
  toolbar.tsx      |       0 |        0 |       0 |       0 | 1-69              
 ...ccount/dialogs |       0 |        0 |       0 |       0 |                   
  add-another.tsx  |       0 |        0 |       0 |       0 | 1-61              
  add.tsx          |       0 |        0 |       0 |       0 | 1-80              
  ...rm-delete.tsx |       0 |        0 |       0 |       0 | 1-92              
  edit.tsx         |       0 |        0 |       0 |       0 | 1-75              
 ...-account/forms |       0 |        0 |       0 |       0 |                   
  add.tsx          |       0 |        0 |       0 |       0 | 1-160             
  ...-combobox.tsx |       0 |        0 |       0 |       0 | 1-66              
  edit.tsx         |       0 |        0 |       0 |       0 | 1-134             
 ...ccount/helpers |       0 |    33.33 |   33.33 |       0 |                   
  ...ups.helper.ts |       0 |      100 |     100 |       0 | 7-162             
  ...ops.helper.ts |       0 |        0 |       0 |       0 | 1-45              
  ...nts.helper.ts |       0 |        0 |       0 |       0 | 1-65              
 ...-account/hooks |       0 |        0 |       0 |       0 |                   
  ...-form.hook.ts |       0 |        0 |       0 |       0 | 1-74              
  ...elete.hook.ts |       0 |        0 |       0 |       0 | 1-32              
  ...lters.hook.ts |       0 |        0 |       0 |       0 | 1-68              
  ...table.hook.ts |       0 |        0 |       0 |       0 | 1-94              
  ...-form.hook.ts |       0 |        0 |       0 |       0 | 1-72              
  ...-kpis.hook.ts |       0 |        0 |       0 |       0 | 1-113             
  ...tions.hook.ts |       0 |        0 |       0 |       0 | 1-28              
 ...-account/pages |       0 |        0 |       0 |       0 |                   
  list.tsx         |       0 |        0 |       0 |       0 | 1-143             
 ...count/settings |       0 |      100 |     100 |       0 |                   
  ...s.settings.ts |       0 |      100 |     100 |       0 | 9-188             
 ...nt/validations |       0 |        0 |       0 |       0 |                   
  ...validation.ts |       0 |        0 |       0 |       0 | 1-57              
  ...validation.ts |       0 |        0 |       0 |       0 | 1-24              
 ...s/fund/actions |       0 |        0 |       0 |       0 |                   
  ...nds.action.ts |       0 |        0 |       0 |       0 | 1-70              
  ...und.action.ts |       0 |        0 |       0 |       0 | 1-71              
  ...und.action.ts |       0 |        0 |       0 |       0 | 1-68              
  ...und.action.ts |       0 |        0 |       0 |       0 | 1-70              
 ...und/components |       0 |        0 |       0 |       0 |                   
  ...datatable.tsx |       0 |        0 |       0 |       0 | 1-61              
  ...e-columns.tsx |       0 |        0 |       0 |       0 | 1-110             
 ...fund/datatable |       0 |        0 |       0 |       0 |                   
  filters.tsx      |       0 |        0 |       0 |       0 | 1-40              
  ...e-columns.tsx |       0 |        0 |       0 |       0 | 1-175             
  table.tsx        |       0 |        0 |       0 |       0 | 1-46              
  toolbar.tsx      |       0 |        0 |       0 |       0 | 1-65              
 ...s/fund/dialogs |       0 |        0 |       0 |       0 |                   
  add-another.tsx  |       0 |        0 |       0 |       0 | 1-54              
  add.tsx          |       0 |        0 |       0 |       0 | 1-76              
  ...rm-delete.tsx |       0 |        0 |       0 |       0 | 1-69              
  edit.tsx         |       0 |        0 |       0 |       0 | 1-73              
 ...tes/fund/forms |       0 |        0 |       0 |       0 |                   
  add.tsx          |       0 |        0 |       0 |       0 | 1-235             
  edit.tsx         |       0 |        0 |       0 |       0 | 1-198             
  ...-combobox.tsx |       0 |        0 |       0 |       0 | 1-66              
 ...s/fund/helpers |       0 |    28.57 |   28.57 |       0 |                   
  ...ups.helper.ts |       0 |      100 |     100 |       0 | 8-60              
  ...ies.helper.ts |       0 |      100 |     100 |       0 | 33-50             
  ...ary.helper.ts |       0 |        0 |       0 |       0 | 1-84              
  ...ame.helper.ts |       0 |        0 |       0 |       0 | 1-45              
  ...iew.helper.ts |       0 |        0 |       0 |       0 | 1-119             
  ...ops.helper.ts |       0 |        0 |       0 |       0 | 1-61              
  ...nds.helper.ts |       0 |        0 |       0 |       0 | 1-69              
 ...tes/fund/hooks |       0 |        0 |       0 |       0 |                   
  ...-form.hook.ts |       0 |        0 |       0 |       0 | 1-100             
  ...elete.hook.ts |       0 |        0 |       0 |       0 | 1-30              
  ...lters.hook.ts |       0 |        0 |       0 |       0 | 1-51              
  ...table.hook.ts |       0 |        0 |       0 |       0 | 1-127             
  ...-form.hook.ts |       0 |        0 |       0 |       0 | 1-96              
  ...-kpis.hook.ts |       0 |        0 |       0 |       0 | 1-108             
  ...table.hook.ts |       0 |        0 |       0 |       0 | 1-90              
  ...tions.hook.ts |       0 |        0 |       0 |       0 | 1-30              
 ...tes/fund/pages |       0 |        0 |       0 |       0 |                   
  detail.tsx       |       0 |        0 |       0 |       0 | 1-73              
  list.tsx         |       0 |        0 |       0 |       0 | 1-140             
 .../fund/settings |       0 |      100 |     100 |       0 |                   
  ...s.settings.ts |       0 |      100 |     100 |       0 | 9-207             
 ...tes/fund/types |       0 |      100 |     100 |       0 |                   
  ...view.types.ts |       0 |      100 |     100 |       0 | 76-86             
 ...nd/validations |       0 |        0 |       0 |       0 |                   
  ...validation.ts |       0 |        0 |       0 |       0 | 1-46              
  ...validation.ts |       0 |        0 |       0 |       0 | 1-41              
 ...tes/main/pages |       0 |        0 |       0 |       0 |                   
  detail.tsx       |       0 |        0 |       0 |       0 | 1-22              
 .../main/settings |       0 |      100 |     100 |       0 |                   
  ...s.settings.ts |       0 |      100 |     100 |       0 | 9-18              
 ...s/norm/actions |       0 |        0 |       0 |       0 |                   
  ...orm.action.ts |       0 |        0 |       0 |       0 | 1-74              
  ...orm.action.ts |       0 |        0 |       0 |       0 | 1-74              
 ...norm/datatable |       0 |        0 |       0 |       0 |                   
  filters.tsx      |       0 |        0 |       0 |       0 | 1-40              
  ...e-columns.tsx |       0 |        0 |       0 |       0 | 1-113             
  table.tsx        |       0 |        0 |       0 |       0 | 1-37              
  toolbar.tsx      |       0 |        0 |       0 |       0 | 1-65              
 ...s/norm/dialogs |       0 |        0 |       0 |       0 |                   
  add-another.tsx  |       0 |        0 |       0 |       0 | 1-54              
  add.tsx          |       0 |        0 |       0 |       0 | 1-76              
  edit.tsx         |       0 |        0 |       0 |       0 | 1-73              
 ...tes/norm/forms |       0 |        0 |       0 |       0 |                   
  add.tsx          |       0 |        0 |       0 |       0 | 1-206             
  ...-combobox.tsx |       0 |        0 |       0 |       0 | 1-64              
  edit.tsx         |       0 |        0 |       0 |       0 | 1-211             
 ...s/norm/helpers |       0 |    33.33 |   33.33 |       0 |                   
  ...ups.helper.ts |       0 |      100 |     100 |       0 | 6-42              
  ...ops.helper.ts |       0 |        0 |       0 |       0 | 1-43              
  ...rms.helper.ts |       0 |        0 |       0 |       0 | 1-64              
 ...tes/norm/hooks |       0 |        0 |       0 |       0 |                   
  ...-form.hook.ts |       0 |        0 |       0 |       0 | 1-92              
  ...lters.hook.ts |       0 |        0 |       0 |       0 | 1-49              
  ...table.hook.ts |       0 |        0 |       0 |       0 | 1-83              
  ...-form.hook.ts |       0 |        0 |       0 |       0 | 1-98              
  ...-kpis.hook.ts |       0 |        0 |       0 |       0 | 1-94              
 ...tes/norm/pages |       0 |        0 |       0 |       0 |                   
  list.tsx         |       0 |        0 |       0 |       0 | 1-109             
 .../norm/settings |       0 |      100 |     100 |       0 |                   
  ...s.settings.ts |       0 |      100 |     100 |       0 | 17-147            
 ...rm/validations |       0 |        0 |       0 |       0 |                   
  ...validation.ts |       0 |        0 |       0 |       0 | 1-25              
  ...validation.ts |       0 |        0 |       0 |       0 | 1-28              
 ...rmance/actions |       0 |        0 |       0 |       0 |                   
  ...nce.action.ts |       0 |        0 |       0 |       0 | 1-72              
  ...ess.action.ts |       0 |        0 |       0 |       0 | 1-71              
  ...ion.action.ts |       0 |        0 |       0 |       0 | 1-203             
 ...nce/components |       0 |        0 |       0 |       0 |                   
  ...te-button.tsx |       0 |        0 |       0 |       0 | 1-51              
 ...ance/datatable |       0 |        0 |       0 |       0 |                   
  filters.tsx      |       0 |        0 |       0 |       0 | 1-72              
  ...e-columns.tsx |       0 |        0 |       0 |       0 | 1-134             
  table.tsx        |       0 |        0 |       0 |       0 | 1-51              
  toolbar.tsx      |       0 |        0 |       0 |       0 | 1-46              
 ...rmance/dialogs |       0 |        0 |       0 |       0 |                   
  ...e-confirm.tsx |       0 |        0 |       0 |       0 | 1-171             
  ...-progress.tsx |       0 |        0 |       0 |       0 | 1-147             
  ...rm-delete.tsx |       0 |        0 |       0 |       0 | 1-81              
 ...formance/forms |       0 |        0 |       0 |       0 |                   
  ...-combobox.tsx |       0 |        0 |       0 |       0 | 1-67              
 ...rmance/helpers |       0 |    33.33 |   33.33 |       0 |                   
  ...ups.helper.ts |       0 |      100 |     100 |       0 | 13-82             
  ...ops.helper.ts |       0 |        0 |       0 |       0 | 1-45              
  ...ces.helper.ts |       0 |        0 |       0 |       0 | 1-59              
 ...formance/hooks |       0 |        0 |       0 |       0 |                   
  ...ation.hook.ts |       0 |        0 |       0 |       0 | 1-234             
  ...lters.hook.ts |       0 |        0 |       0 |       0 | 1-79              
  ...table.hook.ts |       0 |        0 |       0 |       0 | 1-81              
  ...-kpis.hook.ts |       0 |        0 |       0 |       0 | 1-117             
  ...gress.hook.ts |       0 |        0 |       0 |       0 | 1-62              
  ...tions.hook.ts |       0 |        0 |       0 |       0 | 1-28              
  ...indow.hook.ts |       0 |        0 |       0 |       0 | 1-75              
 ...rformance/jobs |       0 |      100 |     100 |       0 |                   
  ...-job.store.ts |       0 |      100 |     100 |       0 | 6-169             
 ...formance/pages |       0 |        0 |       0 |       0 |                   
  list.tsx         |       0 |        0 |       0 |       0 | 1-148             
 ...mance/settings |       0 |      100 |     100 |       0 |                   
  ...s.settings.ts |       0 |      100 |     100 |       0 | 10-165            
 ...ce/validations |       0 |        0 |       0 |       0 |                   
  ...validation.ts |       0 |        0 |       0 |       0 | 1-74              
 ...tfolio/actions |       0 |        0 |       0 |       0 |                   
  ...ios.action.ts |       0 |        0 |       0 |       0 | 1-74              
  ...lio.action.ts |       0 |        0 |       0 |       0 | 1-78              
  ...lio.action.ts |       0 |        0 |       0 |       0 | 1-73              
  ...ame.action.ts |       0 |        0 |       0 |       0 | 1-65              
  ...rns.action.ts |       0 |        0 |       0 |       0 | 1-95              
  ...ces.action.ts |       0 |        0 |       0 |       0 | 1-100             
  ...lio.action.ts |       0 |        0 |       0 |       0 | 1-79              
 ...lio/components |       0 |        0 |       0 |       0 |                   
  ...datatable.tsx |       0 |        0 |       0 |       0 | 1-61              
  ...e-columns.tsx |       0 |        0 |       0 |       0 | 1-103             
  ...datatable.tsx |       0 |        0 |       0 |       0 | 1-64              
  ...e-columns.tsx |       0 |        0 |       0 |       0 | 1-91              
 ...olio/datatable |       0 |        0 |       0 |       0 |                   
  filters.tsx      |       0 |        0 |       0 |       0 | 1-68              
  ...e-columns.tsx |       0 |        0 |       0 |       0 | 1-204             
  table.tsx        |       0 |        0 |       0 |       0 | 1-46              
  toolbar.tsx      |       0 |        0 |       0 |       0 | 1-65              
 ...tfolio/dialogs |       0 |        0 |       0 |       0 |                   
  add-another.tsx  |       0 |        0 |       0 |       0 | 1-54              
  add.tsx          |       0 |        0 |       0 |       0 | 1-76              
  ...rm-delete.tsx |       0 |        0 |       0 |       0 | 1-69              
  edit.tsx         |       0 |        0 |       0 |       0 | 1-69              
 ...ortfolio/forms |       0 |        0 |       0 |       0 |                   
  add.tsx          |       0 |        0 |       0 |       0 | 1-202             
  edit.tsx         |       0 |        0 |       0 |       0 | 1-208             
 ...tfolio/helpers |       0 |       20 |      20 |       0 |                   
  ...ows.helper.ts |       0 |      100 |     100 |       0 | 22-160            
  ...rts.helper.ts |       0 |        0 |       0 |       0 | 1-58              
  ...ons.helper.ts |       0 |        0 |       0 |       0 | 1-115             
  ...rts.helper.ts |       0 |        0 |       0 |       0 | 1-57              
  ...rts.helper.ts |       0 |        0 |       0 |       0 | 1-265             
  ...rts.helper.ts |       0 |        0 |       0 |       0 | 1-247             
  ...ies.helper.ts |       0 |      100 |     100 |       0 | 42-71             
  ...ary.helper.ts |       0 |        0 |       0 |       0 | 1-184             
  ...ity.helper.ts |       0 |      100 |     100 |       0 | 42-59             
  ...nym.helper.ts |       0 |        0 |       0 |       0 | 1-46              
  ...ons.helper.ts |       0 |        0 |       0 |       0 | 1-60              
  ...iew.helper.ts |       0 |        0 |       0 |       0 | 1-356             
  ...ops.helper.ts |       0 |        0 |       0 |       0 | 1-65              
  ...ons.helper.ts |       0 |        0 |       0 |       0 | 1-83              
  ...ios.helper.ts |       0 |        0 |       0 |       0 | 1-50              
 ...ortfolio/hooks |       0 |        0 |       0 |       0 |                   
  ...table.hook.ts |       0 |        0 |       0 |       0 | 1-80              
  ...-form.hook.ts |       0 |        0 |       0 |       0 | 1-93              
  ...elete.hook.ts |       0 |        0 |       0 |       0 | 1-30              
  ...lters.hook.ts |       0 |        0 |       0 |       0 | 1-158             
  ...table.hook.ts |       0 |        0 |       0 |       0 | 1-105             
  ...-form.hook.ts |       0 |        0 |       0 |       0 | 1-106             
  ...-kpis.hook.ts |       0 |        0 |       0 |       0 | 1-172             
  ...rview.hook.ts |       0 |        0 |       0 |       0 | 1-245             
  ...table.hook.ts |       0 |        0 |       0 |       0 | 1-77              
  ...tions.hook.ts |       0 |        0 |       0 |       0 | 1-30              
 ...ortfolio/pages |       0 |        0 |       0 |       0 |                   
  detail.tsx       |       0 |        0 |       0 |       0 | 1-182             
  list.tsx         |       0 |        0 |       0 |       0 | 1-137             
 ...folio/settings |       0 |      100 |     100 |       0 |                   
  ...s.settings.ts |       0 |      100 |     100 |       0 | 9-355             
 ...ortfolio/types |       0 |      100 |     100 |       0 |                   
  ...view.types.ts |       0 |      100 |     100 |       0 | 52-63             
 ...io/validations |       0 |        0 |       0 |       0 |                   
  ...validation.ts |       0 |        0 |       0 |       0 | 1-75              
  ...validation.ts |       0 |        0 |       0 |       0 | 1-42              
 ...rmance/actions |       0 |        0 |       0 |       0 |                   
  ...nce.action.ts |       0 |        0 |       0 |       0 | 1-72              
  ...ess.action.ts |       0 |        0 |       0 |       0 | 1-71              
  ...ion.action.ts |       0 |        0 |       0 |       0 | 1-205             
 ...nce/components |       0 |        0 |       0 |       0 |                   
  ...te-button.tsx |       0 |        0 |       0 |       0 | 1-46              
 ...ance/datatable |       0 |        0 |       0 |       0 |                   
  filters.tsx      |       0 |        0 |       0 |       0 | 1-72              
  ...e-columns.tsx |       0 |        0 |       0 |       0 | 1-133             
  table.tsx        |       0 |        0 |       0 |       0 | 1-51              
  toolbar.tsx      |       0 |        0 |       0 |       0 | 1-46              
 ...rmance/dialogs |       0 |        0 |       0 |       0 |                   
  ...e-confirm.tsx |       0 |        0 |       0 |       0 | 1-171             
  ...-progress.tsx |       0 |        0 |       0 |       0 | 1-147             
  ...rm-delete.tsx |       0 |        0 |       0 |       0 | 1-79              
 ...formance/forms |       0 |        0 |       0 |       0 |                   
  ...-combobox.tsx |       0 |        0 |       0 |       0 | 1-71              
 ...rmance/helpers |       0 |        0 |       0 |       0 |                   
  ...ups.helper.ts |       0 |        0 |       0 |       0 | 1-134             
  ...ops.helper.ts |       0 |        0 |       0 |       0 | 1-40              
  ...ces.helper.ts |       0 |        0 |       0 |       0 | 1-78              
 ...formance/hooks |       0 |        0 |       0 |       0 |                   
  ...ation.hook.ts |       0 |        0 |       0 |       0 | 1-217             
  ...lters.hook.ts |       0 |        0 |       0 |       0 | 1-79              
  ...table.hook.ts |       0 |        0 |       0 |       0 | 1-81              
  ...-kpis.hook.ts |       0 |        0 |       0 |       0 | 1-115             
  ...gress.hook.ts |       0 |        0 |       0 |       0 | 1-62              
  ...tions.hook.ts |       0 |        0 |       0 |       0 | 1-28              
  ...indow.hook.ts |       0 |        0 |       0 |       0 | 1-75              
 ...rformance/jobs |       0 |      100 |     100 |       0 |                   
  ...-job.store.ts |       0 |      100 |     100 |       0 | 6-168             
 ...formance/pages |       0 |        0 |       0 |       0 |                   
  list.tsx         |       0 |        0 |       0 |       0 | 1-143             
 ...mance/settings |       0 |      100 |     100 |       0 |                   
  ...s.settings.ts |       0 |      100 |     100 |       0 | 10-165            
 ...ce/validations |       0 |        0 |       0 |       0 |                   
  ...validation.ts |       0 |        0 |       0 |       0 | 1-74              
 ...sition/actions |       0 |        0 |       0 |       0 |                   
  ...ion.action.ts |       0 |        0 |       0 |       0 | 1-70              
  ...ame.action.ts |       0 |        0 |       0 |       0 | 1-73              
  ...rns.action.ts |       0 |        0 |       0 |       0 | 1-95              
 ...ion/components |       0 |        0 |       0 |       0 |                   
  ...datatable.tsx |       0 |        0 |       0 |       0 | 1-61              
  ...e-columns.tsx |       0 |        0 |       0 |       0 | 1-103             
 ...tion/datatable |       0 |        0 |       0 |       0 |                   
  filters.tsx      |       0 |        0 |       0 |       0 | 1-85              
  ...e-columns.tsx |       0 |        0 |       0 |       0 | 1-131             
  table.tsx        |       0 |        0 |       0 |       0 | 1-49              
  toolbar.tsx      |       0 |        0 |       0 |       0 | 1-32              
 ...sition/dialogs |       0 |        0 |       0 |       0 |                   
  ...rm-delete.tsx |       0 |        0 |       0 |       0 | 1-70              
 ...sition/helpers |       0 |    22.22 |   22.22 |       0 |                   
  ...ows.helper.ts |       0 |      100 |     100 |       0 | 39-161            
  ...ons.helper.ts |       0 |        0 |       0 |       0 | 1-90              
  ...ups.helper.ts |       0 |        0 |       0 |       0 | 1-103             
  ...ary.helper.ts |       0 |        0 |       0 |       0 | 1-184             
  ...ity.helper.ts |       0 |      100 |     100 |       0 | 42-59             
  ...ame.helper.ts |       0 |        0 |       0 |       0 | 1-51              
  ...iew.helper.ts |       0 |        0 |       0 |       0 | 1-204             
  ...ops.helper.ts |       0 |        0 |       0 |       0 | 1-36              
  ...ons.helper.ts |       0 |        0 |       0 |       0 | 1-67              
 ...position/hooks |       0 |        0 |       0 |       0 |                   
  ...table.hook.ts |       0 |        0 |       0 |       0 | 1-80              
  ...lters.hook.ts |       0 |        0 |       0 |       0 | 1-91              
  ...table.hook.ts |       0 |        0 |       0 |       0 | 1-76              
  ...-kpis.hook.ts |       0 |        0 |       0 |       0 | 1-93              
  ...rview.hook.ts |       0 |        0 |       0 |       0 | 1-232             
  ...tions.hook.ts |       0 |        0 |       0 |       0 | 1-29              
 ...position/pages |       0 |        0 |       0 |       0 |                   
  detail.tsx       |       0 |        0 |       0 |       0 | 1-107             
  list.tsx         |       0 |        0 |       0 |       0 | 1-123             
 ...ition/settings |       0 |      100 |     100 |       0 |                   
  ...s.settings.ts |       0 |      100 |     100 |       0 | 9-196             
 ...position/types |       0 |      100 |     100 |       0 |                   
  ...view.types.ts |       0 |      100 |     100 |       0 | 29-35             
 ...on/validations |       0 |        0 |       0 |       0 |                   
  ...validation.ts |       0 |        0 |       0 |       0 | 1-29              
 .../quota/actions |       0 |        0 |       0 |       0 |                   
  ...tes.action.ts |       0 |        0 |       0 |       0 | 1-73              
  ...ess.action.ts |       0 |        0 |       0 |       0 | 1-69              
  ...ort.action.ts |       0 |        0 |       0 |       0 | 1-144             
 ...ota/components |       0 |        0 |       0 |       0 |                   
  ...rt-button.tsx |       0 |        0 |       0 |       0 | 1-44              
 ...uota/datatable |       0 |        0 |       0 |       0 |                   
  filters.tsx      |       0 |        0 |       0 |       0 | 1-41              
  ...e-columns.tsx |       0 |        0 |       0 |       0 | 1-81              
  table.tsx        |       0 |        0 |       0 |       0 | 1-37              
  toolbar.tsx      |       0 |        0 |       0 |       0 | 1-41              
 .../quota/dialogs |       0 |        0 |       0 |       0 |                   
  ...rm-import.tsx |       0 |        0 |       0 |       0 | 1-133             
  ...-progress.tsx |       0 |        0 |       0 |       0 | 1-142             
 ...es/quota/forms |       0 |        0 |       0 |       0 |                   
  ...-combobox.tsx |       0 |        0 |       0 |       0 | 1-64              
 .../quota/helpers |       0 |    33.33 |   33.33 |       0 |                   
  ...ups.helper.ts |       0 |      100 |     100 |       0 | 7-55              
  ...ops.helper.ts |       0 |        0 |       0 |       0 | 1-34              
  ...tas.helper.ts |       0 |        0 |       0 |       0 | 1-59              
 ...es/quota/hooks |       0 |        0 |       0 |       0 |                   
  ...lters.hook.ts |       0 |        0 |       0 |       0 | 1-64              
  ...table.hook.ts |       0 |        0 |       0 |       0 | 1-71              
  ...indow.hook.ts |       0 |        0 |       0 |       0 | 1-69              
  ...mport.hook.ts |       0 |        0 |       0 |       0 | 1-180             
  ...-kpis.hook.ts |       0 |        0 |       0 |       0 | 1-91              
 ...tes/quota/jobs |       0 |      100 |     100 |       0 |                   
  ...-job.store.ts |       0 |      100 |     100 |       0 | 7-158             
 ...es/quota/pages |       0 |        0 |       0 |       0 |                   
  list.tsx         |       0 |        0 |       0 |       0 | 1-121             
 ...quota/settings |       0 |      100 |     100 |       0 |                   
  ...s.settings.ts |       0 |      100 |     100 |       0 | 19-163            
 ...ta/validations |       0 |        0 |       0 |       0 |                   
  ...validation.ts |       0 |        0 |       0 |       0 | 1-55              
 ...tement/actions |       0 |        0 |       0 |       0 |                   
  ...nts.action.ts |       0 |        0 |       0 |       0 | 1-71              
  ...ent.action.ts |       0 |        0 |       0 |       0 | 1-70              
  ...ent.action.ts |       0 |        0 |       0 |       0 | 1-103             
 ...ent/components |       0 |        0 |       0 |       0 |                   
  ...rt-button.tsx |       0 |        0 |       0 |       0 | 1-50              
 ...ment/datatable |       0 |        0 |       0 |       0 |                   
  filters.tsx      |       0 |        0 |       0 |       0 | 1-40              
  ...e-columns.tsx |       0 |        0 |       0 |       0 | 1-151             
  table.tsx        |       0 |        0 |       0 |       0 | 1-46              
  toolbar.tsx      |       0 |        0 |       0 |       0 | 1-67              
 ...tement/dialogs |       0 |        0 |       0 |       0 |                   
  ...rm-delete.tsx |       0 |        0 |       0 |       0 | 1-78              
  ...te-report.tsx |       0 |        0 |       0 |       0 | 1-79              
 ...tatement/forms |       0 |        0 |       0 |       0 |                   
  ...te-report.tsx |       0 |        0 |       0 |       0 | 1-144             
  ...-combobox.tsx |       0 |        0 |       0 |       0 | 1-65              
 ...tement/helpers |       0 |    66.66 |   66.66 |       0 |                   
  ...url.helper.ts |       0 |      100 |     100 |       0 | 2-44              
  ...iod.helper.ts |       0 |      100 |     100 |       0 | 24-38             
  ...ies.helper.ts |       0 |      100 |     100 |       0 | 41-76             
  ...iod.helper.ts |       0 |      100 |     100 |       0 | 2-77              
  ...nts.helper.ts |       0 |        0 |       0 |       0 | 1-61              
  ...ops.helper.ts |       0 |        0 |       0 |       0 | 1-51              
 ...tatement/hooks |       0 |        0 |       0 |       0 |                   
  ...elete.hook.ts |       0 |        0 |       0 |       0 | 1-30              
  ...lters.hook.ts |       0 |        0 |       0 |       0 | 1-59              
  ...table.hook.ts |       0 |        0 |       0 |       0 | 1-86              
  ...ialog.hook.ts |       0 |        0 |       0 |       0 | 1-80              
  ...-form.hook.ts |       0 |        0 |       0 |       0 | 1-71              
  ...-kpis.hook.ts |       0 |        0 |       0 |       0 | 1-97              
  ...tions.hook.ts |       0 |        0 |       0 |       0 | 1-67              
  ...tions.hook.ts |       0 |        0 |       0 |       0 | 1-31              
 ...tatement/pages |       0 |        0 |       0 |       0 |                   
  list.tsx         |       0 |        0 |       0 |       0 | 1-123             
 ...ement/settings |       0 |      100 |     100 |       0 |                   
  ...s.settings.ts |       0 |      100 |     100 |       0 | 9-141             
 ...nt/validations |       0 |        0 |       0 |       0 |                   
  ...validation.ts |       0 |        0 |       0 |       0 | 1-22              
  ...validation.ts |       0 |        0 |       0 |       0 | 1-41              
 ...s/user/actions |       0 |        0 |       0 |       0 |                   
  ...ers.action.ts |       0 |        0 |       0 |       0 | 1-70              
  ...ser.action.ts |       0 |        0 |       0 |       0 | 1-76              
  ...ser.action.ts |       0 |        0 |       0 |       0 | 1-68              
  ...ser.action.ts |       0 |        0 |       0 |       0 | 1-74              
 ...user/datatable |       0 |        0 |       0 |       0 |                   
  filters.tsx      |       0 |        0 |       0 |       0 | 1-40              
  ...e-columns.tsx |       0 |        0 |       0 |       0 | 1-132             
  table.tsx        |       0 |        0 |       0 |       0 | 1-46              
  toolbar.tsx      |       0 |        0 |       0 |       0 | 1-65              
 ...s/user/dialogs |       0 |        0 |       0 |       0 |                   
  add-another.tsx  |       0 |        0 |       0 |       0 | 1-54              
  add.tsx          |       0 |        0 |       0 |       0 | 1-72              
  ...rm-delete.tsx |       0 |        0 |       0 |       0 | 1-69              
  edit.tsx         |       0 |        0 |       0 |       0 | 1-65              
 ...tes/user/forms |       0 |        0 |       0 |       0 |                   
  add.tsx          |       0 |        0 |       0 |       0 | 1-202             
  edit.tsx         |       0 |        0 |       0 |       0 | 1-147             
  ...-combobox.tsx |       0 |        0 |       0 |       0 | 1-115             
 ...s/user/helpers |       0 |        0 |       0 |       0 |                   
  ...ops.helper.ts |       0 |        0 |       0 |       0 | 1-29              
  ...ers.helper.ts |       0 |        0 |       0 |       0 | 1-36              
 ...tes/user/hooks |       0 |        0 |       0 |       0 |                   
  ...-form.hook.ts |       0 |        0 |       0 |       0 | 1-77              
  ...elete.hook.ts |       0 |        0 |       0 |       0 | 1-29              
  ...lters.hook.ts |       0 |        0 |       0 |       0 | 1-51              
  ...table.hook.ts |       0 |        0 |       0 |       0 | 1-78              
  ...-form.hook.ts |       0 |        0 |       0 |       0 | 1-79              
  ...-kpis.hook.ts |       0 |        0 |       0 |       0 | 1-96              
  ...tions.hook.ts |       0 |        0 |       0 |       0 | 1-27              
 ...tes/user/pages |       0 |        0 |       0 |       0 |                   
  list.tsx         |       0 |        0 |       0 |       0 | 1-108             
 .../user/settings |       0 |      100 |     100 |       0 |                   
  ...s.settings.ts |       0 |      100 |     100 |       0 | 11-181            
 ...er/validations |       0 |        0 |       0 |       0 |                   
  ...validation.ts |       0 |        0 |       0 |       0 | 1-59              
  ...validation.ts |       0 |        0 |       0 |       0 | 1-39              
 ...drawal/actions |       0 |        0 |       0 |       0 |                   
  ...wal.action.ts |       0 |        0 |       0 |       0 | 1-74              
  ...wal.action.ts |       0 |        0 |       0 |       0 | 1-70              
  ...wal.action.ts |       0 |        0 |       0 |       0 | 1-75              
 ...wal/components |       0 |        0 |       0 |       0 |                   
  ...al-button.tsx |       0 |        0 |       0 |       0 | 1-74              
 ...awal/datatable |       0 |        0 |       0 |       0 |                   
  filters.tsx      |       0 |        0 |       0 |       0 | 1-89              
  ...e-columns.tsx |       0 |        0 |       0 |       0 | 1-174             
  table.tsx        |       0 |        0 |       0 |       0 | 1-37              
  toolbar.tsx      |       0 |        0 |       0 |       0 | 1-43              
 ...drawal/dialogs |       0 |        0 |       0 |       0 |                   
  add-another.tsx  |       0 |        0 |       0 |       0 | 1-55              
  add.tsx          |       0 |        0 |       0 |       0 | 1-97              
  ...m-reverse.tsx |       0 |        0 |       0 |       0 | 1-81              
 ...thdrawal/forms |       0 |        0 |       0 |       0 |                   
  add.tsx          |       0 |        0 |       0 |       0 | 1-210             
  ...-combobox.tsx |       0 |        0 |       0 |       0 | 1-73              
  ...-combobox.tsx |       0 |        0 |       0 |       0 | 1-73              
 ...drawal/helpers |       0 |       20 |      20 |       0 |                   
  ...ups.helper.ts |       0 |        0 |       0 |       0 | 1-114             
  ...ons.helper.ts |       0 |      100 |     100 |       0 | 23-33             
  ...ons.helper.ts |       0 |        0 |       0 |       0 | 1-96              
  ...ops.helper.ts |       0 |        0 |       0 |       0 | 1-60              
  ...als.helper.ts |       0 |        0 |       0 |       0 | 1-92              
 ...thdrawal/hooks |       0 |        0 |       0 |       0 |                   
  ...-form.hook.ts |       0 |        0 |       0 |       0 | 1-109             
  ...lters.hook.ts |       0 |        0 |       0 |       0 | 1-96              
  ...table.hook.ts |       0 |        0 |       0 |       0 | 1-87              
  ...-kpis.hook.ts |       0 |        0 |       0 |       0 | 1-100             
  ...scope.hook.ts |       0 |        0 |       0 |       0 | 1-61              
  ...tions.hook.ts |       0 |        0 |       0 |       0 | 1-31              
 ...thdrawal/pages |       0 |        0 |       0 |       0 |                   
  list.tsx         |       0 |        0 |       0 |       0 | 1-130             
 ...rawal/settings |       0 |      100 |     100 |       0 |                   
  ...s.settings.ts |       0 |      100 |     100 |       0 | 9-186             
 ...thdrawal/types |       0 |      100 |     100 |       0 |                   
  ...-add.types.ts |       0 |      100 |     100 |       0 | 48-52             
 ...al/validations |       0 |        0 |       0 |       0 |                   
  ...validation.ts |       0 |        0 |       0 |       0 | 1-50              
  ...validation.ts |       0 |        0 |       0 |       0 | 1-23              
 ...entation/theme |       0 |        0 |       0 |       0 |                   
  theme-hotkey.tsx |       0 |        0 |       0 |       0 | 1-114             
  ...-provider.tsx |       0 |        0 |       0 |       0 | 1-55              
 ...resentation/ui |       0 |        0 |       0 |       0 |                   
  ascii-fluid.tsx  |       0 |        0 |       0 |       0 | 1-1105            
  avatar.tsx       |       0 |        0 |       0 |       0 | 1-108             
  badge.tsx        |       0 |        0 |       0 |       0 | 1-51              
  breadcrumb.tsx   |       0 |        0 |       0 |       0 | 1-126             
  button.tsx       |       0 |        0 |       0 |       0 | 1-57              
  calendar.tsx     |       0 |        0 |       0 |       0 | 1-243             
  card.tsx         |       0 |        0 |       0 |       0 | 1-113             
  chart.tsx        |       0 |        0 |       0 |       0 | 1-408             
  checkbox.tsx     |       0 |        0 |       0 |       0 | 1-28              
  combobox.tsx     |       0 |        0 |       0 |       0 | 1-317             
  command.tsx      |       0 |        0 |       0 |       0 | 1-187             
  dialog.tsx       |       0 |        0 |       0 |       0 | 1-170             
  ...down-menu.tsx |       0 |        0 |       0 |       0 | 1-285             
  empty.tsx        |       0 |        0 |       0 |       0 | 1-113             
  field.tsx        |       0 |        0 |       0 |       0 | 1-250             
  input-group.tsx  |       0 |        0 |       0 |       0 | 1-163             
  input.tsx        |       0 |        0 |       0 |       0 | 1-21              
  item.tsx         |       0 |        0 |       0 |       0 | 1-213             
  label.tsx        |       0 |        0 |       0 |       0 | 1-20              
  marker.tsx       |       0 |        0 |       0 |       0 | 1-75              
  popover.tsx      |       0 |        0 |       0 |       0 | 1-93              
  progress.tsx     |       0 |        0 |       0 |       0 | 1-86              
  separator.tsx    |       0 |        0 |       0 |       0 | 1-22              
  sheet.tsx        |       0 |        0 |       0 |       0 | 1-155             
  sidebar.tsx      |       0 |        0 |       0 |       0 | 1-770             
  skeleton.tsx     |       0 |        0 |       0 |       0 | 1-17              
  table.tsx        |       0 |        0 |       0 |       0 | 1-131             
  textarea.tsx     |       0 |        0 |       0 |       0 | 1-18              
  toast.tsx        |       0 |        0 |       0 |       0 | 1-236             
  tooltip.tsx      |       0 |        0 |       0 |       0 | 1-70              
 ...mentos/scripts |       0 |        0 |       0 |       0 |                   
  ...-structure.ts |       0 |        0 |       0 |       0 | 1-1004            
  ...-structure.ts |       0 |        0 |       0 |       0 | 1-1181            
  ...-structure.ts |       0 |        0 |       0 |       0 | 1-514             
 ...cation/mappers |     100 |      100 |     100 |     100 |                   
  ...ion.mapper.ts |     100 |      100 |     100 |     100 |                   
 ...tion/use-cases |     100 |      100 |     100 |     100 |                   
  ...n.use-case.ts |     100 |      100 |     100 |     100 |                   
  ...n.use-case.ts |     100 |      100 |     100 |     100 |                   
  ...n.use-case.ts |     100 |      100 |     100 |     100 |                   
  ...n.use-case.ts |     100 |      100 |     100 |     100 |                   
  ...s.use-case.ts |     100 |      100 |     100 |     100 |                   
  ...s.use-case.ts |     100 |      100 |     100 |     100 |                   
  ...n.use-case.ts |     100 |      100 |     100 |     100 |                   
 ...it-log/mappers |     100 |      100 |     100 |     100 |                   
  ...log.mapper.ts |     100 |      100 |     100 |     100 |                   
 ...-log/use-cases |     100 |      100 |     100 |     100 |                   
  ...s.use-case.ts |     100 |      100 |     100 |     100 |                   
 ...ccount/mappers |     100 |      100 |     100 |     100 |                   
  ...unt.mapper.ts |     100 |      100 |     100 |     100 |                   
 ...ount/use-cases |     100 |      100 |     100 |     100 |                   
  ...s.use-case.ts |     100 |      100 |     100 |     100 |                   
  ...t.use-case.ts |     100 |      100 |     100 |     100 |                   
  ...t.use-case.ts |     100 |      100 |     100 |     100 |                   
  ...t.use-case.ts |     100 |      100 |     100 |     100 |                   
  ...s.use-case.ts |     100 |      100 |     100 |     100 |                   
  ...t.use-case.ts |     100 |      100 |     100 |     100 |                   
 ...s/bank/mappers |     100 |      100 |     100 |     100 |                   
  bank.mapper.ts   |     100 |      100 |     100 |     100 |                   
 ...bank/use-cases |     100 |      100 |     100 |     100 |                   
  ...s.use-case.ts |     100 |      100 |     100 |     100 |                   
  ...k.use-case.ts |     100 |      100 |     100 |     100 |                   
  ...k.use-case.ts |     100 |      100 |     100 |     100 |                   
  ...k.use-case.ts |     100 |      100 |     100 |     100 |                   
  ...s.use-case.ts |     100 |      100 |     100 |     100 |                   
  ...s.use-case.ts |     100 |      100 |     100 |     100 |                   
  ...k.use-case.ts |     100 |      100 |     100 |     100 |                   
 ...istory/mappers |     100 |      100 |     100 |     100 |                   
  ...ory.mapper.ts |     100 |      100 |     100 |     100 |                   
 ...tory/use-cases |     100 |      100 |     100 |     100 |                   
  ...y.use-case.ts |     100 |      100 |     100 |     100 |                   
  ...y.use-case.ts |     100 |      100 |     100 |     100 |                   
  ...y.use-case.ts |     100 |      100 |     100 |     100 |                   
 ...chmark/mappers |     100 |      100 |     100 |     100 |                   
  ...ark.mapper.ts |     100 |      100 |     100 |     100 |                   
 ...mark/use-cases |     100 |      100 |     100 |     100 |                   
  ...k.use-case.ts |     100 |      100 |     100 |     100 |                   
  ...k.use-case.ts |     100 |      100 |     100 |     100 |                   
  ...s.use-case.ts |     100 |      100 |     100 |     100 |                   
  ...k.use-case.ts |     100 |      100 |     100 |     100 |                   
 ...tegory/mappers |     100 |      100 |     100 |     100 |                   
  ...ory.mapper.ts |     100 |      100 |     100 |     100 |                   
 ...gory/use-cases |     100 |      100 |     100 |     100 |                   
  ...s.use-case.ts |     100 |      100 |     100 |     100 |                   
  ...y.use-case.ts |     100 |      100 |     100 |     100 |                   
  ...y.use-case.ts |     100 |      100 |     100 |     100 |                   
  ...y.use-case.ts |     100 |      100 |     100 |     100 |                   
  ...s.use-case.ts |     100 |      100 |     100 |     100 |                   
  ...s.use-case.ts |     100 |      100 |     100 |     100 |                   
  ...y.use-case.ts |     100 |      100 |     100 |     100 |                   
 ...ccount/mappers |     100 |      100 |     100 |     100 |                   
  ...unt.mapper.ts |     100 |      100 |     100 |     100 |                   
 ...ount/use-cases |     100 |      100 |     100 |     100 |                   
  ...s.use-case.ts |     100 |      100 |     100 |     100 |                   
  ...t.use-case.ts |     100 |      100 |     100 |     100 |                   
  ...t.use-case.ts |     100 |      100 |     100 |     100 |                   
  ...y.use-case.ts |     100 |      100 |     100 |     100 |                   
  ...s.use-case.ts |     100 |      100 |     100 |     100 |                   
  ...s.use-case.ts |     100 |      100 |     100 |     100 |                   
  ...t.use-case.ts |     100 |      100 |     100 |     100 |                   
  ...t.use-case.ts |     100 |      100 |     100 |     100 |                   
 ...s/fund/mappers |     100 |      100 |     100 |     100 |                   
  fund.mapper.ts   |     100 |      100 |     100 |     100 |                   
 ...fund/use-cases |     100 |      100 |     100 |     100 |                   
  ...s.use-case.ts |     100 |      100 |     100 |     100 |                   
  ...d.use-case.ts |     100 |      100 |     100 |     100 |                   
  ...d.use-case.ts |     100 |      100 |     100 |     100 |                   
  ...d.use-case.ts |     100 |      100 |     100 |     100 |                   
  ...s.use-case.ts |     100 |      100 |     100 |     100 |                   
  ...s.use-case.ts |     100 |      100 |     100 |     100 |                   
  ...d.use-case.ts |     100 |      100 |     100 |     100 |                   
 ...s/norm/mappers |     100 |      100 |     100 |     100 |                   
  norm.mapper.ts   |     100 |      100 |     100 |     100 |                   
 ...norm/use-cases |     100 |      100 |     100 |     100 |                   
  ...m.use-case.ts |     100 |      100 |     100 |     100 |                   
  ...m.use-case.ts |     100 |      100 |     100 |     100 |                   
  ...s.use-case.ts |     100 |      100 |     100 |     100 |                   
  ...m.use-case.ts |     100 |      100 |     100 |     100 |                   
 ...tfolio/mappers |     100 |      100 |     100 |     100 |                   
  ...lio.mapper.ts |     100 |      100 |     100 |     100 |                   
 ...olio/use-cases |     100 |      100 |     100 |     100 |                   
  ...o.use-case.ts |     100 |      100 |     100 |     100 |                   
  ...o.use-case.ts |     100 |      100 |     100 |     100 |                   
  ...s.use-case.ts |     100 |      100 |     100 |     100 |                   
  ...m.use-case.ts |     100 |      100 |     100 |     100 |                   
 ...rmance/mappers |     100 |      100 |     100 |     100 |                   
  ...nce.mapper.ts |     100 |      100 |     100 |     100 |                   
 ...ance/use-cases |   99.63 |    99.04 |     100 |   99.63 |                   
  ...e.use-case.ts |     100 |      100 |     100 |     100 |                   
  ...e.use-case.ts |     100 |      100 |     100 |     100 |                   
  ...e.use-case.ts |     100 |      100 |     100 |     100 |                   
  ...s.use-case.ts |     100 |      100 |     100 |     100 |                   
  ...e.use-case.ts |     100 |      100 |     100 |     100 |                   
  ...s.use-case.ts |     100 |      100 |     100 |     100 |                   
  ...e.use-case.ts |     100 |      100 |     100 |     100 |                   
  ...s.use-case.ts |   95.91 |    91.66 |     100 |   95.91 | 122-123           
 ...tfolio/mappers |     100 |      100 |     100 |     100 |                   
  ...lio.mapper.ts |     100 |      100 |     100 |     100 |                   
 ...olio/use-cases |     100 |      100 |     100 |     100 |                   
  ...s.use-case.ts |     100 |      100 |     100 |     100 |                   
  ...o.use-case.ts |     100 |      100 |     100 |     100 |                   
  ...o.use-case.ts |     100 |      100 |     100 |     100 |                   
  ...o.use-case.ts |     100 |      100 |     100 |     100 |                   
  ...s.use-case.ts |     100 |      100 |     100 |     100 |                   
  ...s.use-case.ts |     100 |      100 |     100 |     100 |                   
  ...o.use-case.ts |     100 |      100 |     100 |     100 |                   
 ...rmance/mappers |     100 |      100 |     100 |     100 |                   
  ...nce.mapper.ts |     100 |      100 |     100 |     100 |                   
 ...ance/use-cases |   99.26 |    96.66 |     100 |   99.26 |                   
  ...e.use-case.ts |   98.94 |    94.91 |     100 |   98.94 | 329-330,439       
  ...e.use-case.ts |     100 |      100 |     100 |     100 |                   
  ...e.use-case.ts |     100 |      100 |     100 |     100 |                   
  ...s.use-case.ts |     100 |      100 |     100 |     100 |                   
  ...e.use-case.ts |     100 |      100 |     100 |     100 |                   
  ...s.use-case.ts |     100 |      100 |     100 |     100 |                   
 ...sition/mappers |     100 |      100 |     100 |     100 |                   
  ...ion.mapper.ts |     100 |      100 |     100 |     100 |                   
 ...tion/use-cases |     100 |      100 |     100 |     100 |                   
  ...n.use-case.ts |     100 |      100 |     100 |     100 |                   
  ...n.use-case.ts |     100 |      100 |     100 |     100 |                   
  ...n.use-case.ts |     100 |      100 |     100 |     100 |                   
  ...s.use-case.ts |     100 |      100 |     100 |     100 |                   
  ...s.use-case.ts |     100 |      100 |     100 |     100 |                   
  ...n.use-case.ts |     100 |      100 |     100 |     100 |                   
  ...n.use-case.ts |     100 |      100 |     100 |     100 |                   
 .../quota/mappers |     100 |      100 |     100 |     100 |                   
  quota.mapper.ts  |     100 |      100 |     100 |     100 |                   
 .../quota/parsers |   76.23 |    36.36 |     100 |   76.23 |                   
  ...csv.parser.ts |   73.62 |       30 |     100 |   73.62 | ...74-175,188-189 
  ...zip.parser.ts |     100 |      100 |     100 |     100 |                   
 ...uota/use-cases |   65.09 |      100 |   66.66 |   65.09 |                   
  ...a.use-case.ts |     100 |      100 |     100 |     100 |                   
  ...s.use-case.ts |   56.79 |      100 |      40 |   56.79 | 146-205,413-455   
  ...s.use-case.ts |     100 |      100 |     100 |     100 |                   
  ...s.use-case.ts |     100 |      100 |     100 |     100 |                   
  ...s.use-case.ts |     100 |      100 |     100 |     100 |                   
 ...tement/mappers |     100 |      100 |     100 |     100 |                   
  ...ent.mapper.ts |     100 |      100 |     100 |     100 |                   
 ...atement/report |       0 |        0 |       0 |       0 |                   
  ...eport.data.ts |       0 |        0 |       0 |       0 | 1-152             
 ...ment/use-cases |     100 |      100 |     100 |     100 |                   
  ...s.use-case.ts |     100 |      100 |     100 |     100 |                   
  ...t.use-case.ts |     100 |      100 |     100 |     100 |                   
  ...t.use-case.ts |     100 |      100 |     100 |     100 |                   
  ...t.use-case.ts |     100 |      100 |     100 |     100 |                   
  ...s.use-case.ts |     100 |      100 |     100 |     100 |                   
  ...s.use-case.ts |     100 |      100 |     100 |     100 |                   
 ...cation/mappers |     100 |      100 |     100 |     100 |                   
  ...ion.mapper.ts |     100 |      100 |     100 |     100 |                   
 ...tion/use-cases |     100 |      100 |     100 |     100 |                   
  ...n.use-case.ts |     100 |      100 |     100 |     100 |                   
  ...n.use-case.ts |     100 |      100 |     100 |     100 |                   
  ...s.use-case.ts |     100 |      100 |     100 |     100 |                   
 ...s/user/mappers |     100 |      100 |     100 |     100 |                   
  user.mapper.ts   |     100 |      100 |     100 |     100 |                   
 ...user/use-cases |     100 |      100 |     100 |     100 |                   
  ...s.use-case.ts |     100 |      100 |     100 |     100 |                   
  ...r.use-case.ts |     100 |      100 |     100 |     100 |                   
  ...r.use-case.ts |     100 |      100 |     100 |     100 |                   
  ...r.use-case.ts |     100 |      100 |     100 |     100 |                   
  ...s.use-case.ts |     100 |      100 |     100 |     100 |                   
  ...s.use-case.ts |     100 |      100 |     100 |     100 |                   
  ...r.use-case.ts |     100 |      100 |     100 |     100 |                   
 ...drawal/mappers |     100 |      100 |     100 |     100 |                   
  ...wal.mapper.ts |     100 |      100 |     100 |     100 |                   
 ...awal/use-cases |     100 |      100 |     100 |     100 |                   
  ...l.use-case.ts |     100 |      100 |     100 |     100 |                   
  ...l.use-case.ts |     100 |      100 |     100 |     100 |                   
  ...l.use-case.ts |     100 |      100 |     100 |     100 |                   
  ...l.use-case.ts |     100 |      100 |     100 |     100 |                   
  ...s.use-case.ts |     100 |      100 |     100 |     100 |                   
  ...s.use-case.ts |     100 |      100 |     100 |     100 |                   
  ...l.use-case.ts |     100 |      100 |     100 |     100 |                   
 .../value-objects |   78.65 |    82.17 |   79.16 |   78.65 |                   
  cnpj.vo.ts       |    79.1 |    71.42 |   83.33 |    79.1 | ...99-102,138-139 
  cpf.vo.ts        |   76.27 |    73.33 |   83.33 |   76.27 | ...99-102,132-133 
  entity-id.vo.ts  |      75 |       75 |      50 |      75 | 64-65,102-103     
  ...-factor.vo.ts |   74.13 |    85.71 |      75 |   74.13 | ...47-151,176-177 
  index.ts         |     100 |      100 |     100 |     100 |                   
  ...e-money.vo.ts |   80.43 |     90.9 |      75 |   80.43 | 89-92,132-136     
  ...a-price.vo.ts |   60.97 |    42.85 |      75 |   60.97 | ...,92-95,129-130 
  ...uantity.vo.ts |   80.43 |    91.66 |      75 |   80.43 | 88-91,131-135     
  ...d-money.vo.ts |   86.95 |    91.66 |   85.71 |   86.95 | 104-107,141-142   
  ...centage.vo.ts |   90.19 |      100 |   85.71 |   90.19 | 143-147           
-------------------|---------|----------|---------|---------|-------------------
node.exe : ERROR: Coverage for lines (78.65%) does not meet "value-objects/**" threshold (95%)
At line:1 char:1
+ & "C:\Program Files\nodejs/node.exe" "C:\Program Files\nodejs/node_mo ...
+ ~~~~~~~~~~~~~~~~~~~~~~~~~~~~~~~~~~~~~~~~~~~~~~~~~~~~~~~~~~~~~~~~~~~~~
    + CategoryInfo          : NotSpecified: (ERROR: Coverage...threshold (95%):String) [], RemoteException
    + FullyQualifiedErrorId : NativeCommandError
 
ERROR: Coverage for branches (82.17%) does not meet "value-objects/**" threshold (95%)
ERROR: Coverage for lines (28.14%) does not meet "lib/**" threshold (90%)
ERROR: Coverage for branches (73.91%) does not meet "lib/**" threshold (90%)
