
[7m[1m[36m RUN [39m[22m[27m [36mv2.0.0[39m [90mC:/Users/moisreis/Projects/meta-investimentos[39m

[90mstdout[2m | __tests__/__unit__/domain/portfolio/entities/portfolio.entity.test.ts[22m[39m
[TEST SETUP] Loading .env.test from: C:\Users\moisreis\Projects\meta-investimentos\.env.test
Γùç injected env (1) from .env.test // tip: Γîÿ override existing { override: true }
[TEST SETUP] Dotenv result: {
  parsed: {
    DATABASE_URL: [32m'postgresql://neondb_owner:npg_RrVLk0A3iwGU@ep-muddy-band-acxjnbbp-pooler.sa-east-1.aws.neon.tech/neondb?sslmode=require&channel_binding=require'[39m
  }
}
[TEST SETUP] DATABASE_URL from .env.test: postgresql://neondb_owner:npg_RrVLk0A3iwGU@ep-muddy-band-acxjnbbp-pooler.sa-east-1.aws.neon.tech/neondb?sslmode=require&channel_binding=require
[TEST SETUP] Set TEST_DATABASE_URL from DATABASE_URL
[TEST SETUP] Deleted DATABASE_URL, TEST_DATABASE_URL: SET

[90mstdout[2m | __tests__/__unit__/domain/portfolio/events/portfolio-registered.event.test.ts[22m[39m
[TEST SETUP] Loading .env.test from: C:\Users\moisreis\Projects\meta-investimentos\.env.test
Γùç injected env (1) from .env.test // tip: Γîÿ custom filepath { path: '/custom/path/.env' }
[TEST SETUP] Dotenv result: {
  parsed: {
    DATABASE_URL: [32m'postgresql://neondb_owner:npg_RrVLk0A3iwGU@ep-muddy-band-acxjnbbp-pooler.sa-east-1.aws.neon.tech/neondb?sslmode=require&channel_binding=require'[39m
  }
}
[TEST SETUP] DATABASE_URL from .env.test: postgresql://neondb_owner:npg_RrVLk0A3iwGU@ep-muddy-band-acxjnbbp-pooler.sa-east-1.aws.neon.tech/neondb?sslmode=require&channel_binding=require
[TEST SETUP] Set TEST_DATABASE_URL from DATABASE_URL
[TEST SETUP] Deleted DATABASE_URL, TEST_DATABASE_URL: SET

[90mstdout[2m | __tests__/__unit__/services/portfolio-performance/use-cases/calculate-portfolio-performance.use-case.test.ts[22m[39m
[TEST SETUP] Loading .env.test from: C:\Users\moisreis\Projects\meta-investimentos\.env.test
Γùç injected env (1) from .env.test // tip: Γîÿ suppress logs { quiet: true }
[TEST SETUP] Dotenv result: {
  parsed: {
    DATABASE_URL: [32m'postgresql://neondb_owner:npg_RrVLk0A3iwGU@ep-muddy-band-acxjnbbp-pooler.sa-east-1.aws.neon.tech/neondb?sslmode=require&channel_binding=require'[39m
  }
}
[TEST SETUP] DATABASE_URL from .env.test: postgresql://neondb_owner:npg_RrVLk0A3iwGU@ep-muddy-band-acxjnbbp-pooler.sa-east-1.aws.neon.tech/neondb?sslmode=require&channel_binding=require
[TEST SETUP] Set TEST_DATABASE_URL from DATABASE_URL
[TEST SETUP] Deleted DATABASE_URL, TEST_DATABASE_URL: SET

[90mstdout[2m | __tests__/__unit__/domain/statement/events/statement-generated.event.test.ts[22m[39m
[TEST SETUP] Loading .env.test from: C:\Users\moisreis\Projects\meta-investimentos\.env.test
Γùç injected env (1) from .env.test // tip: Γùê secrets for agents [www.dotenvx.com]
[TEST SETUP] Dotenv result: {
  parsed: {
    DATABASE_URL: [32m'postgresql://neondb_owner:npg_RrVLk0A3iwGU@ep-muddy-band-acxjnbbp-pooler.sa-east-1.aws.neon.tech/neondb?sslmode=require&channel_binding=require'[39m
  }
}
[TEST SETUP] DATABASE_URL from .env.test: postgresql://neondb_owner:npg_RrVLk0A3iwGU@ep-muddy-band-acxjnbbp-pooler.sa-east-1.aws.neon.tech/neondb?sslmode=require&channel_binding=require
[TEST SETUP] Set TEST_DATABASE_URL from DATABASE_URL
[TEST SETUP] Deleted DATABASE_URL, TEST_DATABASE_URL: SET

[90mstdout[2m | __tests__/__unit__/domain/user/events/user-registered.event.test.ts[22m[39m
[TEST SETUP] Loading .env.test from: C:\Users\moisreis\Projects\meta-investimentos\.env.test
Γùç injected env (1) from .env.test // tip: Γîÿ multiple files { path: ['.env.local', '.env'] }
[TEST SETUP] Dotenv result: {
  parsed: {
    DATABASE_URL: [32m'postgresql://neondb_owner:npg_RrVLk0A3iwGU@ep-muddy-band-acxjnbbp-pooler.sa-east-1.aws.neon.tech/neondb?sslmode=require&channel_binding=require'[39m
  }
}
[TEST SETUP] DATABASE_URL from .env.test: postgresql://neondb_owner:npg_RrVLk0A3iwGU@ep-muddy-band-acxjnbbp-pooler.sa-east-1.aws.neon.tech/neondb?sslmode=require&channel_binding=require
[TEST SETUP] Set TEST_DATABASE_URL from DATABASE_URL
[TEST SETUP] Deleted DATABASE_URL, TEST_DATABASE_URL: SET

[90mstdout[2m | __tests__/__unit__/domain/application/events/application-recorded.event.test.ts[22m[39m
[TEST SETUP] Loading .env.test from: C:\Users\moisreis\Projects\meta-investimentos\.env.test
Γùç injected env (1) from .env.test // tip: Γîÿ suppress logs { quiet: true }
[TEST SETUP] Dotenv result: {
  parsed: {
    DATABASE_URL: [32m'postgresql://neondb_owner:npg_RrVLk0A3iwGU@ep-muddy-band-acxjnbbp-pooler.sa-east-1.aws.neon.tech/neondb?sslmode=require&channel_binding=require'[39m
  }
}
[TEST SETUP] DATABASE_URL from .env.test: postgresql://neondb_owner:npg_RrVLk0A3iwGU@ep-muddy-band-acxjnbbp-pooler.sa-east-1.aws.neon.tech/neondb?sslmode=require&channel_binding=require
[TEST SETUP] Set TEST_DATABASE_URL from DATABASE_URL
[TEST SETUP] Deleted DATABASE_URL, TEST_DATABASE_URL: SET

[90mstdout[2m | __tests__/__unit__/services/position-performance/use-cases/calculate-position-performance.use-case.test.ts[22m[39m
[TEST SETUP] Loading .env.test from: C:\Users\moisreis\Projects\meta-investimentos\.env.test
Γùç injected env (1) from .env.test // tip: Γîÿ override existing { override: true }
[TEST SETUP] Dotenv result: {
  parsed: {
    DATABASE_URL: [32m'postgresql://neondb_owner:npg_RrVLk0A3iwGU@ep-muddy-band-acxjnbbp-pooler.sa-east-1.aws.neon.tech/neondb?sslmode=require&channel_binding=require'[39m
  }
}
[TEST SETUP] DATABASE_URL from .env.test: postgresql://neondb_owner:npg_RrVLk0A3iwGU@ep-muddy-band-acxjnbbp-pooler.sa-east-1.aws.neon.tech/neondb?sslmode=require&channel_binding=require
[TEST SETUP] Set TEST_DATABASE_URL from DATABASE_URL
[TEST SETUP] Deleted DATABASE_URL, TEST_DATABASE_URL: SET

 [32mΓ£ô[39m [35m|unit|[39m __tests__/__unit__/domain/portfolio/entities/portfolio.entity.test.ts [2m ([22m[2m31 tests[22m[2m)[22m[90m 21[2mms[22m[39m
 [32mΓ£ô[39m [35m|unit|[39m __tests__/__unit__/domain/statement/events/statement-generated.event.test.ts [2m ([22m[2m25 tests[22m[2m)[22m[90m 18[2mms[22m[39m
 [32mΓ£ô[39m [35m|unit|[39m __tests__/__unit__/domain/application/events/application-recorded.event.test.ts [2m ([22m[2m21 tests[22m[2m)[22m[90m 20[2mms[22m[39m
 [32mΓ£ô[39m [35m|unit|[39m __tests__/__unit__/domain/portfolio/events/portfolio-registered.event.test.ts [2m ([22m[2m25 tests[22m[2m)[22m[90m 19[2mms[22m[39m
 [32mΓ£ô[39m [35m|unit|[39m __tests__/__unit__/domain/user/events/user-registered.event.test.ts [2m ([22m[2m24 tests[22m[2m)[22m[90m 19[2mms[22m[39m
 [32mΓ£ô[39m [35m|unit|[39m __tests__/__unit__/services/position-performance/use-cases/calculate-position-performance.use-case.test.ts [2m ([22m[2m13 tests[22m[2m)[22m[90m 39[2mms[22m[39m
 [32mΓ£ô[39m [35m|unit|[39m __tests__/__unit__/services/portfolio-performance/use-cases/calculate-portfolio-performance.use-case.test.ts [2m ([22m[2m14 tests[22m[2m)[22m[90m 124[2mms[22m[39m
[90mstdout[2m | __tests__/__unit__/domain/withdrawal/events/withdrawal-recorded.event.test.ts[22m[39m
[TEST SETUP] Loading .env.test from: C:\Users\moisreis\Projects\meta-investimentos\.env.test
Γùç injected env (1) from .env.test // tip: Γùê encrypted .env [www.dotenvx.com]
[TEST SETUP] Dotenv result: {
  parsed: {
    DATABASE_URL: [32m'postgresql://neondb_owner:npg_RrVLk0A3iwGU@ep-muddy-band-acxjnbbp-pooler.sa-east-1.aws.neon.tech/neondb?sslmode=require&channel_binding=require'[39m
  }
}
[TEST SETUP] DATABASE_URL from .env.test: postgresql://neondb_owner:npg_RrVLk0A3iwGU@ep-muddy-band-acxjnbbp-pooler.sa-east-1.aws.neon.tech/neondb?sslmode=require&channel_binding=require
[TEST SETUP] Set TEST_DATABASE_URL from DATABASE_URL
[TEST SETUP] Deleted DATABASE_URL, TEST_DATABASE_URL: SET

[90mstdout[2m | __tests__/__unit__/domain/norm/entities/norm.entity.test.ts[22m[39m
[TEST SETUP] Loading .env.test from: C:\Users\moisreis\Projects\meta-investimentos\.env.test
Γùç injected env (1) from .env.test // tip: Γîÿ suppress logs { quiet: true }
[TEST SETUP] Dotenv result: {
  parsed: {
    DATABASE_URL: [32m'postgresql://neondb_owner:npg_RrVLk0A3iwGU@ep-muddy-band-acxjnbbp-pooler.sa-east-1.aws.neon.tech/neondb?sslmode=require&channel_binding=require'[39m
  }
}
[TEST SETUP] DATABASE_URL from .env.test: postgresql://neondb_owner:npg_RrVLk0A3iwGU@ep-muddy-band-acxjnbbp-pooler.sa-east-1.aws.neon.tech/neondb?sslmode=require&channel_binding=require
[TEST SETUP] Set TEST_DATABASE_URL from DATABASE_URL
[TEST SETUP] Deleted DATABASE_URL, TEST_DATABASE_URL: SET

[90mstdout[2m | __tests__/__unit__/domain/norms-portfolio/events/norm-attached-to-portfolio.event.test.ts[22m[39m
[TEST SETUP] Loading .env.test from: C:\Users\moisreis\Projects\meta-investimentos\.env.test
Γùç injected env (1) from .env.test // tip: Γîÿ enable debugging { debug: true }
[TEST SETUP] Dotenv result: {
  parsed: {
    DATABASE_URL: [32m'postgresql://neondb_owner:npg_RrVLk0A3iwGU@ep-muddy-band-acxjnbbp-pooler.sa-east-1.aws.neon.tech/neondb?sslmode=require&channel_binding=require'[39m
  }
}
[TEST SETUP] DATABASE_URL from .env.test: postgresql://neondb_owner:npg_RrVLk0A3iwGU@ep-muddy-band-acxjnbbp-pooler.sa-east-1.aws.neon.tech/neondb?sslmode=require&channel_binding=require
[TEST SETUP] Set TEST_DATABASE_URL from DATABASE_URL
[TEST SETUP] Deleted DATABASE_URL, TEST_DATABASE_URL: SET

[90mstdout[2m | __tests__/__unit__/domain/portfolio-performance/entities/portfolio-performance.entity.test.ts[22m[39m
[TEST SETUP] Loading .env.test from: C:\Users\moisreis\Projects\meta-investimentos\.env.test
Γùç injected env (1) from .env.test // tip: Γîÿ multiple files { path: ['.env.local', '.env'] }
[TEST SETUP] Dotenv result: {
  parsed: {
    DATABASE_URL: [32m'postgresql://neondb_owner:npg_RrVLk0A3iwGU@ep-muddy-band-acxjnbbp-pooler.sa-east-1.aws.neon.tech/neondb?sslmode=require&channel_binding=require'[39m
  }
}
[TEST SETUP] DATABASE_URL from .env.test: postgresql://neondb_owner:npg_RrVLk0A3iwGU@ep-muddy-band-acxjnbbp-pooler.sa-east-1.aws.neon.tech/neondb?sslmode=require&channel_binding=require
[TEST SETUP] Set TEST_DATABASE_URL from DATABASE_URL
[TEST SETUP] Deleted DATABASE_URL, TEST_DATABASE_URL: SET

[90mstdout[2m | __tests__/__unit__/domain/fund/events/fund-registered.event.test.ts[22m[39m
[TEST SETUP] Loading .env.test from: C:\Users\moisreis\Projects\meta-investimentos\.env.test
Γùç injected env (1) from .env.test // tip: Γîÿ suppress logs { quiet: true }
[TEST SETUP] Dotenv result: {
  parsed: {
    DATABASE_URL: [32m'postgresql://neondb_owner:npg_RrVLk0A3iwGU@ep-muddy-band-acxjnbbp-pooler.sa-east-1.aws.neon.tech/neondb?sslmode=require&channel_binding=require'[39m
  }
}
[TEST SETUP] DATABASE_URL from .env.test: postgresql://neondb_owner:npg_RrVLk0A3iwGU@ep-muddy-band-acxjnbbp-pooler.sa-east-1.aws.neon.tech/neondb?sslmode=require&channel_binding=require
[TEST SETUP] Set TEST_DATABASE_URL from DATABASE_URL
[TEST SETUP] Deleted DATABASE_URL, TEST_DATABASE_URL: SET

 [32mΓ£ô[39m [35m|unit|[39m __tests__/__unit__/domain/norm/entities/norm.entity.test.ts [2m ([22m[2m26 tests[22m[2m)[22m[90m 34[2mms[22m[39m
 [32mΓ£ô[39m [35m|unit|[39m __tests__/__unit__/domain/withdrawal/events/withdrawal-recorded.event.test.ts [2m ([22m[2m21 tests[22m[2m)[22m[90m 25[2mms[22m[39m
[90mstdout[2m | __tests__/__unit__/domain/benchmark-history/events/benchmark-rate-recorded.event.test.ts[22m[39m
[TEST SETUP] Loading .env.test from: C:\Users\moisreis\Projects\meta-investimentos\.env.test
Γùç injected env (1) from .env.test // tip: Γîÿ custom filepath { path: '/custom/path/.env' }
[TEST SETUP] Dotenv result: {
  parsed: {
    DATABASE_URL: [32m'postgresql://neondb_owner:npg_RrVLk0A3iwGU@ep-muddy-band-acxjnbbp-pooler.sa-east-1.aws.neon.tech/neondb?sslmode=require&channel_binding=require'[39m
  }
}
[TEST SETUP] DATABASE_URL from .env.test: postgresql://neondb_owner:npg_RrVLk0A3iwGU@ep-muddy-band-acxjnbbp-pooler.sa-east-1.aws.neon.tech/neondb?sslmode=require&channel_binding=require
[TEST SETUP] Set TEST_DATABASE_URL from DATABASE_URL
[TEST SETUP] Deleted DATABASE_URL, TEST_DATABASE_URL: SET

 [32mΓ£ô[39m [35m|unit|[39m __tests__/__unit__/domain/portfolio-performance/entities/portfolio-performance.entity.test.ts [2m ([22m[2m16 tests[22m[2m)[22m[90m 18[2mms[22m[39m
 [32mΓ£ô[39m [35m|unit|[39m __tests__/__unit__/domain/norms-portfolio/events/norm-attached-to-portfolio.event.test.ts [2m ([22m[2m22 tests[22m[2m)[22m[90m 24[2mms[22m[39m
 [32mΓ£ô[39m [35m|unit|[39m __tests__/__unit__/domain/fund/events/fund-registered.event.test.ts [2m ([22m[2m22 tests[22m[2m)[22m[90m 38[2mms[22m[39m
[90mstdout[2m | __tests__/__unit__/domain/application/events/application-reversed.event.test.ts[22m[39m
[TEST SETUP] Loading .env.test from: C:\Users\moisreis\Projects\meta-investimentos\.env.test
Γùç injected env (1) from .env.test // tip: Γîÿ override existing { override: true }
[TEST SETUP] Dotenv result: {
  parsed: {
    DATABASE_URL: [32m'postgresql://neondb_owner:npg_RrVLk0A3iwGU@ep-muddy-band-acxjnbbp-pooler.sa-east-1.aws.neon.tech/neondb?sslmode=require&channel_binding=require'[39m
  }
}
[TEST SETUP] DATABASE_URL from .env.test: postgresql://neondb_owner:npg_RrVLk0A3iwGU@ep-muddy-band-acxjnbbp-pooler.sa-east-1.aws.neon.tech/neondb?sslmode=require&channel_binding=require
[TEST SETUP] Set TEST_DATABASE_URL from DATABASE_URL
[TEST SETUP] Deleted DATABASE_URL, TEST_DATABASE_URL: SET

 [32mΓ£ô[39m [35m|unit|[39m __tests__/__unit__/domain/benchmark-history/events/benchmark-rate-recorded.event.test.ts [2m ([22m[2m20 tests[22m[2m)[22m[90m 21[2mms[22m[39m
 [32mΓ£ô[39m [35m|unit|[39m __tests__/__unit__/domain/application/events/application-reversed.event.test.ts [2m ([22m[2m19 tests[22m[2m)[22m[90m 17[2mms[22m[39m
[90mstdout[2m | __tests__/__unit__/domain/withdrawal/events/withdrawal-reversed.event.test.ts[22m[39m
[TEST SETUP] Loading .env.test from: C:\Users\moisreis\Projects\meta-investimentos\.env.test
Γùç injected env (1) from .env.test // tip: Γùê encrypted .env [www.dotenvx.com]
[TEST SETUP] Dotenv result: {
  parsed: {
    DATABASE_URL: [32m'postgresql://neondb_owner:npg_RrVLk0A3iwGU@ep-muddy-band-acxjnbbp-pooler.sa-east-1.aws.neon.tech/neondb?sslmode=require&channel_binding=require'[39m
  }
}
[TEST SETUP] DATABASE_URL from .env.test: postgresql://neondb_owner:npg_RrVLk0A3iwGU@ep-muddy-band-acxjnbbp-pooler.sa-east-1.aws.neon.tech/neondb?sslmode=require&channel_binding=require
[TEST SETUP] Set TEST_DATABASE_URL from DATABASE_URL
[TEST SETUP] Deleted DATABASE_URL, TEST_DATABASE_URL: SET

[90mstdout[2m | __tests__/__unit__/domain/transaction-allocation/events/transaction-allocated.event.test.ts[22m[39m
[TEST SETUP] Loading .env.test from: C:\Users\moisreis\Projects\meta-investimentos\.env.test
Γùç injected env (1) from .env.test // tip: Γîÿ suppress logs { quiet: true }
[TEST SETUP] Dotenv result: {
  parsed: {
    DATABASE_URL: [32m'postgresql://neondb_owner:npg_RrVLk0A3iwGU@ep-muddy-band-acxjnbbp-pooler.sa-east-1.aws.neon.tech/neondb?sslmode=require&channel_binding=require'[39m
  }
}
[TEST SETUP] DATABASE_URL from .env.test: postgresql://neondb_owner:npg_RrVLk0A3iwGU@ep-muddy-band-acxjnbbp-pooler.sa-east-1.aws.neon.tech/neondb?sslmode=require&channel_binding=require
[TEST SETUP] Set TEST_DATABASE_URL from DATABASE_URL
[TEST SETUP] Deleted DATABASE_URL, TEST_DATABASE_URL: SET

[90mstdout[2m | __tests__/__unit__/domain/quota/events/quota-price-recorded.event.test.ts[22m[39m
[TEST SETUP] Loading .env.test from: C:\Users\moisreis\Projects\meta-investimentos\.env.test
Γùç injected env (1) from .env.test // tip: Γùê encrypted .env [www.dotenvx.com]
[TEST SETUP] Dotenv result: {
  parsed: {
    DATABASE_URL: [32m'postgresql://neondb_owner:npg_RrVLk0A3iwGU@ep-muddy-band-acxjnbbp-pooler.sa-east-1.aws.neon.tech/neondb?sslmode=require&channel_binding=require'[39m
  }
}
[TEST SETUP] DATABASE_URL from .env.test: postgresql://neondb_owner:npg_RrVLk0A3iwGU@ep-muddy-band-acxjnbbp-pooler.sa-east-1.aws.neon.tech/neondb?sslmode=require&channel_binding=require
[TEST SETUP] Set TEST_DATABASE_URL from DATABASE_URL
[TEST SETUP] Deleted DATABASE_URL, TEST_DATABASE_URL: SET

[90mstdout[2m | __tests__/__unit__/services/portfolio-performance/mappers/portfolio-performance.mapper.test.ts[22m[39m
[TEST SETUP] Loading .env.test from: C:\Users\moisreis\Projects\meta-investimentos\.env.test
Γùç injected env (1) from .env.test // tip: Γùê secrets for agents [www.dotenvx.com]
[TEST SETUP] Dotenv result: {
  parsed: {
    DATABASE_URL: [32m'postgresql://neondb_owner:npg_RrVLk0A3iwGU@ep-muddy-band-acxjnbbp-pooler.sa-east-1.aws.neon.tech/neondb?sslmode=require&channel_binding=require'[39m
  }
}
[TEST SETUP] DATABASE_URL from .env.test: postgresql://neondb_owner:npg_RrVLk0A3iwGU@ep-muddy-band-acxjnbbp-pooler.sa-east-1.aws.neon.tech/neondb?sslmode=require&channel_binding=require
[TEST SETUP] Set TEST_DATABASE_URL from DATABASE_URL
[TEST SETUP] Deleted DATABASE_URL, TEST_DATABASE_URL: SET

 [32mΓ£ô[39m [35m|unit|[39m __tests__/__unit__/domain/withdrawal/events/withdrawal-reversed.event.test.ts [2m ([22m[2m19 tests[22m[2m)[22m[90m 20[2mms[22m[39m
[90mstdout[2m | __tests__/__unit__/services/fund/mappers/fund.mapper.test.ts[22m[39m
[TEST SETUP] Loading .env.test from: C:\Users\moisreis\Projects\meta-investimentos\.env.test
Γùç injected env (1) from .env.test // tip: Γùê encrypted .env [www.dotenvx.com]
[TEST SETUP] Dotenv result: {
  parsed: {
    DATABASE_URL: [32m'postgresql://neondb_owner:npg_RrVLk0A3iwGU@ep-muddy-band-acxjnbbp-pooler.sa-east-1.aws.neon.tech/neondb?sslmode=require&channel_binding=require'[39m
  }
}
[TEST SETUP] DATABASE_URL from .env.test: postgresql://neondb_owner:npg_RrVLk0A3iwGU@ep-muddy-band-acxjnbbp-pooler.sa-east-1.aws.neon.tech/neondb?sslmode=require&channel_binding=require
[TEST SETUP] Set TEST_DATABASE_URL from DATABASE_URL
[TEST SETUP] Deleted DATABASE_URL, TEST_DATABASE_URL: SET

 [32mΓ£ô[39m [35m|unit|[39m __tests__/__unit__/domain/transaction-allocation/events/transaction-allocated.event.test.ts [2m ([22m[2m18 tests[22m[2m)[22m[90m 23[2mms[22m[39m
 [32mΓ£ô[39m [35m|unit|[39m __tests__/__unit__/services/portfolio-performance/mappers/portfolio-performance.mapper.test.ts [2m ([22m[2m27 tests[22m[2m)[22m[90m 21[2mms[22m[39m
[90mstdout[2m | __tests__/__unit__/domain/fund/entities/fund.entity.test.ts[22m[39m
[TEST SETUP] Loading .env.test from: C:\Users\moisreis\Projects\meta-investimentos\.env.test
Γùç injected env (1) from .env.test // tip: Γîÿ suppress logs { quiet: true }
[TEST SETUP] Dotenv result: {
  parsed: {
    DATABASE_URL: [32m'postgresql://neondb_owner:npg_RrVLk0A3iwGU@ep-muddy-band-acxjnbbp-pooler.sa-east-1.aws.neon.tech/neondb?sslmode=require&channel_binding=require'[39m
  }
}
[TEST SETUP] DATABASE_URL from .env.test: postgresql://neondb_owner:npg_RrVLk0A3iwGU@ep-muddy-band-acxjnbbp-pooler.sa-east-1.aws.neon.tech/neondb?sslmode=require&channel_binding=require
[TEST SETUP] Set TEST_DATABASE_URL from DATABASE_URL
[TEST SETUP] Deleted DATABASE_URL, TEST_DATABASE_URL: SET

 [32mΓ£ô[39m [35m|unit|[39m __tests__/__unit__/domain/quota/events/quota-price-recorded.event.test.ts [2m ([22m[2m20 tests[22m[2m)[22m[90m 19[2mms[22m[39m
 [32mΓ£ô[39m [35m|unit|[39m __tests__/__unit__/services/fund/mappers/fund.mapper.test.ts [2m ([22m[2m30 tests[22m[2m)[22m[90m 21[2mms[22m[39m
[90mstdout[2m | __tests__/__unit__/services/quota/use-cases/import-fund-valuations.use-case.test.ts[22m[39m
[TEST SETUP] Loading .env.test from: C:\Users\moisreis\Projects\meta-investimentos\.env.test
Γùç injected env (1) from .env.test // tip: Γîÿ suppress logs { quiet: true }
[TEST SETUP] Dotenv result: {
  parsed: {
    DATABASE_URL: [32m'postgresql://neondb_owner:npg_RrVLk0A3iwGU@ep-muddy-band-acxjnbbp-pooler.sa-east-1.aws.neon.tech/neondb?sslmode=require&channel_binding=require'[39m
  }
}
[TEST SETUP] DATABASE_URL from .env.test: postgresql://neondb_owner:npg_RrVLk0A3iwGU@ep-muddy-band-acxjnbbp-pooler.sa-east-1.aws.neon.tech/neondb?sslmode=require&channel_binding=require
[TEST SETUP] Set TEST_DATABASE_URL from DATABASE_URL
[TEST SETUP] Deleted DATABASE_URL, TEST_DATABASE_URL: SET

 [32mΓ£ô[39m [35m|unit|[39m __tests__/__unit__/domain/fund/entities/fund.entity.test.ts [2m ([22m[2m26 tests[22m[2m)[22m[90m 24[2mms[22m[39m
[90mstdout[2m | __tests__/__unit__/services/position/use-cases/list-position-weights.use-case.test.ts[22m[39m
[TEST SETUP] Loading .env.test from: C:\Users\moisreis\Projects\meta-investimentos\.env.test
Γùç injected env (1) from .env.test // tip: Γîÿ multiple files { path: ['.env.local', '.env'] }
[TEST SETUP] Dotenv result: {
  parsed: {
    DATABASE_URL: [32m'postgresql://neondb_owner:npg_RrVLk0A3iwGU@ep-muddy-band-acxjnbbp-pooler.sa-east-1.aws.neon.tech/neondb?sslmode=require&channel_binding=require'[39m
  }
}
[TEST SETUP] DATABASE_URL from .env.test: postgresql://neondb_owner:npg_RrVLk0A3iwGU@ep-muddy-band-acxjnbbp-pooler.sa-east-1.aws.neon.tech/neondb?sslmode=require&channel_binding=require
[TEST SETUP] Set TEST_DATABASE_URL from DATABASE_URL
[TEST SETUP] Deleted DATABASE_URL, TEST_DATABASE_URL: SET

[90mstdout[2m | __tests__/__unit__/services/portfolio-performance/use-cases/resolve-portfolio-period-returns.use-case.test.ts[22m[39m
[TEST SETUP] Loading .env.test from: C:\Users\moisreis\Projects\meta-investimentos\.env.test
Γùç injected env (1) from .env.test // tip: Γîÿ multiple files { path: ['.env.local', '.env'] }
[TEST SETUP] Dotenv result: {
  parsed: {
    DATABASE_URL: [32m'postgresql://neondb_owner:npg_RrVLk0A3iwGU@ep-muddy-band-acxjnbbp-pooler.sa-east-1.aws.neon.tech/neondb?sslmode=require&channel_binding=require'[39m
  }
}
[TEST SETUP] DATABASE_URL from .env.test: postgresql://neondb_owner:npg_RrVLk0A3iwGU@ep-muddy-band-acxjnbbp-pooler.sa-east-1.aws.neon.tech/neondb?sslmode=require&channel_binding=require
[TEST SETUP] Set TEST_DATABASE_URL from DATABASE_URL
[TEST SETUP] Deleted DATABASE_URL, TEST_DATABASE_URL: SET

[90mstdout[2m | __tests__/__unit__/domain/bank-account/entities/bank-account.entity.test.ts[22m[39m
[TEST SETUP] Loading .env.test from: C:\Users\moisreis\Projects\meta-investimentos\.env.test
Γùç injected env (1) from .env.test // tip: Γîÿ custom filepath { path: '/custom/path/.env' }
[TEST SETUP] Dotenv result: {
  parsed: {
    DATABASE_URL: [32m'postgresql://neondb_owner:npg_RrVLk0A3iwGU@ep-muddy-band-acxjnbbp-pooler.sa-east-1.aws.neon.tech/neondb?sslmode=require&channel_binding=require'[39m
  }
}
[TEST SETUP] DATABASE_URL from .env.test: postgresql://neondb_owner:npg_RrVLk0A3iwGU@ep-muddy-band-acxjnbbp-pooler.sa-east-1.aws.neon.tech/neondb?sslmode=require&channel_binding=require
[TEST SETUP] Set TEST_DATABASE_URL from DATABASE_URL
[TEST SETUP] Deleted DATABASE_URL, TEST_DATABASE_URL: SET

[90mstdout[2m | __tests__/__unit__/domain/norms-portfolio/entities/norms-portfolios.entity.test.ts[22m[39m
[TEST SETUP] Loading .env.test from: C:\Users\moisreis\Projects\meta-investimentos\.env.test
Γùç injected env (1) from .env.test // tip: Γîÿ multiple files { path: ['.env.local', '.env'] }
[TEST SETUP] Dotenv result: {
  parsed: {
    DATABASE_URL: [32m'postgresql://neondb_owner:npg_RrVLk0A3iwGU@ep-muddy-band-acxjnbbp-pooler.sa-east-1.aws.neon.tech/neondb?sslmode=require&channel_binding=require'[39m
  }
}
[TEST SETUP] DATABASE_URL from .env.test: postgresql://neondb_owner:npg_RrVLk0A3iwGU@ep-muddy-band-acxjnbbp-pooler.sa-east-1.aws.neon.tech/neondb?sslmode=require&channel_binding=require
[TEST SETUP] Set TEST_DATABASE_URL from DATABASE_URL
[TEST SETUP] Deleted DATABASE_URL, TEST_DATABASE_URL: SET

[90mstdout[2m | __tests__/__unit__/domain/position/entities/position.entity.test.ts[22m[39m
[TEST SETUP] Loading .env.test from: C:\Users\moisreis\Projects\meta-investimentos\.env.test
Γùç injected env (1) from .env.test // tip: Γîÿ override existing { override: true }
[TEST SETUP] Dotenv result: {
  parsed: {
    DATABASE_URL: [32m'postgresql://neondb_owner:npg_RrVLk0A3iwGU@ep-muddy-band-acxjnbbp-pooler.sa-east-1.aws.neon.tech/neondb?sslmode=require&channel_binding=require'[39m
  }
}
[TEST SETUP] DATABASE_URL from .env.test: postgresql://neondb_owner:npg_RrVLk0A3iwGU@ep-muddy-band-acxjnbbp-pooler.sa-east-1.aws.neon.tech/neondb?sslmode=require&channel_binding=require
[TEST SETUP] Set TEST_DATABASE_URL from DATABASE_URL
[TEST SETUP] Deleted DATABASE_URL, TEST_DATABASE_URL: SET

 [32mΓ£ô[39m [35m|unit|[39m __tests__/__unit__/services/quota/use-cases/import-fund-valuations.use-case.test.ts [2m ([22m[2m8 tests[22m[2m)[22m[90m 46[2mms[22m[39m
 [32mΓ£ô[39m [35m|unit|[39m __tests__/__unit__/services/position/use-cases/list-position-weights.use-case.test.ts [2m ([22m[2m9 tests[22m[2m)[22m[90m 20[2mms[22m[39m
 [32mΓ£ô[39m [35m|unit|[39m __tests__/__unit__/domain/bank-account/entities/bank-account.entity.test.ts [2m ([22m[2m22 tests[22m[2m)[22m[90m 21[2mms[22m[39m
 [32mΓ£ô[39m [35m|unit|[39m __tests__/__unit__/domain/norms-portfolio/entities/norms-portfolios.entity.test.ts [2m ([22m[2m18 tests[22m[2m)[22m[90m 15[2mms[22m[39m
 [32mΓ£ô[39m [35m|unit|[39m __tests__/__unit__/services/portfolio-performance/use-cases/resolve-portfolio-period-returns.use-case.test.ts [2m ([22m[2m9 tests[22m[2m)[22m[90m 39[2mms[22m[39m
[90mstdout[2m | __tests__/__unit__/services/user/mappers/user.mapper.test.ts[22m[39m
[TEST SETUP] Loading .env.test from: C:\Users\moisreis\Projects\meta-investimentos\.env.test
Γùç injected env (1) from .env.test // tip: Γîÿ override existing { override: true }
[TEST SETUP] Dotenv result: {
  parsed: {
    DATABASE_URL: [32m'postgresql://neondb_owner:npg_RrVLk0A3iwGU@ep-muddy-band-acxjnbbp-pooler.sa-east-1.aws.neon.tech/neondb?sslmode=require&channel_binding=require'[39m
  }
}
[TEST SETUP] DATABASE_URL from .env.test: postgresql://neondb_owner:npg_RrVLk0A3iwGU@ep-muddy-band-acxjnbbp-pooler.sa-east-1.aws.neon.tech/neondb?sslmode=require&channel_binding=require
[TEST SETUP] Set TEST_DATABASE_URL from DATABASE_URL
[TEST SETUP] Deleted DATABASE_URL, TEST_DATABASE_URL: SET

 [32mΓ£ô[39m [35m|unit|[39m __tests__/__unit__/domain/position/entities/position.entity.test.ts [2m ([22m[2m26 tests[22m[2m)[22m[90m 18[2mms[22m[39m
 [32mΓ£ô[39m [35m|unit|[39m __tests__/__unit__/services/user/mappers/user.mapper.test.ts [2m ([22m[2m28 tests[22m[2m)[22m[90m 17[2mms[22m[39m
[90mstdout[2m | __tests__/__unit__/services/position-performance/use-cases/resolve-position-period-returns.use-case.test.ts[22m[39m
[TEST SETUP] Loading .env.test from: C:\Users\moisreis\Projects\meta-investimentos\.env.test
Γùç injected env (1) from .env.test // tip: Γîÿ custom filepath { path: '/custom/path/.env' }
[TEST SETUP] Dotenv result: {
  parsed: {
    DATABASE_URL: [32m'postgresql://neondb_owner:npg_RrVLk0A3iwGU@ep-muddy-band-acxjnbbp-pooler.sa-east-1.aws.neon.tech/neondb?sslmode=require&channel_binding=require'[39m
  }
}
[TEST SETUP] DATABASE_URL from .env.test: postgresql://neondb_owner:npg_RrVLk0A3iwGU@ep-muddy-band-acxjnbbp-pooler.sa-east-1.aws.neon.tech/neondb?sslmode=require&channel_binding=require
[TEST SETUP] Set TEST_DATABASE_URL from DATABASE_URL
[TEST SETUP] Deleted DATABASE_URL, TEST_DATABASE_URL: SET

[90mstdout[2m | __tests__/__unit__/domain/position/events/position-opened.event.test.ts[22m[39m
[TEST SETUP] Loading .env.test from: C:\Users\moisreis\Projects\meta-investimentos\.env.test
Γùç injected env (1) from .env.test // tip: Γîü auth for agents [www.vestauth.com]
[TEST SETUP] Dotenv result: {
  parsed: {
    DATABASE_URL: [32m'postgresql://neondb_owner:npg_RrVLk0A3iwGU@ep-muddy-band-acxjnbbp-pooler.sa-east-1.aws.neon.tech/neondb?sslmode=require&channel_binding=require'[39m
  }
}
[TEST SETUP] DATABASE_URL from .env.test: postgresql://neondb_owner:npg_RrVLk0A3iwGU@ep-muddy-band-acxjnbbp-pooler.sa-east-1.aws.neon.tech/neondb?sslmode=require&channel_binding=require
[TEST SETUP] Set TEST_DATABASE_URL from DATABASE_URL
[TEST SETUP] Deleted DATABASE_URL, TEST_DATABASE_URL: SET

[90mstdout[2m | __tests__/__unit__/domain/portfolio/events/portfolio-allocation-updated.event.test.ts[22m[39m
[TEST SETUP] Loading .env.test from: C:\Users\moisreis\Projects\meta-investimentos\.env.test
Γùç injected env (1) from .env.test // tip: Γîÿ multiple files { path: ['.env.local', '.env'] }
[TEST SETUP] Dotenv result: {
  parsed: {
    DATABASE_URL: [32m'postgresql://neondb_owner:npg_RrVLk0A3iwGU@ep-muddy-band-acxjnbbp-pooler.sa-east-1.aws.neon.tech/neondb?sslmode=require&channel_binding=require'[39m
  }
}
[TEST SETUP] DATABASE_URL from .env.test: postgresql://neondb_owner:npg_RrVLk0A3iwGU@ep-muddy-band-acxjnbbp-pooler.sa-east-1.aws.neon.tech/neondb?sslmode=require&channel_binding=require
[TEST SETUP] Set TEST_DATABASE_URL from DATABASE_URL
[TEST SETUP] Deleted DATABASE_URL, TEST_DATABASE_URL: SET

[90mstdout[2m | __tests__/__unit__/infrastructure/portfolio-performance/mappers/portfolio-performance.mapper.test.ts[22m[39m
[TEST SETUP] Loading .env.test from: C:\Users\moisreis\Projects\meta-investimentos\.env.test
Γùç injected env (1) from .env.test // tip: Γùê encrypted .env [www.dotenvx.com]
[TEST SETUP] Dotenv result: {
  parsed: {
    DATABASE_URL: [32m'postgresql://neondb_owner:npg_RrVLk0A3iwGU@ep-muddy-band-acxjnbbp-pooler.sa-east-1.aws.neon.tech/neondb?sslmode=require&channel_binding=require'[39m
  }
}
[TEST SETUP] DATABASE_URL from .env.test: postgresql://neondb_owner:npg_RrVLk0A3iwGU@ep-muddy-band-acxjnbbp-pooler.sa-east-1.aws.neon.tech/neondb?sslmode=require&channel_binding=require
[TEST SETUP] Set TEST_DATABASE_URL from DATABASE_URL
[TEST SETUP] Deleted DATABASE_URL, TEST_DATABASE_URL: SET

[90mstdout[2m | __tests__/__unit__/services/withdrawal/mappers/withdrawal.mapper.test.ts[22m[39m
[TEST SETUP] Loading .env.test from: C:\Users\moisreis\Projects\meta-investimentos\.env.test
Γùç injected env (1) from .env.test // tip: Γîÿ override existing { override: true }
[TEST SETUP] Dotenv result: {
  parsed: {
    DATABASE_URL: [32m'postgresql://neondb_owner:npg_RrVLk0A3iwGU@ep-muddy-band-acxjnbbp-pooler.sa-east-1.aws.neon.tech/neondb?sslmode=require&channel_binding=require'[39m
  }
}
[TEST SETUP] DATABASE_URL from .env.test: postgresql://neondb_owner:npg_RrVLk0A3iwGU@ep-muddy-band-acxjnbbp-pooler.sa-east-1.aws.neon.tech/neondb?sslmode=require&channel_binding=require
[TEST SETUP] Set TEST_DATABASE_URL from DATABASE_URL
[TEST SETUP] Deleted DATABASE_URL, TEST_DATABASE_URL: SET

 [32mΓ£ô[39m [35m|unit|[39m __tests__/__unit__/services/position-performance/use-cases/resolve-position-period-returns.use-case.test.ts [2m ([22m[2m7 tests[22m[2m)[22m[90m 36[2mms[22m[39m
 [32mΓ£ô[39m [35m|unit|[39m __tests__/__unit__/domain/position/events/position-opened.event.test.ts [2m ([22m[2m17 tests[22m[2m)[22m[90m 14[2mms[22m[39m
[90mstdout[2m | __tests__/__unit__/domain/position-performance/entities/position-performance.entity.test.ts[22m[39m
[TEST SETUP] Loading .env.test from: C:\Users\moisreis\Projects\meta-investimentos\.env.test
Γùç injected env (1) from .env.test // tip: Γîÿ custom filepath { path: '/custom/path/.env' }
[TEST SETUP] Dotenv result: {
  parsed: {
    DATABASE_URL: [32m'postgresql://neondb_owner:npg_RrVLk0A3iwGU@ep-muddy-band-acxjnbbp-pooler.sa-east-1.aws.neon.tech/neondb?sslmode=require&channel_binding=require'[39m
  }
}
[TEST SETUP] DATABASE_URL from .env.test: postgresql://neondb_owner:npg_RrVLk0A3iwGU@ep-muddy-band-acxjnbbp-pooler.sa-east-1.aws.neon.tech/neondb?sslmode=require&channel_binding=require
[TEST SETUP] Set TEST_DATABASE_URL from DATABASE_URL
[TEST SETUP] Deleted DATABASE_URL, TEST_DATABASE_URL: SET

 [32mΓ£ô[39m [35m|unit|[39m __tests__/__unit__/domain/portfolio/events/portfolio-allocation-updated.event.test.ts [2m ([22m[2m18 tests[22m[2m)[22m[90m 20[2mms[22m[39m
 [32mΓ£ô[39m [35m|unit|[39m __tests__/__unit__/infrastructure/portfolio-performance/mappers/portfolio-performance.mapper.test.ts [2m ([22m[2m7 tests[22m[2m)[22m[90m 16[2mms[22m[39m
 [32mΓ£ô[39m [35m|unit|[39m __tests__/__unit__/services/withdrawal/mappers/withdrawal.mapper.test.ts [2m ([22m[2m23 tests[22m[2m)[22m[90m 20[2mms[22m[39m
[90mstdout[2m | __tests__/__unit__/services/norms-portfolio/use-cases/attach-norm-to-portfolio.use-case.test.ts[22m[39m
[TEST SETUP] Loading .env.test from: C:\Users\moisreis\Projects\meta-investimentos\.env.test
Γùç injected env (1) from .env.test // tip: Γîü auth for agents [www.vestauth.com]
[TEST SETUP] Dotenv result: {
  parsed: {
    DATABASE_URL: [32m'postgresql://neondb_owner:npg_RrVLk0A3iwGU@ep-muddy-band-acxjnbbp-pooler.sa-east-1.aws.neon.tech/neondb?sslmode=require&channel_binding=require'[39m
  }
}
[TEST SETUP] DATABASE_URL from .env.test: postgresql://neondb_owner:npg_RrVLk0A3iwGU@ep-muddy-band-acxjnbbp-pooler.sa-east-1.aws.neon.tech/neondb?sslmode=require&channel_binding=require
[TEST SETUP] Set TEST_DATABASE_URL from DATABASE_URL
[TEST SETUP] Deleted DATABASE_URL, TEST_DATABASE_URL: SET

 [32mΓ£ô[39m [35m|unit|[39m __tests__/__unit__/domain/position-performance/entities/position-performance.entity.test.ts [2m ([22m[2m19 tests[22m[2m)[22m[90m 19[2mms[22m[39m
 [32mΓ£ô[39m [35m|unit|[39m __tests__/__unit__/services/norms-portfolio/use-cases/attach-norm-to-portfolio.use-case.test.ts [2m ([22m[2m8 tests[22m[2m)[22m[90m 24[2mms[22m[39m
[90mstdout[2m | __tests__/__unit__/services/application/use-cases/add-application.use-case.test.ts[22m[39m
[TEST SETUP] Loading .env.test from: C:\Users\moisreis\Projects\meta-investimentos\.env.test
Γùç injected env (1) from .env.test // tip: Γîÿ enable debugging { debug: true }
[TEST SETUP] Dotenv result: {
  parsed: {
    DATABASE_URL: [32m'postgresql://neondb_owner:npg_RrVLk0A3iwGU@ep-muddy-band-acxjnbbp-pooler.sa-east-1.aws.neon.tech/neondb?sslmode=require&channel_binding=require'[39m
  }
}
[TEST SETUP] DATABASE_URL from .env.test: postgresql://neondb_owner:npg_RrVLk0A3iwGU@ep-muddy-band-acxjnbbp-pooler.sa-east-1.aws.neon.tech/neondb?sslmode=require&channel_binding=require
[TEST SETUP] Set TEST_DATABASE_URL from DATABASE_URL
[TEST SETUP] Deleted DATABASE_URL, TEST_DATABASE_URL: SET

[90mstdout[2m | __tests__/__unit__/services/statement/mappers/statement.mapper.test.ts[22m[39m
[TEST SETUP] Loading .env.test from: C:\Users\moisreis\Projects\meta-investimentos\.env.test
Γùç injected env (1) from .env.test // tip: Γîÿ multiple files { path: ['.env.local', '.env'] }
[TEST SETUP] Dotenv result: {
  parsed: {
    DATABASE_URL: [32m'postgresql://neondb_owner:npg_RrVLk0A3iwGU@ep-muddy-band-acxjnbbp-pooler.sa-east-1.aws.neon.tech/neondb?sslmode=require&channel_binding=require'[39m
  }
}
[TEST SETUP] DATABASE_URL from .env.test: postgresql://neondb_owner:npg_RrVLk0A3iwGU@ep-muddy-band-acxjnbbp-pooler.sa-east-1.aws.neon.tech/neondb?sslmode=require&channel_binding=require
[TEST SETUP] Set TEST_DATABASE_URL from DATABASE_URL
[TEST SETUP] Deleted DATABASE_URL, TEST_DATABASE_URL: SET

[90mstdout[2m | __tests__/__unit__/services/portfolio/use-cases/update-portfolio.use-case.test.ts[22m[39m
[TEST SETUP] Loading .env.test from: C:\Users\moisreis\Projects\meta-investimentos\.env.test
Γùç injected env (1) from .env.test // tip: Γîÿ multiple files { path: ['.env.local', '.env'] }
[TEST SETUP] Dotenv result: {
  parsed: {
    DATABASE_URL: [32m'postgresql://neondb_owner:npg_RrVLk0A3iwGU@ep-muddy-band-acxjnbbp-pooler.sa-east-1.aws.neon.tech/neondb?sslmode=require&channel_binding=require'[39m
  }
}
[TEST SETUP] DATABASE_URL from .env.test: postgresql://neondb_owner:npg_RrVLk0A3iwGU@ep-muddy-band-acxjnbbp-pooler.sa-east-1.aws.neon.tech/neondb?sslmode=require&channel_binding=require
[TEST SETUP] Set TEST_DATABASE_URL from DATABASE_URL
[TEST SETUP] Deleted DATABASE_URL, TEST_DATABASE_URL: SET

[90mstdout[2m | __tests__/__unit__/services/application/mappers/application.mapper.test.ts[22m[39m
[TEST SETUP] Loading .env.test from: C:\Users\moisreis\Projects\meta-investimentos\.env.test
Γùç injected env (1) from .env.test // tip: Γîÿ multiple files { path: ['.env.local', '.env'] }
[TEST SETUP] Dotenv result: {
  parsed: {
    DATABASE_URL: [32m'postgresql://neondb_owner:npg_RrVLk0A3iwGU@ep-muddy-band-acxjnbbp-pooler.sa-east-1.aws.neon.tech/neondb?sslmode=require&channel_binding=require'[39m
  }
}
[TEST SETUP] DATABASE_URL from .env.test: postgresql://neondb_owner:npg_RrVLk0A3iwGU@ep-muddy-band-acxjnbbp-pooler.sa-east-1.aws.neon.tech/neondb?sslmode=require&channel_binding=require
[TEST SETUP] Set TEST_DATABASE_URL from DATABASE_URL
[TEST SETUP] Deleted DATABASE_URL, TEST_DATABASE_URL: SET

[90mstdout[2m | __tests__/__unit__/domain/user/entities/user.entity.test.ts[22m[39m
[TEST SETUP] Loading .env.test from: C:\Users\moisreis\Projects\meta-investimentos\.env.test
Γùç injected env (1) from .env.test // tip: Γîÿ enable debugging { debug: true }
[TEST SETUP] Dotenv result: {
  parsed: {
    DATABASE_URL: [32m'postgresql://neondb_owner:npg_RrVLk0A3iwGU@ep-muddy-band-acxjnbbp-pooler.sa-east-1.aws.neon.tech/neondb?sslmode=require&channel_binding=require'[39m
  }
}
[TEST SETUP] DATABASE_URL from .env.test: postgresql://neondb_owner:npg_RrVLk0A3iwGU@ep-muddy-band-acxjnbbp-pooler.sa-east-1.aws.neon.tech/neondb?sslmode=require&channel_binding=require
[TEST SETUP] Set TEST_DATABASE_URL from DATABASE_URL
[TEST SETUP] Deleted DATABASE_URL, TEST_DATABASE_URL: SET

 [32mΓ£ô[39m [35m|unit|[39m __tests__/__unit__/services/statement/mappers/statement.mapper.test.ts [2m ([22m[2m21 tests[22m[2m)[22m[90m 15[2mms[22m[39m
[90mstdout[2m | __tests__/__unit__/domain/user/events/user-profile-updated.event.test.ts[22m[39m
[TEST SETUP] Loading .env.test from: C:\Users\moisreis\Projects\meta-investimentos\.env.test
Γùç injected env (1) from .env.test // tip: Γîÿ multiple files { path: ['.env.local', '.env'] }
[TEST SETUP] Dotenv result: {
  parsed: {
    DATABASE_URL: [32m'postgresql://neondb_owner:npg_RrVLk0A3iwGU@ep-muddy-band-acxjnbbp-pooler.sa-east-1.aws.neon.tech/neondb?sslmode=require&channel_binding=require'[39m
  }
}
[TEST SETUP] DATABASE_URL from .env.test: postgresql://neondb_owner:npg_RrVLk0A3iwGU@ep-muddy-band-acxjnbbp-pooler.sa-east-1.aws.neon.tech/neondb?sslmode=require&channel_binding=require
[TEST SETUP] Set TEST_DATABASE_URL from DATABASE_URL
[TEST SETUP] Deleted DATABASE_URL, TEST_DATABASE_URL: SET

 [32mΓ£ô[39m [35m|unit|[39m __tests__/__unit__/services/application/mappers/application.mapper.test.ts [2m ([22m[2m21 tests[22m[2m)[22m[90m 21[2mms[22m[39m
 [32mΓ£ô[39m [35m|unit|[39m __tests__/__unit__/services/portfolio/use-cases/update-portfolio.use-case.test.ts [2m ([22m[2m12 tests[22m[2m)[22m[90m 23[2mms[22m[39m
 [32mΓ£ô[39m [35m|unit|[39m __tests__/__unit__/services/application/use-cases/add-application.use-case.test.ts [2m ([22m[2m7 tests[22m[2m)[22m[90m 28[2mms[22m[39m
 [32mΓ£ô[39m [35m|unit|[39m __tests__/__unit__/domain/user/entities/user.entity.test.ts [2m ([22m[2m26 tests[22m[2m)[22m[90m 16[2mms[22m[39m
[90mstdout[2m | __tests__/__unit__/domain/application/entities/application.entity.test.ts[22m[39m
[TEST SETUP] Loading .env.test from: C:\Users\moisreis\Projects\meta-investimentos\.env.test
Γùç injected env (1) from .env.test // tip: Γîÿ suppress logs { quiet: true }
[TEST SETUP] Dotenv result: {
  parsed: {
    DATABASE_URL: [32m'postgresql://neondb_owner:npg_RrVLk0A3iwGU@ep-muddy-band-acxjnbbp-pooler.sa-east-1.aws.neon.tech/neondb?sslmode=require&channel_binding=require'[39m
  }
}
[TEST SETUP] DATABASE_URL from .env.test: postgresql://neondb_owner:npg_RrVLk0A3iwGU@ep-muddy-band-acxjnbbp-pooler.sa-east-1.aws.neon.tech/neondb?sslmode=require&channel_binding=require
[TEST SETUP] Set TEST_DATABASE_URL from DATABASE_URL
[TEST SETUP] Deleted DATABASE_URL, TEST_DATABASE_URL: SET

 [32mΓ£ô[39m [35m|unit|[39m __tests__/__unit__/domain/user/events/user-profile-updated.event.test.ts [2m ([22m[2m19 tests[22m[2m)[22m[90m 19[2mms[22m[39m
 [32mΓ£ô[39m [35m|unit|[39m __tests__/__unit__/domain/application/entities/application.entity.test.ts [2m ([22m[2m20 tests[22m[2m)[22m[90m 16[2mms[22m[39m
[90mstdout[2m | __tests__/__unit__/domain/fund/events/fund-updated.event.test.ts[22m[39m
[TEST SETUP] Loading .env.test from: C:\Users\moisreis\Projects\meta-investimentos\.env.test
Γùç injected env (1) from .env.test // tip: Γùê secrets for agents [www.dotenvx.com]
[TEST SETUP] Dotenv result: {
  parsed: {
    DATABASE_URL: [32m'postgresql://neondb_owner:npg_RrVLk0A3iwGU@ep-muddy-band-acxjnbbp-pooler.sa-east-1.aws.neon.tech/neondb?sslmode=require&channel_binding=require'[39m
  }
}
[TEST SETUP] DATABASE_URL from .env.test: postgresql://neondb_owner:npg_RrVLk0A3iwGU@ep-muddy-band-acxjnbbp-pooler.sa-east-1.aws.neon.tech/neondb?sslmode=require&channel_binding=require
[TEST SETUP] Set TEST_DATABASE_URL from DATABASE_URL
[TEST SETUP] Deleted DATABASE_URL, TEST_DATABASE_URL: SET

[90mstdout[2m | __tests__/__unit__/domain/withdrawal/entities/withdrawal.entity.test.ts[22m[39m
[TEST SETUP] Loading .env.test from: C:\Users\moisreis\Projects\meta-investimentos\.env.test
Γùç injected env (1) from .env.test // tip: Γîü auth for agents [www.vestauth.com]
[TEST SETUP] Dotenv result: {
  parsed: {
    DATABASE_URL: [32m'postgresql://neondb_owner:npg_RrVLk0A3iwGU@ep-muddy-band-acxjnbbp-pooler.sa-east-1.aws.neon.tech/neondb?sslmode=require&channel_binding=require'[39m
  }
}
[TEST SETUP] DATABASE_URL from .env.test: postgresql://neondb_owner:npg_RrVLk0A3iwGU@ep-muddy-band-acxjnbbp-pooler.sa-east-1.aws.neon.tech/neondb?sslmode=require&channel_binding=require
[TEST SETUP] Set TEST_DATABASE_URL from DATABASE_URL
[TEST SETUP] Deleted DATABASE_URL, TEST_DATABASE_URL: SET

[90mstdout[2m | __tests__/__unit__/services/position/mappers/position.mapper.test.ts[22m[39m
[TEST SETUP] Loading .env.test from: C:\Users\moisreis\Projects\meta-investimentos\.env.test
Γùç injected env (1) from .env.test // tip: Γîÿ override existing { override: true }
[TEST SETUP] Dotenv result: {
  parsed: {
    DATABASE_URL: [32m'postgresql://neondb_owner:npg_RrVLk0A3iwGU@ep-muddy-band-acxjnbbp-pooler.sa-east-1.aws.neon.tech/neondb?sslmode=require&channel_binding=require'[39m
  }
}
[TEST SETUP] DATABASE_URL from .env.test: postgresql://neondb_owner:npg_RrVLk0A3iwGU@ep-muddy-band-acxjnbbp-pooler.sa-east-1.aws.neon.tech/neondb?sslmode=require&channel_binding=require
[TEST SETUP] Set TEST_DATABASE_URL from DATABASE_URL
[TEST SETUP] Deleted DATABASE_URL, TEST_DATABASE_URL: SET

[90mstdout[2m | __tests__/__unit__/domain/benchmark-history/entities/benchmark-history.entity.test.ts[22m[39m
[TEST SETUP] Loading .env.test from: C:\Users\moisreis\Projects\meta-investimentos\.env.test
Γùç injected env (1) from .env.test // tip: Γîÿ multiple files { path: ['.env.local', '.env'] }
[TEST SETUP] Dotenv result: {
  parsed: {
    DATABASE_URL: [32m'postgresql://neondb_owner:npg_RrVLk0A3iwGU@ep-muddy-band-acxjnbbp-pooler.sa-east-1.aws.neon.tech/neondb?sslmode=require&channel_binding=require'[39m
  }
}
[TEST SETUP] DATABASE_URL from .env.test: postgresql://neondb_owner:npg_RrVLk0A3iwGU@ep-muddy-band-acxjnbbp-pooler.sa-east-1.aws.neon.tech/neondb?sslmode=require&channel_binding=require
[TEST SETUP] Set TEST_DATABASE_URL from DATABASE_URL
[TEST SETUP] Deleted DATABASE_URL, TEST_DATABASE_URL: SET

[90mstdout[2m | __tests__/__unit__/infrastructure/position-performance/mappers/position-performance.mapper.test.ts[22m[39m
[TEST SETUP] Loading .env.test from: C:\Users\moisreis\Projects\meta-investimentos\.env.test
Γùç injected env (1) from .env.test // tip: Γùê secrets for agents [www.dotenvx.com]
[TEST SETUP] Dotenv result: {
  parsed: {
    DATABASE_URL: [32m'postgresql://neondb_owner:npg_RrVLk0A3iwGU@ep-muddy-band-acxjnbbp-pooler.sa-east-1.aws.neon.tech/neondb?sslmode=require&channel_binding=require'[39m
  }
}
[TEST SETUP] DATABASE_URL from .env.test: postgresql://neondb_owner:npg_RrVLk0A3iwGU@ep-muddy-band-acxjnbbp-pooler.sa-east-1.aws.neon.tech/neondb?sslmode=require&channel_binding=require
[TEST SETUP] Set TEST_DATABASE_URL from DATABASE_URL
[TEST SETUP] Deleted DATABASE_URL, TEST_DATABASE_URL: SET

 [32mΓ£ô[39m [35m|unit|[39m __tests__/__unit__/domain/fund/events/fund-updated.event.test.ts [2m ([22m[2m18 tests[22m[2m)[22m[90m 17[2mms[22m[39m
[90mstdout[2m | __tests__/__unit__/domain/bank/entities/bank.entity.test.ts[22m[39m
[TEST SETUP] Loading .env.test from: C:\Users\moisreis\Projects\meta-investimentos\.env.test
Γùç injected env (1) from .env.test // tip: Γîÿ custom filepath { path: '/custom/path/.env' }
[TEST SETUP] Dotenv result: {
  parsed: {
    DATABASE_URL: [32m'postgresql://neondb_owner:npg_RrVLk0A3iwGU@ep-muddy-band-acxjnbbp-pooler.sa-east-1.aws.neon.tech/neondb?sslmode=require&channel_binding=require'[39m
  }
}
[TEST SETUP] DATABASE_URL from .env.test: postgresql://neondb_owner:npg_RrVLk0A3iwGU@ep-muddy-band-acxjnbbp-pooler.sa-east-1.aws.neon.tech/neondb?sslmode=require&channel_binding=require
[TEST SETUP] Set TEST_DATABASE_URL from DATABASE_URL
[TEST SETUP] Deleted DATABASE_URL, TEST_DATABASE_URL: SET

 [32mΓ£ô[39m [35m|unit|[39m __tests__/__unit__/domain/withdrawal/entities/withdrawal.entity.test.ts [2m ([22m[2m20 tests[22m[2m)[22m[90m 16[2mms[22m[39m
 [32mΓ£ô[39m [35m|unit|[39m __tests__/__unit__/services/position/mappers/position.mapper.test.ts [2m ([22m[2m21 tests[22m[2m)[22m[90m 16[2mms[22m[39m
 [32mΓ£ô[39m [35m|unit|[39m __tests__/__unit__/domain/benchmark-history/entities/benchmark-history.entity.test.ts [2m ([22m[2m17 tests[22m[2m)[22m[90m 16[2mms[22m[39m
 [32mΓ£ô[39m [35m|unit|[39m __tests__/__unit__/infrastructure/position-performance/mappers/position-performance.mapper.test.ts [2m ([22m[2m7 tests[22m[2m)[22m[90m 14[2mms[22m[39m
[90mstdout[2m | __tests__/__unit__/services/position-performance/mappers/position-performance.mapper.test.ts[22m[39m
[TEST SETUP] Loading .env.test from: C:\Users\moisreis\Projects\meta-investimentos\.env.test
Γùç injected env (1) from .env.test // tip: Γîÿ custom filepath { path: '/custom/path/.env' }
[TEST SETUP] Dotenv result: {
  parsed: {
    DATABASE_URL: [32m'postgresql://neondb_owner:npg_RrVLk0A3iwGU@ep-muddy-band-acxjnbbp-pooler.sa-east-1.aws.neon.tech/neondb?sslmode=require&channel_binding=require'[39m
  }
}
[TEST SETUP] DATABASE_URL from .env.test: postgresql://neondb_owner:npg_RrVLk0A3iwGU@ep-muddy-band-acxjnbbp-pooler.sa-east-1.aws.neon.tech/neondb?sslmode=require&channel_binding=require
[TEST SETUP] Set TEST_DATABASE_URL from DATABASE_URL
[TEST SETUP] Deleted DATABASE_URL, TEST_DATABASE_URL: SET

 [32mΓ£ô[39m [35m|unit|[39m __tests__/__unit__/domain/bank/entities/bank.entity.test.ts [2m ([22m[2m22 tests[22m[2m)[22m[90m 19[2mms[22m[39m
 [32mΓ£ô[39m [35m|unit|[39m __tests__/__unit__/services/position-performance/mappers/position-performance.mapper.test.ts [2m ([22m[2m18 tests[22m[2m)[22m[90m 16[2mms[22m[39m
[90mstdout[2m | __tests__/__unit__/services/norm/mappers/norm.mapper.test.ts[22m[39m
[TEST SETUP] Loading .env.test from: C:\Users\moisreis\Projects\meta-investimentos\.env.test
Γùç injected env (1) from .env.test // tip: Γîü auth for agents [www.vestauth.com]
[TEST SETUP] Dotenv result: {
  parsed: {
    DATABASE_URL: [32m'postgresql://neondb_owner:npg_RrVLk0A3iwGU@ep-muddy-band-acxjnbbp-pooler.sa-east-1.aws.neon.tech/neondb?sslmode=require&channel_binding=require'[39m
  }
}
[TEST SETUP] DATABASE_URL from .env.test: postgresql://neondb_owner:npg_RrVLk0A3iwGU@ep-muddy-band-acxjnbbp-pooler.sa-east-1.aws.neon.tech/neondb?sslmode=require&channel_binding=require
[TEST SETUP] Set TEST_DATABASE_URL from DATABASE_URL
[TEST SETUP] Deleted DATABASE_URL, TEST_DATABASE_URL: SET

[90mstdout[2m | __tests__/__unit__/domain/position/calculators/daily-factor.calculator.test.ts[22m[39m
[TEST SETUP] Loading .env.test from: C:\Users\moisreis\Projects\meta-investimentos\.env.test
Γùç injected env (1) from .env.test // tip: Γîÿ suppress logs { quiet: true }
[TEST SETUP] Dotenv result: {
  parsed: {
    DATABASE_URL: [32m'postgresql://neondb_owner:npg_RrVLk0A3iwGU@ep-muddy-band-acxjnbbp-pooler.sa-east-1.aws.neon.tech/neondb?sslmode=require&channel_binding=require'[39m
  }
}
[TEST SETUP] DATABASE_URL from .env.test: postgresql://neondb_owner:npg_RrVLk0A3iwGU@ep-muddy-band-acxjnbbp-pooler.sa-east-1.aws.neon.tech/neondb?sslmode=require&channel_binding=require
[TEST SETUP] Set TEST_DATABASE_URL from DATABASE_URL
[TEST SETUP] Deleted DATABASE_URL, TEST_DATABASE_URL: SET

[90mstdout[2m | __tests__/__unit__/domain/benchmark/entities/benchmark.entity.test.ts[22m[39m
[TEST SETUP] Loading .env.test from: C:\Users\moisreis\Projects\meta-investimentos\.env.test
Γùç injected env (1) from .env.test // tip: Γùê secrets for agents [www.dotenvx.com]
[TEST SETUP] Dotenv result: {
  parsed: {
    DATABASE_URL: [32m'postgresql://neondb_owner:npg_RrVLk0A3iwGU@ep-muddy-band-acxjnbbp-pooler.sa-east-1.aws.neon.tech/neondb?sslmode=require&channel_binding=require'[39m
  }
}
[TEST SETUP] DATABASE_URL from .env.test: postgresql://neondb_owner:npg_RrVLk0A3iwGU@ep-muddy-band-acxjnbbp-pooler.sa-east-1.aws.neon.tech/neondb?sslmode=require&channel_binding=require
[TEST SETUP] Set TEST_DATABASE_URL from DATABASE_URL
[TEST SETUP] Deleted DATABASE_URL, TEST_DATABASE_URL: SET

[90mstdout[2m | __tests__/__unit__/services/norms-portfolio/mappers/norms-portfolio.mapper.test.ts[22m[39m
[TEST SETUP] Loading .env.test from: C:\Users\moisreis\Projects\meta-investimentos\.env.test
Γùç injected env (1) from .env.test // tip: Γîü auth for agents [www.vestauth.com]
[TEST SETUP] Dotenv result: {
  parsed: {
    DATABASE_URL: [32m'postgresql://neondb_owner:npg_RrVLk0A3iwGU@ep-muddy-band-acxjnbbp-pooler.sa-east-1.aws.neon.tech/neondb?sslmode=require&channel_binding=require'[39m
  }
}
[TEST SETUP] DATABASE_URL from .env.test: postgresql://neondb_owner:npg_RrVLk0A3iwGU@ep-muddy-band-acxjnbbp-pooler.sa-east-1.aws.neon.tech/neondb?sslmode=require&channel_binding=require
[TEST SETUP] Set TEST_DATABASE_URL from DATABASE_URL
[TEST SETUP] Deleted DATABASE_URL, TEST_DATABASE_URL: SET

[90mstdout[2m | __tests__/__unit__/services/bank-account/use-cases/update-bank-account.use-case.test.ts[22m[39m
[TEST SETUP] Loading .env.test from: C:\Users\moisreis\Projects\meta-investimentos\.env.test
Γùç injected env (1) from .env.test // tip: Γîÿ multiple files { path: ['.env.local', '.env'] }
[TEST SETUP] Dotenv result: {
  parsed: {
    DATABASE_URL: [32m'postgresql://neondb_owner:npg_RrVLk0A3iwGU@ep-muddy-band-acxjnbbp-pooler.sa-east-1.aws.neon.tech/neondb?sslmode=require&channel_binding=require'[39m
  }
}
[TEST SETUP] DATABASE_URL from .env.test: postgresql://neondb_owner:npg_RrVLk0A3iwGU@ep-muddy-band-acxjnbbp-pooler.sa-east-1.aws.neon.tech/neondb?sslmode=require&channel_binding=require
[TEST SETUP] Set TEST_DATABASE_URL from DATABASE_URL
[TEST SETUP] Deleted DATABASE_URL, TEST_DATABASE_URL: SET

 [32mΓ£ô[39m [35m|unit|[39m __tests__/__unit__/services/norm/mappers/norm.mapper.test.ts [2m ([22m[2m16 tests[22m[2m)[22m[90m 17[2mms[22m[39m
 [32mΓ£ô[39m [35m|unit|[39m __tests__/__unit__/domain/position/calculators/daily-factor.calculator.test.ts [2m ([22m[2m9 tests[22m[2m)[22m[90m 11[2mms[22m[39m
 [32mΓ£ô[39m [35m|unit|[39m __tests__/__unit__/domain/benchmark/entities/benchmark.entity.test.ts [2m ([22m[2m20 tests[22m[2m)[22m[90m 17[2mms[22m[39m
[90mstdout[2m | __tests__/__unit__/domain/checking-account/entities/checking-account.entity.test.ts[22m[39m
[TEST SETUP] Loading .env.test from: C:\Users\moisreis\Projects\meta-investimentos\.env.test
Γùç injected env (1) from .env.test // tip: Γîÿ multiple files { path: ['.env.local', '.env'] }
[TEST SETUP] Dotenv result: {
  parsed: {
    DATABASE_URL: [32m'postgresql://neondb_owner:npg_RrVLk0A3iwGU@ep-muddy-band-acxjnbbp-pooler.sa-east-1.aws.neon.tech/neondb?sslmode=require&channel_binding=require'[39m
  }
}
[TEST SETUP] DATABASE_URL from .env.test: postgresql://neondb_owner:npg_RrVLk0A3iwGU@ep-muddy-band-acxjnbbp-pooler.sa-east-1.aws.neon.tech/neondb?sslmode=require&channel_binding=require
[TEST SETUP] Set TEST_DATABASE_URL from DATABASE_URL
[TEST SETUP] Deleted DATABASE_URL, TEST_DATABASE_URL: SET

 [32mΓ£ô[39m [35m|unit|[39m __tests__/__unit__/services/norms-portfolio/mappers/norms-portfolio.mapper.test.ts [2m ([22m[2m15 tests[22m[2m)[22m[90m 17[2mms[22m[39m
 [32mΓ£ô[39m [35m|unit|[39m __tests__/__unit__/services/bank-account/use-cases/update-bank-account.use-case.test.ts [2m ([22m[2m8 tests[22m[2m)[22m[90m 16[2mms[22m[39m
[90mstdout[2m | __tests__/__unit__/services/portfolio/mappers/portfolio.mapper.test.ts[22m[39m
[TEST SETUP] Loading .env.test from: C:\Users\moisreis\Projects\meta-investimentos\.env.test
Γùç injected env (1) from .env.test // tip: Γîÿ multiple files { path: ['.env.local', '.env'] }
[TEST SETUP] Dotenv result: {
  parsed: {
    DATABASE_URL: [32m'postgresql://neondb_owner:npg_RrVLk0A3iwGU@ep-muddy-band-acxjnbbp-pooler.sa-east-1.aws.neon.tech/neondb?sslmode=require&channel_binding=require'[39m
  }
}
[TEST SETUP] DATABASE_URL from .env.test: postgresql://neondb_owner:npg_RrVLk0A3iwGU@ep-muddy-band-acxjnbbp-pooler.sa-east-1.aws.neon.tech/neondb?sslmode=require&channel_binding=require
[TEST SETUP] Set TEST_DATABASE_URL from DATABASE_URL
[TEST SETUP] Deleted DATABASE_URL, TEST_DATABASE_URL: SET

 [32mΓ£ô[39m [35m|unit|[39m __tests__/__unit__/domain/checking-account/entities/checking-account.entity.test.ts [2m ([22m[2m16 tests[22m[2m)[22m[90m 16[2mms[22m[39m
 [32mΓ£ô[39m [35m|unit|[39m __tests__/__unit__/services/portfolio/mappers/portfolio.mapper.test.ts [2m ([22m[2m15 tests[22m[2m)[22m[90m 15[2mms[22m[39m
[90mstdout[2m | __tests__/__unit__/services/norm/use-cases/update-norm.use-case.test.ts[22m[39m
[TEST SETUP] Loading .env.test from: C:\Users\moisreis\Projects\meta-investimentos\.env.test
Γùç injected env (1) from .env.test // tip: Γùê secrets for agents [www.dotenvx.com]
[TEST SETUP] Dotenv result: {
  parsed: {
    DATABASE_URL: [32m'postgresql://neondb_owner:npg_RrVLk0A3iwGU@ep-muddy-band-acxjnbbp-pooler.sa-east-1.aws.neon.tech/neondb?sslmode=require&channel_binding=require'[39m
  }
}
[TEST SETUP] DATABASE_URL from .env.test: postgresql://neondb_owner:npg_RrVLk0A3iwGU@ep-muddy-band-acxjnbbp-pooler.sa-east-1.aws.neon.tech/neondb?sslmode=require&channel_binding=require
[TEST SETUP] Set TEST_DATABASE_URL from DATABASE_URL
[TEST SETUP] Deleted DATABASE_URL, TEST_DATABASE_URL: SET

[90mstdout[2m | __tests__/__unit__/infrastructure/application/mappers/application.mapper.test.ts[22m[39m
[TEST SETUP] Loading .env.test from: C:\Users\moisreis\Projects\meta-investimentos\.env.test
Γùç injected env (1) from .env.test // tip: Γîÿ suppress logs { quiet: true }
[TEST SETUP] Dotenv result: {
  parsed: {
    DATABASE_URL: [32m'postgresql://neondb_owner:npg_RrVLk0A3iwGU@ep-muddy-band-acxjnbbp-pooler.sa-east-1.aws.neon.tech/neondb?sslmode=require&channel_binding=require'[39m
  }
}
[TEST SETUP] DATABASE_URL from .env.test: postgresql://neondb_owner:npg_RrVLk0A3iwGU@ep-muddy-band-acxjnbbp-pooler.sa-east-1.aws.neon.tech/neondb?sslmode=require&channel_binding=require
[TEST SETUP] Set TEST_DATABASE_URL from DATABASE_URL
[TEST SETUP] Deleted DATABASE_URL, TEST_DATABASE_URL: SET

[90mstdout[2m | __tests__/__unit__/services/statement/use-cases/generate-statement.use-case.test.ts[22m[39m
[TEST SETUP] Loading .env.test from: C:\Users\moisreis\Projects\meta-investimentos\.env.test
Γùç injected env (1) from .env.test // tip: Γîÿ override existing { override: true }
[TEST SETUP] Dotenv result: {
  parsed: {
    DATABASE_URL: [32m'postgresql://neondb_owner:npg_RrVLk0A3iwGU@ep-muddy-band-acxjnbbp-pooler.sa-east-1.aws.neon.tech/neondb?sslmode=require&channel_binding=require'[39m
  }
}
[TEST SETUP] DATABASE_URL from .env.test: postgresql://neondb_owner:npg_RrVLk0A3iwGU@ep-muddy-band-acxjnbbp-pooler.sa-east-1.aws.neon.tech/neondb?sslmode=require&channel_binding=require
[TEST SETUP] Set TEST_DATABASE_URL from DATABASE_URL
[TEST SETUP] Deleted DATABASE_URL, TEST_DATABASE_URL: SET

[90mstdout[2m | __tests__/__unit__/infrastructure/position/mappers/position.mapper.test.ts[22m[39m
[TEST SETUP] Loading .env.test from: C:\Users\moisreis\Projects\meta-investimentos\.env.test
Γùç injected env (1) from .env.test // tip: Γùê secrets for agents [www.dotenvx.com]
[TEST SETUP] Dotenv result: {
  parsed: {
    DATABASE_URL: [32m'postgresql://neondb_owner:npg_RrVLk0A3iwGU@ep-muddy-band-acxjnbbp-pooler.sa-east-1.aws.neon.tech/neondb?sslmode=require&channel_binding=require'[39m
  }
}
[TEST SETUP] DATABASE_URL from .env.test: postgresql://neondb_owner:npg_RrVLk0A3iwGU@ep-muddy-band-acxjnbbp-pooler.sa-east-1.aws.neon.tech/neondb?sslmode=require&channel_binding=require
[TEST SETUP] Set TEST_DATABASE_URL from DATABASE_URL
[TEST SETUP] Deleted DATABASE_URL, TEST_DATABASE_URL: SET

 [32mΓ£ô[39m [35m|unit|[39m __tests__/__unit__/services/norm/use-cases/update-norm.use-case.test.ts [2m ([22m[2m8 tests[22m[2m)[22m[90m 19[2mms[22m[39m
 [32mΓ£ô[39m [35m|unit|[39m __tests__/__unit__/infrastructure/application/mappers/application.mapper.test.ts [2m ([22m[2m7 tests[22m[2m)[22m[90m 13[2mms[22m[39m
[90mstdout[2m | __tests__/__unit__/services/user/use-cases/create-user.use-case.test.ts[22m[39m
[TEST SETUP] Loading .env.test from: C:\Users\moisreis\Projects\meta-investimentos\.env.test
Γùç injected env (1) from .env.test // tip: Γîÿ enable debugging { debug: true }
[TEST SETUP] Dotenv result: {
  parsed: {
    DATABASE_URL: [32m'postgresql://neondb_owner:npg_RrVLk0A3iwGU@ep-muddy-band-acxjnbbp-pooler.sa-east-1.aws.neon.tech/neondb?sslmode=require&channel_binding=require'[39m
  }
}
[TEST SETUP] DATABASE_URL from .env.test: postgresql://neondb_owner:npg_RrVLk0A3iwGU@ep-muddy-band-acxjnbbp-pooler.sa-east-1.aws.neon.tech/neondb?sslmode=require&channel_binding=require
[TEST SETUP] Set TEST_DATABASE_URL from DATABASE_URL
[TEST SETUP] Deleted DATABASE_URL, TEST_DATABASE_URL: SET

[90mstdout[2m | __tests__/__unit__/services/norms-portfolio/use-cases/update-portfolio-norm.use-case.test.ts[22m[39m
[TEST SETUP] Loading .env.test from: C:\Users\moisreis\Projects\meta-investimentos\.env.test
Γùç injected env (1) from .env.test // tip: Γùê encrypted .env [www.dotenvx.com]
[TEST SETUP] Dotenv result: {
  parsed: {
    DATABASE_URL: [32m'postgresql://neondb_owner:npg_RrVLk0A3iwGU@ep-muddy-band-acxjnbbp-pooler.sa-east-1.aws.neon.tech/neondb?sslmode=require&channel_binding=require'[39m
  }
}
[TEST SETUP] DATABASE_URL from .env.test: postgresql://neondb_owner:npg_RrVLk0A3iwGU@ep-muddy-band-acxjnbbp-pooler.sa-east-1.aws.neon.tech/neondb?sslmode=require&channel_binding=require
[TEST SETUP] Set TEST_DATABASE_URL from DATABASE_URL
[TEST SETUP] Deleted DATABASE_URL, TEST_DATABASE_URL: SET

 [32mΓ£ô[39m [35m|unit|[39m __tests__/__unit__/services/statement/use-cases/generate-statement.use-case.test.ts [2m ([22m[2m10 tests[22m[2m)[22m[90m 22[2mms[22m[39m
 [32mΓ£ô[39m [35m|unit|[39m __tests__/__unit__/infrastructure/position/mappers/position.mapper.test.ts [2m ([22m[2m7 tests[22m[2m)[22m[90m 13[2mms[22m[39m
[90mstdout[2m | __tests__/__unit__/services/position/use-cases/redistribute-position-allocation.use-case.test.ts[22m[39m
[TEST SETUP] Loading .env.test from: C:\Users\moisreis\Projects\meta-investimentos\.env.test
Γùç injected env (1) from .env.test // tip: Γîÿ suppress logs { quiet: true }
[TEST SETUP] Dotenv result: {
  parsed: {
    DATABASE_URL: [32m'postgresql://neondb_owner:npg_RrVLk0A3iwGU@ep-muddy-band-acxjnbbp-pooler.sa-east-1.aws.neon.tech/neondb?sslmode=require&channel_binding=require'[39m
  }
}
[TEST SETUP] DATABASE_URL from .env.test: postgresql://neondb_owner:npg_RrVLk0A3iwGU@ep-muddy-band-acxjnbbp-pooler.sa-east-1.aws.neon.tech/neondb?sslmode=require&channel_binding=require
[TEST SETUP] Set TEST_DATABASE_URL from DATABASE_URL
[TEST SETUP] Deleted DATABASE_URL, TEST_DATABASE_URL: SET

 [32mΓ£ô[39m [35m|unit|[39m __tests__/__unit__/services/user/use-cases/create-user.use-case.test.ts [2m ([22m[2m12 tests[22m[2m)[22m[90m 19[2mms[22m[39m
 [32mΓ£ô[39m [35m|unit|[39m __tests__/__unit__/services/norms-portfolio/use-cases/update-portfolio-norm.use-case.test.ts [2m ([22m[2m8 tests[22m[2m)[22m[90m 16[2mms[22m[39m
 [32mΓ£ô[39m [35m|unit|[39m __tests__/__unit__/services/position/use-cases/redistribute-position-allocation.use-case.test.ts [2m ([22m[2m5 tests[22m[2m)[22m[90m 17[2mms[22m[39m
[90mstdout[2m | __tests__/__unit__/services/fund/use-cases/update-fund.use-case.test.ts[22m[39m
[TEST SETUP] Loading .env.test from: C:\Users\moisreis\Projects\meta-investimentos\.env.test
Γùç injected env (1) from .env.test // tip: Γùê secrets for agents [www.dotenvx.com]
[TEST SETUP] Dotenv result: {
  parsed: {
    DATABASE_URL: [32m'postgresql://neondb_owner:npg_RrVLk0A3iwGU@ep-muddy-band-acxjnbbp-pooler.sa-east-1.aws.neon.tech/neondb?sslmode=require&channel_binding=require'[39m
  }
}
[TEST SETUP] DATABASE_URL from .env.test: postgresql://neondb_owner:npg_RrVLk0A3iwGU@ep-muddy-band-acxjnbbp-pooler.sa-east-1.aws.neon.tech/neondb?sslmode=require&channel_binding=require
[TEST SETUP] Set TEST_DATABASE_URL from DATABASE_URL
[TEST SETUP] Deleted DATABASE_URL, TEST_DATABASE_URL: SET

[90mstdout[2m | __tests__/__unit__/services/withdrawal/use-cases/add-withdrawal.use-case.test.ts[22m[39m
[TEST SETUP] Loading .env.test from: C:\Users\moisreis\Projects\meta-investimentos\.env.test
Γùç injected env (1) from .env.test // tip: Γùê encrypted .env [www.dotenvx.com]
[TEST SETUP] Dotenv result: {
  parsed: {
    DATABASE_URL: [32m'postgresql://neondb_owner:npg_RrVLk0A3iwGU@ep-muddy-band-acxjnbbp-pooler.sa-east-1.aws.neon.tech/neondb?sslmode=require&channel_binding=require'[39m
  }
}
[TEST SETUP] DATABASE_URL from .env.test: postgresql://neondb_owner:npg_RrVLk0A3iwGU@ep-muddy-band-acxjnbbp-pooler.sa-east-1.aws.neon.tech/neondb?sslmode=require&channel_binding=require
[TEST SETUP] Set TEST_DATABASE_URL from DATABASE_URL
[TEST SETUP] Deleted DATABASE_URL, TEST_DATABASE_URL: SET

[90mstdout[2m | __tests__/__unit__/domain/statement/entities/statement.entity.test.ts[22m[39m
[TEST SETUP] Loading .env.test from: C:\Users\moisreis\Projects\meta-investimentos\.env.test
Γùç injected env (1) from .env.test // tip: Γîÿ suppress logs { quiet: true }
[TEST SETUP] Dotenv result: {
  parsed: {
    DATABASE_URL: [32m'postgresql://neondb_owner:npg_RrVLk0A3iwGU@ep-muddy-band-acxjnbbp-pooler.sa-east-1.aws.neon.tech/neondb?sslmode=require&channel_binding=require'[39m
  }
}
[TEST SETUP] DATABASE_URL from .env.test: postgresql://neondb_owner:npg_RrVLk0A3iwGU@ep-muddy-band-acxjnbbp-pooler.sa-east-1.aws.neon.tech/neondb?sslmode=require&channel_binding=require
[TEST SETUP] Set TEST_DATABASE_URL from DATABASE_URL
[TEST SETUP] Deleted DATABASE_URL, TEST_DATABASE_URL: SET

[90mstdout[2m | __tests__/__unit__/infrastructure/fund/mappers/fund.mapper.test.ts[22m[39m
[TEST SETUP] Loading .env.test from: C:\Users\moisreis\Projects\meta-investimentos\.env.test
Γùç injected env (1) from .env.test // tip: Γùê encrypted .env [www.dotenvx.com]
[TEST SETUP] Dotenv result: {
  parsed: {
    DATABASE_URL: [32m'postgresql://neondb_owner:npg_RrVLk0A3iwGU@ep-muddy-band-acxjnbbp-pooler.sa-east-1.aws.neon.tech/neondb?sslmode=require&channel_binding=require'[39m
  }
}
[TEST SETUP] DATABASE_URL from .env.test: postgresql://neondb_owner:npg_RrVLk0A3iwGU@ep-muddy-band-acxjnbbp-pooler.sa-east-1.aws.neon.tech/neondb?sslmode=require&channel_binding=require
[TEST SETUP] Set TEST_DATABASE_URL from DATABASE_URL
[TEST SETUP] Deleted DATABASE_URL, TEST_DATABASE_URL: SET

[90mstdout[2m | __tests__/__unit__/infrastructure/withdrawal/mappers/withdrawal.mapper.test.ts[22m[39m
[TEST SETUP] Loading .env.test from: C:\Users\moisreis\Projects\meta-investimentos\.env.test
Γùç injected env (1) from .env.test // tip: Γîÿ multiple files { path: ['.env.local', '.env'] }
[TEST SETUP] Dotenv result: {
  parsed: {
    DATABASE_URL: [32m'postgresql://neondb_owner:npg_RrVLk0A3iwGU@ep-muddy-band-acxjnbbp-pooler.sa-east-1.aws.neon.tech/neondb?sslmode=require&channel_binding=require'[39m
  }
}
[TEST SETUP] DATABASE_URL from .env.test: postgresql://neondb_owner:npg_RrVLk0A3iwGU@ep-muddy-band-acxjnbbp-pooler.sa-east-1.aws.neon.tech/neondb?sslmode=require&channel_binding=require
[TEST SETUP] Set TEST_DATABASE_URL from DATABASE_URL
[TEST SETUP] Deleted DATABASE_URL, TEST_DATABASE_URL: SET

 [32mΓ£ô[39m [35m|unit|[39m __tests__/__unit__/domain/statement/entities/statement.entity.test.ts [2m ([22m[2m17 tests[22m[2m)[22m[90m 13[2mms[22m[39m
 [32mΓ£ô[39m [35m|unit|[39m __tests__/__unit__/services/withdrawal/use-cases/add-withdrawal.use-case.test.ts [2m ([22m[2m6 tests[22m[2m)[22m[90m 19[2mms[22m[39m
 [32mΓ£ô[39m [35m|unit|[39m __tests__/__unit__/services/fund/use-cases/update-fund.use-case.test.ts [2m ([22m[2m8 tests[22m[2m)[22m[90m 22[2mms[22m[39m
[90mstdout[2m | __tests__/__unit__/domain/transaction-allocation/entities/transaction-allocation.entity.test.ts[22m[39m
[TEST SETUP] Loading .env.test from: C:\Users\moisreis\Projects\meta-investimentos\.env.test
Γùç injected env (1) from .env.test // tip: Γîÿ enable debugging { debug: true }
[TEST SETUP] Dotenv result: {
  parsed: {
    DATABASE_URL: [32m'postgresql://neondb_owner:npg_RrVLk0A3iwGU@ep-muddy-band-acxjnbbp-pooler.sa-east-1.aws.neon.tech/neondb?sslmode=require&channel_binding=require'[39m
  }
}
[TEST SETUP] DATABASE_URL from .env.test: postgresql://neondb_owner:npg_RrVLk0A3iwGU@ep-muddy-band-acxjnbbp-pooler.sa-east-1.aws.neon.tech/neondb?sslmode=require&channel_binding=require
[TEST SETUP] Set TEST_DATABASE_URL from DATABASE_URL
[TEST SETUP] Deleted DATABASE_URL, TEST_DATABASE_URL: SET

 [32mΓ£ô[39m [35m|unit|[39m __tests__/__unit__/infrastructure/fund/mappers/fund.mapper.test.ts [2m ([22m[2m7 tests[22m[2m)[22m[90m 15[2mms[22m[39m
 [32mΓ£ô[39m [35m|unit|[39m __tests__/__unit__/infrastructure/withdrawal/mappers/withdrawal.mapper.test.ts [2m ([22m[2m6 tests[22m[2m)[22m[90m 14[2mms[22m[39m
[90mstdout[2m | __tests__/__unit__/domain/category/entities/category.entity.test.ts[22m[39m
[TEST SETUP] Loading .env.test from: C:\Users\moisreis\Projects\meta-investimentos\.env.test
Γùç injected env (1) from .env.test // tip: Γîÿ enable debugging { debug: true }
[TEST SETUP] Dotenv result: {
  parsed: {
    DATABASE_URL: [32m'postgresql://neondb_owner:npg_RrVLk0A3iwGU@ep-muddy-band-acxjnbbp-pooler.sa-east-1.aws.neon.tech/neondb?sslmode=require&channel_binding=require'[39m
  }
}
[TEST SETUP] DATABASE_URL from .env.test: postgresql://neondb_owner:npg_RrVLk0A3iwGU@ep-muddy-band-acxjnbbp-pooler.sa-east-1.aws.neon.tech/neondb?sslmode=require&channel_binding=require
[TEST SETUP] Set TEST_DATABASE_URL from DATABASE_URL
[TEST SETUP] Deleted DATABASE_URL, TEST_DATABASE_URL: SET

 [32mΓ£ô[39m [35m|unit|[39m __tests__/__unit__/domain/transaction-allocation/entities/transaction-allocation.entity.test.ts [2m ([22m[2m15 tests[22m[2m)[22m[90m 13[2mms[22m[39m
 [32mΓ£ô[39m [35m|unit|[39m __tests__/__unit__/domain/category/entities/category.entity.test.ts [2m ([22m[2m18 tests[22m[2m)[22m[90m 16[2mms[22m[39m
[90mstdout[2m | __tests__/__unit__/services/norm/use-cases/create-norm.use-case.test.ts[22m[39m
[TEST SETUP] Loading .env.test from: C:\Users\moisreis\Projects\meta-investimentos\.env.test
Γùç injected env (1) from .env.test // tip: Γîÿ enable debugging { debug: true }
[TEST SETUP] Dotenv result: {
  parsed: {
    DATABASE_URL: [32m'postgresql://neondb_owner:npg_RrVLk0A3iwGU@ep-muddy-band-acxjnbbp-pooler.sa-east-1.aws.neon.tech/neondb?sslmode=require&channel_binding=require'[39m
  }
}
[TEST SETUP] DATABASE_URL from .env.test: postgresql://neondb_owner:npg_RrVLk0A3iwGU@ep-muddy-band-acxjnbbp-pooler.sa-east-1.aws.neon.tech/neondb?sslmode=require&channel_binding=require
[TEST SETUP] Set TEST_DATABASE_URL from DATABASE_URL
[TEST SETUP] Deleted DATABASE_URL, TEST_DATABASE_URL: SET

[90mstdout[2m | __tests__/__unit__/infrastructure/account/mappers/account.mapper.test.ts[22m[39m
[TEST SETUP] Loading .env.test from: C:\Users\moisreis\Projects\meta-investimentos\.env.test
Γùç injected env (1) from .env.test // tip: Γîÿ suppress logs { quiet: true }
[TEST SETUP] Dotenv result: {
  parsed: {
    DATABASE_URL: [32m'postgresql://neondb_owner:npg_RrVLk0A3iwGU@ep-muddy-band-acxjnbbp-pooler.sa-east-1.aws.neon.tech/neondb?sslmode=require&channel_binding=require'[39m
  }
}
[TEST SETUP] DATABASE_URL from .env.test: postgresql://neondb_owner:npg_RrVLk0A3iwGU@ep-muddy-band-acxjnbbp-pooler.sa-east-1.aws.neon.tech/neondb?sslmode=require&channel_binding=require
[TEST SETUP] Set TEST_DATABASE_URL from DATABASE_URL
[TEST SETUP] Deleted DATABASE_URL, TEST_DATABASE_URL: SET

[90mstdout[2m | __tests__/__unit__/services/portfolio-performance/use-cases/list-portfolio-performance-by-range.use-case.test.ts[22m[39m
[TEST SETUP] Loading .env.test from: C:\Users\moisreis\Projects\meta-investimentos\.env.test
Γùç injected env (1) from .env.test // tip: Γùê secrets for agents [www.dotenvx.com]
[TEST SETUP] Dotenv result: {
  parsed: {
    DATABASE_URL: [32m'postgresql://neondb_owner:npg_RrVLk0A3iwGU@ep-muddy-band-acxjnbbp-pooler.sa-east-1.aws.neon.tech/neondb?sslmode=require&channel_binding=require'[39m
  }
}
[TEST SETUP] DATABASE_URL from .env.test: postgresql://neondb_owner:npg_RrVLk0A3iwGU@ep-muddy-band-acxjnbbp-pooler.sa-east-1.aws.neon.tech/neondb?sslmode=require&channel_binding=require
[TEST SETUP] Set TEST_DATABASE_URL from DATABASE_URL
[TEST SETUP] Deleted DATABASE_URL, TEST_DATABASE_URL: SET

[90mstdout[2m | __tests__/__unit__/services/user/use-cases/update-user.use-case.test.ts[22m[39m
[TEST SETUP] Loading .env.test from: C:\Users\moisreis\Projects\meta-investimentos\.env.test
Γùç injected env (1) from .env.test // tip: Γùê secrets for agents [www.dotenvx.com]
[TEST SETUP] Dotenv result: {
  parsed: {
    DATABASE_URL: [32m'postgresql://neondb_owner:npg_RrVLk0A3iwGU@ep-muddy-band-acxjnbbp-pooler.sa-east-1.aws.neon.tech/neondb?sslmode=require&channel_binding=require'[39m
  }
}
[TEST SETUP] DATABASE_URL from .env.test: postgresql://neondb_owner:npg_RrVLk0A3iwGU@ep-muddy-band-acxjnbbp-pooler.sa-east-1.aws.neon.tech/neondb?sslmode=require&channel_binding=require
[TEST SETUP] Set TEST_DATABASE_URL from DATABASE_URL
[TEST SETUP] Deleted DATABASE_URL, TEST_DATABASE_URL: SET

 [32mΓ£ô[39m [35m|unit|[39m __tests__/__unit__/services/norm/use-cases/create-norm.use-case.test.ts [2m ([22m[2m8 tests[22m[2m)[22m[90m 23[2mms[22m[39m
[90mstdout[2m | __tests__/__unit__/domain/account/entities/account.entity.test.ts[22m[39m
[TEST SETUP] Loading .env.test from: C:\Users\moisreis\Projects\meta-investimentos\.env.test
Γùç injected env (1) from .env.test // tip: Γîü auth for agents [www.vestauth.com]
[TEST SETUP] Dotenv result: {
  parsed: {
    DATABASE_URL: [32m'postgresql://neondb_owner:npg_RrVLk0A3iwGU@ep-muddy-band-acxjnbbp-pooler.sa-east-1.aws.neon.tech/neondb?sslmode=require&channel_binding=require'[39m
  }
}
[TEST SETUP] DATABASE_URL from .env.test: postgresql://neondb_owner:npg_RrVLk0A3iwGU@ep-muddy-band-acxjnbbp-pooler.sa-east-1.aws.neon.tech/neondb?sslmode=require&channel_binding=require
[TEST SETUP] Set TEST_DATABASE_URL from DATABASE_URL
[TEST SETUP] Deleted DATABASE_URL, TEST_DATABASE_URL: SET

 [32mΓ£ô[39m [35m|unit|[39m __tests__/__unit__/infrastructure/account/mappers/account.mapper.test.ts [2m ([22m[2m6 tests[22m[2m)[22m[90m 11[2mms[22m[39m
[90mstdout[2m | __tests__/__unit__/infrastructure/portfolio/mappers/portfolio.mapper.test.ts[22m[39m
[TEST SETUP] Loading .env.test from: C:\Users\moisreis\Projects\meta-investimentos\.env.test
Γùç injected env (1) from .env.test // tip: Γîÿ enable debugging { debug: true }
[TEST SETUP] Dotenv result: {
  parsed: {
    DATABASE_URL: [32m'postgresql://neondb_owner:npg_RrVLk0A3iwGU@ep-muddy-band-acxjnbbp-pooler.sa-east-1.aws.neon.tech/neondb?sslmode=require&channel_binding=require'[39m
  }
}
[TEST SETUP] DATABASE_URL from .env.test: postgresql://neondb_owner:npg_RrVLk0A3iwGU@ep-muddy-band-acxjnbbp-pooler.sa-east-1.aws.neon.tech/neondb?sslmode=require&channel_binding=require
[TEST SETUP] Set TEST_DATABASE_URL from DATABASE_URL
[TEST SETUP] Deleted DATABASE_URL, TEST_DATABASE_URL: SET

 [32mΓ£ô[39m [35m|unit|[39m __tests__/__unit__/services/portfolio-performance/use-cases/list-portfolio-performance-by-range.use-case.test.ts [2m ([22m[2m6 tests[22m[2m)[22m[90m 15[2mms[22m[39m
 [32mΓ£ô[39m [35m|unit|[39m __tests__/__unit__/services/user/use-cases/update-user.use-case.test.ts [2m ([22m[2m8 tests[22m[2m)[22m[90m 18[2mms[22m[39m
[90mstdout[2m | __tests__/__unit__/domain/quota/entities/quota.entity.test.ts[22m[39m
[TEST SETUP] Loading .env.test from: C:\Users\moisreis\Projects\meta-investimentos\.env.test
Γùç injected env (1) from .env.test // tip: Γùê secrets for agents [www.dotenvx.com]
[TEST SETUP] Dotenv result: {
  parsed: {
    DATABASE_URL: [32m'postgresql://neondb_owner:npg_RrVLk0A3iwGU@ep-muddy-band-acxjnbbp-pooler.sa-east-1.aws.neon.tech/neondb?sslmode=require&channel_binding=require'[39m
  }
}
[TEST SETUP] DATABASE_URL from .env.test: postgresql://neondb_owner:npg_RrVLk0A3iwGU@ep-muddy-band-acxjnbbp-pooler.sa-east-1.aws.neon.tech/neondb?sslmode=require&channel_binding=require
[TEST SETUP] Set TEST_DATABASE_URL from DATABASE_URL
[TEST SETUP] Deleted DATABASE_URL, TEST_DATABASE_URL: SET

 [32mΓ£ô[39m [35m|unit|[39m __tests__/__unit__/domain/account/entities/account.entity.test.ts [2m ([22m[2m14 tests[22m[2m)[22m[90m 11[2mms[22m[39m
 [32mΓ£ô[39m [35m|unit|[39m __tests__/__unit__/infrastructure/portfolio/mappers/portfolio.mapper.test.ts [2m ([22m[2m5 tests[22m[2m)[22m[90m 12[2mms[22m[39m
 [32mΓ£ô[39m [35m|unit|[39m __tests__/__unit__/domain/quota/entities/quota.entity.test.ts [2m ([22m[2m18 tests[22m[2m)[22m[90m 14[2mms[22m[39m
[90mstdout[2m | __tests__/__unit__/services/portfolio/use-cases/bulk-delete-portfolios.use-case.test.ts[22m[39m
[TEST SETUP] Loading .env.test from: C:\Users\moisreis\Projects\meta-investimentos\.env.test
Γùç injected env (1) from .env.test // tip: Γîÿ suppress logs { quiet: true }
[TEST SETUP] Dotenv result: {
  parsed: {
    DATABASE_URL: [32m'postgresql://neondb_owner:npg_RrVLk0A3iwGU@ep-muddy-band-acxjnbbp-pooler.sa-east-1.aws.neon.tech/neondb?sslmode=require&channel_binding=require'[39m
  }
}
[TEST SETUP] DATABASE_URL from .env.test: postgresql://neondb_owner:npg_RrVLk0A3iwGU@ep-muddy-band-acxjnbbp-pooler.sa-east-1.aws.neon.tech/neondb?sslmode=require&channel_binding=require
[TEST SETUP] Set TEST_DATABASE_URL from DATABASE_URL
[TEST SETUP] Deleted DATABASE_URL, TEST_DATABASE_URL: SET

[90mstdout[2m | __tests__/__unit__/infrastructure/statement/mappers/statement.mapper.test.ts[22m[39m
[TEST SETUP] Loading .env.test from: C:\Users\moisreis\Projects\meta-investimentos\.env.test
Γùç injected env (1) from .env.test // tip: Γîÿ custom filepath { path: '/custom/path/.env' }
[TEST SETUP] Dotenv result: {
  parsed: {
    DATABASE_URL: [32m'postgresql://neondb_owner:npg_RrVLk0A3iwGU@ep-muddy-band-acxjnbbp-pooler.sa-east-1.aws.neon.tech/neondb?sslmode=require&channel_binding=require'[39m
  }
}
[TEST SETUP] DATABASE_URL from .env.test: postgresql://neondb_owner:npg_RrVLk0A3iwGU@ep-muddy-band-acxjnbbp-pooler.sa-east-1.aws.neon.tech/neondb?sslmode=require&channel_binding=require
[TEST SETUP] Set TEST_DATABASE_URL from DATABASE_URL
[TEST SETUP] Deleted DATABASE_URL, TEST_DATABASE_URL: SET

[90mstdout[2m | __tests__/__unit__/domain/position/calculators/quotas-held.calculator.test.ts[22m[39m
[TEST SETUP] Loading .env.test from: C:\Users\moisreis\Projects\meta-investimentos\.env.test
Γùç injected env (1) from .env.test // tip: Γîÿ custom filepath { path: '/custom/path/.env' }
[TEST SETUP] Dotenv result: {
  parsed: {
    DATABASE_URL: [32m'postgresql://neondb_owner:npg_RrVLk0A3iwGU@ep-muddy-band-acxjnbbp-pooler.sa-east-1.aws.neon.tech/neondb?sslmode=require&channel_binding=require'[39m
  }
}
[TEST SETUP] DATABASE_URL from .env.test: postgresql://neondb_owner:npg_RrVLk0A3iwGU@ep-muddy-band-acxjnbbp-pooler.sa-east-1.aws.neon.tech/neondb?sslmode=require&channel_binding=require
[TEST SETUP] Set TEST_DATABASE_URL from DATABASE_URL
[TEST SETUP] Deleted DATABASE_URL, TEST_DATABASE_URL: SET

[90mstdout[2m | __tests__/__unit__/services/benchmark/use-cases/update-benchmark.use-case.test.ts[22m[39m
[TEST SETUP] Loading .env.test from: C:\Users\moisreis\Projects\meta-investimentos\.env.test
Γùç injected env (1) from .env.test // tip: Γîÿ enable debugging { debug: true }
[TEST SETUP] Dotenv result: {
  parsed: {
    DATABASE_URL: [32m'postgresql://neondb_owner:npg_RrVLk0A3iwGU@ep-muddy-band-acxjnbbp-pooler.sa-east-1.aws.neon.tech/neondb?sslmode=require&channel_binding=require'[39m
  }
}
[TEST SETUP] DATABASE_URL from .env.test: postgresql://neondb_owner:npg_RrVLk0A3iwGU@ep-muddy-band-acxjnbbp-pooler.sa-east-1.aws.neon.tech/neondb?sslmode=require&channel_binding=require
[TEST SETUP] Set TEST_DATABASE_URL from DATABASE_URL
[TEST SETUP] Deleted DATABASE_URL, TEST_DATABASE_URL: SET

[90mstdout[2m | __tests__/__unit__/services/transaction-allocation/use-cases/allocate-transaction.use-case.test.ts[22m[39m
[TEST SETUP] Loading .env.test from: C:\Users\moisreis\Projects\meta-investimentos\.env.test
Γùç injected env (1) from .env.test // tip: Γîÿ enable debugging { debug: true }
[TEST SETUP] Dotenv result: {
  parsed: {
    DATABASE_URL: [32m'postgresql://neondb_owner:npg_RrVLk0A3iwGU@ep-muddy-band-acxjnbbp-pooler.sa-east-1.aws.neon.tech/neondb?sslmode=require&channel_binding=require'[39m
  }
}
[TEST SETUP] DATABASE_URL from .env.test: postgresql://neondb_owner:npg_RrVLk0A3iwGU@ep-muddy-band-acxjnbbp-pooler.sa-east-1.aws.neon.tech/neondb?sslmode=require&channel_binding=require
[TEST SETUP] Set TEST_DATABASE_URL from DATABASE_URL
[TEST SETUP] Deleted DATABASE_URL, TEST_DATABASE_URL: SET

 [32mΓ£ô[39m [35m|unit|[39m __tests__/__unit__/infrastructure/statement/mappers/statement.mapper.test.ts [2m ([22m[2m8 tests[22m[2m)[22m[90m 12[2mms[22m[39m
 [32mΓ£ô[39m [35m|unit|[39m __tests__/__unit__/services/portfolio/use-cases/bulk-delete-portfolios.use-case.test.ts [2m ([22m[2m6 tests[22m[2m)[22m[90m 9[2mms[22m[39m
[90mstdout[2m | __tests__/__unit__/domain/position/calculators/position-weight.calculator.test.ts[22m[39m
[TEST SETUP] Loading .env.test from: C:\Users\moisreis\Projects\meta-investimentos\.env.test
Γùç injected env (1) from .env.test // tip: Γîÿ multiple files { path: ['.env.local', '.env'] }
[TEST SETUP] Dotenv result: {
  parsed: {
    DATABASE_URL: [32m'postgresql://neondb_owner:npg_RrVLk0A3iwGU@ep-muddy-band-acxjnbbp-pooler.sa-east-1.aws.neon.tech/neondb?sslmode=require&channel_binding=require'[39m
  }
}
[TEST SETUP] DATABASE_URL from .env.test: postgresql://neondb_owner:npg_RrVLk0A3iwGU@ep-muddy-band-acxjnbbp-pooler.sa-east-1.aws.neon.tech/neondb?sslmode=require&channel_binding=require
[TEST SETUP] Set TEST_DATABASE_URL from DATABASE_URL
[TEST SETUP] Deleted DATABASE_URL, TEST_DATABASE_URL: SET

 [32mΓ£ô[39m [35m|unit|[39m __tests__/__unit__/domain/position/calculators/quotas-held.calculator.test.ts [2m ([22m[2m9 tests[22m[2m)[22m[90m 9[2mms[22m[39m
 [32mΓ£ô[39m [35m|unit|[39m __tests__/__unit__/services/benchmark/use-cases/update-benchmark.use-case.test.ts [2m ([22m[2m7 tests[22m[2m)[22m[90m 14[2mms[22m[39m
[90mstdout[2m | __tests__/__unit__/services/portfolio/use-cases/create-portfolio.use-case.test.ts[22m[39m
[TEST SETUP] Loading .env.test from: C:\Users\moisreis\Projects\meta-investimentos\.env.test
Γùç injected env (1) from .env.test // tip: Γîÿ suppress logs { quiet: true }
[TEST SETUP] Dotenv result: {
  parsed: {
    DATABASE_URL: [32m'postgresql://neondb_owner:npg_RrVLk0A3iwGU@ep-muddy-band-acxjnbbp-pooler.sa-east-1.aws.neon.tech/neondb?sslmode=require&channel_binding=require'[39m
  }
}
[TEST SETUP] DATABASE_URL from .env.test: postgresql://neondb_owner:npg_RrVLk0A3iwGU@ep-muddy-band-acxjnbbp-pooler.sa-east-1.aws.neon.tech/neondb?sslmode=require&channel_binding=require
[TEST SETUP] Set TEST_DATABASE_URL from DATABASE_URL
[TEST SETUP] Deleted DATABASE_URL, TEST_DATABASE_URL: SET

 [32mΓ£ô[39m [35m|unit|[39m __tests__/__unit__/services/transaction-allocation/use-cases/allocate-transaction.use-case.test.ts [2m ([22m[2m5 tests[22m[2m)[22m[90m 15[2mms[22m[39m
 [32mΓ£ô[39m [35m|unit|[39m __tests__/__unit__/domain/position/calculators/position-weight.calculator.test.ts [2m ([22m[2m12 tests[22m[2m)[22m[90m 11[2mms[22m[39m
 [32mΓ£ô[39m [35m|unit|[39m __tests__/__unit__/services/portfolio/use-cases/create-portfolio.use-case.test.ts [2m ([22m[2m7 tests[22m[2m)[22m[90m 19[2mms[22m[39m
[90mstdout[2m | __tests__/__unit__/services/bank/use-cases/update-bank.use-case.test.ts[22m[39m
[TEST SETUP] Loading .env.test from: C:\Users\moisreis\Projects\meta-investimentos\.env.test
Γùç injected env (1) from .env.test // tip: Γîÿ multiple files { path: ['.env.local', '.env'] }
[TEST SETUP] Dotenv result: {
  parsed: {
    DATABASE_URL: [32m'postgresql://neondb_owner:npg_RrVLk0A3iwGU@ep-muddy-band-acxjnbbp-pooler.sa-east-1.aws.neon.tech/neondb?sslmode=require&channel_binding=require'[39m
  }
}
[TEST SETUP] DATABASE_URL from .env.test: postgresql://neondb_owner:npg_RrVLk0A3iwGU@ep-muddy-band-acxjnbbp-pooler.sa-east-1.aws.neon.tech/neondb?sslmode=require&channel_binding=require
[TEST SETUP] Set TEST_DATABASE_URL from DATABASE_URL
[TEST SETUP] Deleted DATABASE_URL, TEST_DATABASE_URL: SET

[90mstdout[2m | __tests__/__unit__/infrastructure/norm/mappers/norm.mapper.test.ts[22m[39m
[TEST SETUP] Loading .env.test from: C:\Users\moisreis\Projects\meta-investimentos\.env.test
Γùç injected env (1) from .env.test // tip: Γîÿ suppress logs { quiet: true }
[TEST SETUP] Dotenv result: {
  parsed: {
    DATABASE_URL: [32m'postgresql://neondb_owner:npg_RrVLk0A3iwGU@ep-muddy-band-acxjnbbp-pooler.sa-east-1.aws.neon.tech/neondb?sslmode=require&channel_binding=require'[39m
  }
}
[TEST SETUP] DATABASE_URL from .env.test: postgresql://neondb_owner:npg_RrVLk0A3iwGU@ep-muddy-band-acxjnbbp-pooler.sa-east-1.aws.neon.tech/neondb?sslmode=require&channel_binding=require
[TEST SETUP] Set TEST_DATABASE_URL from DATABASE_URL
[TEST SETUP] Deleted DATABASE_URL, TEST_DATABASE_URL: SET

[90mstdout[2m | __tests__/__unit__/services/fund/use-cases/create-fund.use-case.test.ts[22m[39m
[TEST SETUP] Loading .env.test from: C:\Users\moisreis\Projects\meta-investimentos\.env.test
Γùç injected env (1) from .env.test // tip: Γùê encrypted .env [www.dotenvx.com]
[TEST SETUP] Dotenv result: {
  parsed: {
    DATABASE_URL: [32m'postgresql://neondb_owner:npg_RrVLk0A3iwGU@ep-muddy-band-acxjnbbp-pooler.sa-east-1.aws.neon.tech/neondb?sslmode=require&channel_binding=require'[39m
  }
}
[TEST SETUP] DATABASE_URL from .env.test: postgresql://neondb_owner:npg_RrVLk0A3iwGU@ep-muddy-band-acxjnbbp-pooler.sa-east-1.aws.neon.tech/neondb?sslmode=require&channel_binding=require
[TEST SETUP] Set TEST_DATABASE_URL from DATABASE_URL
[TEST SETUP] Deleted DATABASE_URL, TEST_DATABASE_URL: SET

[90mstdout[2m | __tests__/__unit__/domain/audit-log/entities/audit-log.entity.test.ts[22m[39m
[TEST SETUP] Loading .env.test from: C:\Users\moisreis\Projects\meta-investimentos\.env.test
Γùç injected env (1) from .env.test // tip: Γùê encrypted .env [www.dotenvx.com]
[TEST SETUP] Dotenv result: {
  parsed: {
    DATABASE_URL: [32m'postgresql://neondb_owner:npg_RrVLk0A3iwGU@ep-muddy-band-acxjnbbp-pooler.sa-east-1.aws.neon.tech/neondb?sslmode=require&channel_binding=require'[39m
  }
}
[TEST SETUP] DATABASE_URL from .env.test: postgresql://neondb_owner:npg_RrVLk0A3iwGU@ep-muddy-band-acxjnbbp-pooler.sa-east-1.aws.neon.tech/neondb?sslmode=require&channel_binding=require
[TEST SETUP] Set TEST_DATABASE_URL from DATABASE_URL
[TEST SETUP] Deleted DATABASE_URL, TEST_DATABASE_URL: SET

 [32mΓ£ô[39m [35m|unit|[39m __tests__/__unit__/infrastructure/norm/mappers/norm.mapper.test.ts [2m ([22m[2m5 tests[22m[2m)[22m[90m 16[2mms[22m[39m
 [32mΓ£ô[39m [35m|unit|[39m __tests__/__unit__/services/bank/use-cases/update-bank.use-case.test.ts [2m ([22m[2m7 tests[22m[2m)[22m[90m 17[2mms[22m[39m
[90mstdout[2m | __tests__/__unit__/infrastructure/user/mappers/user.mapper.test.ts[22m[39m
[TEST SETUP] Loading .env.test from: C:\Users\moisreis\Projects\meta-investimentos\.env.test
Γùç injected env (1) from .env.test // tip: Γîÿ multiple files { path: ['.env.local', '.env'] }
[TEST SETUP] Dotenv result: {
  parsed: {
    DATABASE_URL: [32m'postgresql://neondb_owner:npg_RrVLk0A3iwGU@ep-muddy-band-acxjnbbp-pooler.sa-east-1.aws.neon.tech/neondb?sslmode=require&channel_binding=require'[39m
  }
}
[TEST SETUP] DATABASE_URL from .env.test: postgresql://neondb_owner:npg_RrVLk0A3iwGU@ep-muddy-band-acxjnbbp-pooler.sa-east-1.aws.neon.tech/neondb?sslmode=require&channel_binding=require
[TEST SETUP] Set TEST_DATABASE_URL from DATABASE_URL
[TEST SETUP] Deleted DATABASE_URL, TEST_DATABASE_URL: SET

[90mstdout[2m | __tests__/__unit__/services/transaction-allocation/mappers/transaction-allocation.mapper.test.ts[22m[39m
[TEST SETUP] Loading .env.test from: C:\Users\moisreis\Projects\meta-investimentos\.env.test
Γùç injected env (1) from .env.test // tip: Γîÿ custom filepath { path: '/custom/path/.env' }
[TEST SETUP] Dotenv result: {
  parsed: {
    DATABASE_URL: [32m'postgresql://neondb_owner:npg_RrVLk0A3iwGU@ep-muddy-band-acxjnbbp-pooler.sa-east-1.aws.neon.tech/neondb?sslmode=require&channel_binding=require'[39m
  }
}
[TEST SETUP] DATABASE_URL from .env.test: postgresql://neondb_owner:npg_RrVLk0A3iwGU@ep-muddy-band-acxjnbbp-pooler.sa-east-1.aws.neon.tech/neondb?sslmode=require&channel_binding=require
[TEST SETUP] Set TEST_DATABASE_URL from DATABASE_URL
[TEST SETUP] Deleted DATABASE_URL, TEST_DATABASE_URL: SET

 [32mΓ£ô[39m [35m|unit|[39m __tests__/__unit__/domain/audit-log/entities/audit-log.entity.test.ts [2m ([22m[2m16 tests[22m[2m)[22m[90m 14[2mms[22m[39m
 [32mΓ£ô[39m [35m|unit|[39m __tests__/__unit__/services/fund/use-cases/create-fund.use-case.test.ts [2m ([22m[2m9 tests[22m[2m)[22m[90m 40[2mms[22m[39m
[90mstdout[2m | __tests__/__unit__/services/checking-account/mappers/checking-account.mapper.test.ts[22m[39m
[TEST SETUP] Loading .env.test from: C:\Users\moisreis\Projects\meta-investimentos\.env.test
Γùç injected env (1) from .env.test // tip: Γîÿ multiple files { path: ['.env.local', '.env'] }
[TEST SETUP] Dotenv result: {
  parsed: {
    DATABASE_URL: [32m'postgresql://neondb_owner:npg_RrVLk0A3iwGU@ep-muddy-band-acxjnbbp-pooler.sa-east-1.aws.neon.tech/neondb?sslmode=require&channel_binding=require'[39m
  }
}
[TEST SETUP] DATABASE_URL from .env.test: postgresql://neondb_owner:npg_RrVLk0A3iwGU@ep-muddy-band-acxjnbbp-pooler.sa-east-1.aws.neon.tech/neondb?sslmode=require&channel_binding=require
[TEST SETUP] Set TEST_DATABASE_URL from DATABASE_URL
[TEST SETUP] Deleted DATABASE_URL, TEST_DATABASE_URL: SET

 [32mΓ£ô[39m [35m|unit|[39m __tests__/__unit__/services/transaction-allocation/mappers/transaction-allocation.mapper.test.ts [2m ([22m[2m12 tests[22m[2m)[22m[90m 15[2mms[22m[39m
 [32mΓ£ô[39m [35m|unit|[39m __tests__/__unit__/infrastructure/user/mappers/user.mapper.test.ts [2m ([22m[2m7 tests[22m[2m)[22m[90m 11[2mms[22m[39m
[90mstdout[2m | __tests__/__unit__/services/bank-account/use-cases/list-bank-accounts.use-case.test.ts[22m[39m
[TEST SETUP] Loading .env.test from: C:\Users\moisreis\Projects\meta-investimentos\.env.test
Γùç injected env (1) from .env.test // tip: Γîÿ multiple files { path: ['.env.local', '.env'] }
[TEST SETUP] Dotenv result: {
  parsed: {
    DATABASE_URL: [32m'postgresql://neondb_owner:npg_RrVLk0A3iwGU@ep-muddy-band-acxjnbbp-pooler.sa-east-1.aws.neon.tech/neondb?sslmode=require&channel_binding=require'[39m
  }
}
[TEST SETUP] DATABASE_URL from .env.test: postgresql://neondb_owner:npg_RrVLk0A3iwGU@ep-muddy-band-acxjnbbp-pooler.sa-east-1.aws.neon.tech/neondb?sslmode=require&channel_binding=require
[TEST SETUP] Set TEST_DATABASE_URL from DATABASE_URL
[TEST SETUP] Deleted DATABASE_URL, TEST_DATABASE_URL: SET

 [32mΓ£ô[39m [35m|unit|[39m __tests__/__unit__/services/checking-account/mappers/checking-account.mapper.test.ts [2m ([22m[2m11 tests[22m[2m)[22m[90m 15[2mms[22m[39m
[90mstdout[2m | __tests__/__unit__/services/portfolio-performance/use-cases/get-portfolio-performance.use-case.test.ts[22m[39m
[TEST SETUP] Loading .env.test from: C:\Users\moisreis\Projects\meta-investimentos\.env.test
Γùç injected env (1) from .env.test // tip: Γîÿ override existing { override: true }
[TEST SETUP] Dotenv result: {
  parsed: {
    DATABASE_URL: [32m'postgresql://neondb_owner:npg_RrVLk0A3iwGU@ep-muddy-band-acxjnbbp-pooler.sa-east-1.aws.neon.tech/neondb?sslmode=require&channel_binding=require'[39m
  }
}
[TEST SETUP] DATABASE_URL from .env.test: postgresql://neondb_owner:npg_RrVLk0A3iwGU@ep-muddy-band-acxjnbbp-pooler.sa-east-1.aws.neon.tech/neondb?sslmode=require&channel_binding=require
[TEST SETUP] Set TEST_DATABASE_URL from DATABASE_URL
[TEST SETUP] Deleted DATABASE_URL, TEST_DATABASE_URL: SET

[90mstdout[2m | __tests__/__unit__/services/portfolio/use-cases/list-portfolio-row-summaries.use-case.test.ts[22m[39m
[TEST SETUP] Loading .env.test from: C:\Users\moisreis\Projects\meta-investimentos\.env.test
Γùç injected env (1) from .env.test // tip: Γùê encrypted .env [www.dotenvx.com]
[TEST SETUP] Dotenv result: {
  parsed: {
    DATABASE_URL: [32m'postgresql://neondb_owner:npg_RrVLk0A3iwGU@ep-muddy-band-acxjnbbp-pooler.sa-east-1.aws.neon.tech/neondb?sslmode=require&channel_binding=require'[39m
  }
}
[TEST SETUP] DATABASE_URL from .env.test: postgresql://neondb_owner:npg_RrVLk0A3iwGU@ep-muddy-band-acxjnbbp-pooler.sa-east-1.aws.neon.tech/neondb?sslmode=require&channel_binding=require
[TEST SETUP] Set TEST_DATABASE_URL from DATABASE_URL
[TEST SETUP] Deleted DATABASE_URL, TEST_DATABASE_URL: SET

 [32mΓ£ô[39m [35m|unit|[39m __tests__/__unit__/services/bank-account/use-cases/list-bank-accounts.use-case.test.ts [2m ([22m[2m3 tests[22m[2m)[22m[90m 9[2mms[22m[39m
[90mstdout[2m | __tests__/__unit__/services/position-performance/use-cases/list-all-position-performances.use-case.test.ts[22m[39m
[TEST SETUP] Loading .env.test from: C:\Users\moisreis\Projects\meta-investimentos\.env.test
Γùç injected env (1) from .env.test // tip: Γùê encrypted .env [www.dotenvx.com]
[TEST SETUP] Dotenv result: {
  parsed: {
    DATABASE_URL: [32m'postgresql://neondb_owner:npg_RrVLk0A3iwGU@ep-muddy-band-acxjnbbp-pooler.sa-east-1.aws.neon.tech/neondb?sslmode=require&channel_binding=require'[39m
  }
}
[TEST SETUP] DATABASE_URL from .env.test: postgresql://neondb_owner:npg_RrVLk0A3iwGU@ep-muddy-band-acxjnbbp-pooler.sa-east-1.aws.neon.tech/neondb?sslmode=require&channel_binding=require
[TEST SETUP] Set TEST_DATABASE_URL from DATABASE_URL
[TEST SETUP] Deleted DATABASE_URL, TEST_DATABASE_URL: SET

 [32mΓ£ô[39m [35m|unit|[39m __tests__/__unit__/services/portfolio-performance/use-cases/get-portfolio-performance.use-case.test.ts [2m ([22m[2m5 tests[22m[2m)[22m[90m 19[2mms[22m[39m
[90mstdout[2m | __tests__/__unit__/domain/session/entities/session.entity.test.ts[22m[39m
[TEST SETUP] Loading .env.test from: C:\Users\moisreis\Projects\meta-investimentos\.env.test
Γùç injected env (1) from .env.test // tip: Γîÿ override existing { override: true }
[TEST SETUP] Dotenv result: {
  parsed: {
    DATABASE_URL: [32m'postgresql://neondb_owner:npg_RrVLk0A3iwGU@ep-muddy-band-acxjnbbp-pooler.sa-east-1.aws.neon.tech/neondb?sslmode=require&channel_binding=require'[39m
  }
}
[TEST SETUP] DATABASE_URL from .env.test: postgresql://neondb_owner:npg_RrVLk0A3iwGU@ep-muddy-band-acxjnbbp-pooler.sa-east-1.aws.neon.tech/neondb?sslmode=require&channel_binding=require
[TEST SETUP] Set TEST_DATABASE_URL from DATABASE_URL
[TEST SETUP] Deleted DATABASE_URL, TEST_DATABASE_URL: SET

[90mstdout[2m | __tests__/__unit__/services/benchmark-history/use-cases/list-benchmark-history.use-case.test.ts[22m[39m
[TEST SETUP] Loading .env.test from: C:\Users\moisreis\Projects\meta-investimentos\.env.test
Γùç injected env (1) from .env.test // tip: Γîÿ custom filepath { path: '/custom/path/.env' }
[TEST SETUP] Dotenv result: {
  parsed: {
    DATABASE_URL: [32m'postgresql://neondb_owner:npg_RrVLk0A3iwGU@ep-muddy-band-acxjnbbp-pooler.sa-east-1.aws.neon.tech/neondb?sslmode=require&channel_binding=require'[39m
  }
}
[TEST SETUP] DATABASE_URL from .env.test: postgresql://neondb_owner:npg_RrVLk0A3iwGU@ep-muddy-band-acxjnbbp-pooler.sa-east-1.aws.neon.tech/neondb?sslmode=require&channel_binding=require
[TEST SETUP] Set TEST_DATABASE_URL from DATABASE_URL
[TEST SETUP] Deleted DATABASE_URL, TEST_DATABASE_URL: SET

 [32mΓ£ô[39m [35m|unit|[39m __tests__/__unit__/services/portfolio/use-cases/list-portfolio-row-summaries.use-case.test.ts [2m ([22m[2m6 tests[22m[2m)[22m[90m 12[2mms[22m[39m
 [32mΓ£ô[39m [35m|unit|[39m __tests__/__unit__/services/position-performance/use-cases/list-all-position-performances.use-case.test.ts [2m ([22m[2m5 tests[22m[2m)[22m[90m 15[2mms[22m[39m
[90mstdout[2m | __tests__/__unit__/services/benchmark-history/mappers/benchmark-history.mapper.test.ts[22m[39m
[TEST SETUP] Loading .env.test from: C:\Users\moisreis\Projects\meta-investimentos\.env.test
Γùç injected env (1) from .env.test // tip: Γùê secrets for agents [www.dotenvx.com]
[TEST SETUP] Dotenv result: {
  parsed: {
    DATABASE_URL: [32m'postgresql://neondb_owner:npg_RrVLk0A3iwGU@ep-muddy-band-acxjnbbp-pooler.sa-east-1.aws.neon.tech/neondb?sslmode=require&channel_binding=require'[39m
  }
}
[TEST SETUP] DATABASE_URL from .env.test: postgresql://neondb_owner:npg_RrVLk0A3iwGU@ep-muddy-band-acxjnbbp-pooler.sa-east-1.aws.neon.tech/neondb?sslmode=require&channel_binding=require
[TEST SETUP] Set TEST_DATABASE_URL from DATABASE_URL
[TEST SETUP] Deleted DATABASE_URL, TEST_DATABASE_URL: SET

 [32mΓ£ô[39m [35m|unit|[39m __tests__/__unit__/domain/session/entities/session.entity.test.ts [2m ([22m[2m15 tests[22m[2m)[22m[90m 12[2mms[22m[39m
 [32mΓ£ô[39m [35m|unit|[39m __tests__/__unit__/services/benchmark-history/use-cases/list-benchmark-history.use-case.test.ts [2m ([22m[2m3 tests[22m[2m)[22m[90m 13[2mms[22m[39m
 [32mΓ£ô[39m [35m|unit|[39m __tests__/__unit__/services/benchmark-history/mappers/benchmark-history.mapper.test.ts [2m ([22m[2m12 tests[22m[2m)[22m[90m 13[2mms[22m[39m
[90mstdout[2m | __tests__/__unit__/services/position/use-cases/update-position.use-case.test.ts[22m[39m
[TEST SETUP] Loading .env.test from: C:\Users\moisreis\Projects\meta-investimentos\.env.test
Γùç injected env (1) from .env.test // tip: Γùê secrets for agents [www.dotenvx.com]
[TEST SETUP] Dotenv result: {
  parsed: {
    DATABASE_URL: [32m'postgresql://neondb_owner:npg_RrVLk0A3iwGU@ep-muddy-band-acxjnbbp-pooler.sa-east-1.aws.neon.tech/neondb?sslmode=require&channel_binding=require'[39m
  }
}
[TEST SETUP] DATABASE_URL from .env.test: postgresql://neondb_owner:npg_RrVLk0A3iwGU@ep-muddy-band-acxjnbbp-pooler.sa-east-1.aws.neon.tech/neondb?sslmode=require&channel_binding=require
[TEST SETUP] Set TEST_DATABASE_URL from DATABASE_URL
[TEST SETUP] Deleted DATABASE_URL, TEST_DATABASE_URL: SET

[90mstdout[2m | __tests__/__unit__/services/benchmark-history/use-cases/record-benchmark-history.use-case.test.ts[22m[39m
[TEST SETUP] Loading .env.test from: C:\Users\moisreis\Projects\meta-investimentos\.env.test
Γùç injected env (1) from .env.test // tip: Γîÿ custom filepath { path: '/custom/path/.env' }
[TEST SETUP] Dotenv result: {
  parsed: {
    DATABASE_URL: [32m'postgresql://neondb_owner:npg_RrVLk0A3iwGU@ep-muddy-band-acxjnbbp-pooler.sa-east-1.aws.neon.tech/neondb?sslmode=require&channel_binding=require'[39m
  }
}
[TEST SETUP] DATABASE_URL from .env.test: postgresql://neondb_owner:npg_RrVLk0A3iwGU@ep-muddy-band-acxjnbbp-pooler.sa-east-1.aws.neon.tech/neondb?sslmode=require&channel_binding=require
[TEST SETUP] Set TEST_DATABASE_URL from DATABASE_URL
[TEST SETUP] Deleted DATABASE_URL, TEST_DATABASE_URL: SET

[90mstdout[2m | __tests__/__unit__/services/quota/use-cases/list-all-quotas.use-case.test.ts[22m[39m
[TEST SETUP] Loading .env.test from: C:\Users\moisreis\Projects\meta-investimentos\.env.test
Γùç injected env (1) from .env.test // tip: Γîÿ override existing { override: true }
[TEST SETUP] Dotenv result: {
  parsed: {
    DATABASE_URL: [32m'postgresql://neondb_owner:npg_RrVLk0A3iwGU@ep-muddy-band-acxjnbbp-pooler.sa-east-1.aws.neon.tech/neondb?sslmode=require&channel_binding=require'[39m
  }
}
[TEST SETUP] DATABASE_URL from .env.test: postgresql://neondb_owner:npg_RrVLk0A3iwGU@ep-muddy-band-acxjnbbp-pooler.sa-east-1.aws.neon.tech/neondb?sslmode=require&channel_binding=require
[TEST SETUP] Set TEST_DATABASE_URL from DATABASE_URL
[TEST SETUP] Deleted DATABASE_URL, TEST_DATABASE_URL: SET

[90mstdout[2m | __tests__/__unit__/services/checking-account/use-cases/list-checking-accounts-by-bank-accounts.use-case.test.ts[22m[39m
[TEST SETUP] Loading .env.test from: C:\Users\moisreis\Projects\meta-investimentos\.env.test
Γùç injected env (1) from .env.test // tip: Γîÿ enable debugging { debug: true }
[TEST SETUP] Dotenv result: {
  parsed: {
    DATABASE_URL: [32m'postgresql://neondb_owner:npg_RrVLk0A3iwGU@ep-muddy-band-acxjnbbp-pooler.sa-east-1.aws.neon.tech/neondb?sslmode=require&channel_binding=require'[39m
  }
}
[TEST SETUP] DATABASE_URL from .env.test: postgresql://neondb_owner:npg_RrVLk0A3iwGU@ep-muddy-band-acxjnbbp-pooler.sa-east-1.aws.neon.tech/neondb?sslmode=require&channel_binding=require
[TEST SETUP] Set TEST_DATABASE_URL from DATABASE_URL
[TEST SETUP] Deleted DATABASE_URL, TEST_DATABASE_URL: SET

 [32mΓ£ô[39m [35m|unit|[39m __tests__/__unit__/services/position/use-cases/update-position.use-case.test.ts [2m ([22m[2m6 tests[22m[2m)[22m[90m 17[2mms[22m[39m
 [32mΓ£ô[39m [35m|unit|[39m __tests__/__unit__/services/benchmark-history/use-cases/record-benchmark-history.use-case.test.ts [2m ([22m[2m5 tests[22m[2m)[22m[90m 17[2mms[22m[39m
 [32mΓ£ô[39m [35m|unit|[39m __tests__/__unit__/services/quota/use-cases/list-all-quotas.use-case.test.ts [2m ([22m[2m6 tests[22m[2m)[22m[90m 15[2mms[22m[39m
[90mstdout[2m | __tests__/__unit__/infrastructure/bank/mappers/bank.mapper.test.ts[22m[39m
[TEST SETUP] Loading .env.test from: C:\Users\moisreis\Projects\meta-investimentos\.env.test
Γùç injected env (1) from .env.test // tip: Γîÿ custom filepath { path: '/custom/path/.env' }
[TEST SETUP] Dotenv result: {
  parsed: {
    DATABASE_URL: [32m'postgresql://neondb_owner:npg_RrVLk0A3iwGU@ep-muddy-band-acxjnbbp-pooler.sa-east-1.aws.neon.tech/neondb?sslmode=require&channel_binding=require'[39m
  }
}
[TEST SETUP] DATABASE_URL from .env.test: postgresql://neondb_owner:npg_RrVLk0A3iwGU@ep-muddy-band-acxjnbbp-pooler.sa-east-1.aws.neon.tech/neondb?sslmode=require&channel_binding=require
[TEST SETUP] Set TEST_DATABASE_URL from DATABASE_URL
[TEST SETUP] Deleted DATABASE_URL, TEST_DATABASE_URL: SET

 [32mΓ£ô[39m [35m|unit|[39m __tests__/__unit__/services/checking-account/use-cases/list-checking-accounts-by-bank-accounts.use-case.test.ts [2m ([22m[2m4 tests[22m[2m)[22m[90m 12[2mms[22m[39m
[90mstdout[2m | __tests__/__unit__/domain/verification/entities/verification.entity.test.ts[22m[39m
[TEST SETUP] Loading .env.test from: C:\Users\moisreis\Projects\meta-investimentos\.env.test
Γùç injected env (1) from .env.test // tip: Γùê encrypted .env [www.dotenvx.com]
[TEST SETUP] Dotenv result: {
  parsed: {
    DATABASE_URL: [32m'postgresql://neondb_owner:npg_RrVLk0A3iwGU@ep-muddy-band-acxjnbbp-pooler.sa-east-1.aws.neon.tech/neondb?sslmode=require&channel_binding=require'[39m
  }
}
[TEST SETUP] DATABASE_URL from .env.test: postgresql://neondb_owner:npg_RrVLk0A3iwGU@ep-muddy-band-acxjnbbp-pooler.sa-east-1.aws.neon.tech/neondb?sslmode=require&channel_binding=require
[TEST SETUP] Set TEST_DATABASE_URL from DATABASE_URL
[TEST SETUP] Deleted DATABASE_URL, TEST_DATABASE_URL: SET

[90mstdout[2m | __tests__/__unit__/domain/portfolio/calculators/daily-factor.calculator.test.ts[22m[39m
[TEST SETUP] Loading .env.test from: C:\Users\moisreis\Projects\meta-investimentos\.env.test
Γùç injected env (1) from .env.test // tip: Γîÿ custom filepath { path: '/custom/path/.env' }
[TEST SETUP] Dotenv result: {
  parsed: {
    DATABASE_URL: [32m'postgresql://neondb_owner:npg_RrVLk0A3iwGU@ep-muddy-band-acxjnbbp-pooler.sa-east-1.aws.neon.tech/neondb?sslmode=require&channel_binding=require'[39m
  }
}
[TEST SETUP] DATABASE_URL from .env.test: postgresql://neondb_owner:npg_RrVLk0A3iwGU@ep-muddy-band-acxjnbbp-pooler.sa-east-1.aws.neon.tech/neondb?sslmode=require&channel_binding=require
[TEST SETUP] Set TEST_DATABASE_URL from DATABASE_URL
[TEST SETUP] Deleted DATABASE_URL, TEST_DATABASE_URL: SET

 [32mΓ£ô[39m [35m|unit|[39m __tests__/__unit__/infrastructure/bank/mappers/bank.mapper.test.ts [2m ([22m[2m6 tests[22m[2m)[22m[90m 14[2mms[22m[39m
 [32mΓ£ô[39m [35m|unit|[39m __tests__/__unit__/domain/verification/entities/verification.entity.test.ts [2m ([22m[2m14 tests[22m[2m)[22m[90m 10[2mms[22m[39m
 [32mΓ£ô[39m [35m|unit|[39m __tests__/__unit__/domain/portfolio/calculators/daily-factor.calculator.test.ts [2m ([22m[2m7 tests[22m[2m)[22m[90m 9[2mms[22m[39m
[90mstdout[2m | __tests__/__unit__/infrastructure/transaction-allocation/mappers/transaction-allocation.mapper.test.ts[22m[39m
[TEST SETUP] Loading .env.test from: C:\Users\moisreis\Projects\meta-investimentos\.env.test
Γùç injected env (1) from .env.test // tip: Γîÿ enable debugging { debug: true }
[TEST SETUP] Dotenv result: {
  parsed: {
    DATABASE_URL: [32m'postgresql://neondb_owner:npg_RrVLk0A3iwGU@ep-muddy-band-acxjnbbp-pooler.sa-east-1.aws.neon.tech/neondb?sslmode=require&channel_binding=require'[39m
  }
}
[TEST SETUP] DATABASE_URL from .env.test: postgresql://neondb_owner:npg_RrVLk0A3iwGU@ep-muddy-band-acxjnbbp-pooler.sa-east-1.aws.neon.tech/neondb?sslmode=require&channel_binding=require
[TEST SETUP] Set TEST_DATABASE_URL from DATABASE_URL
[TEST SETUP] Deleted DATABASE_URL, TEST_DATABASE_URL: SET

[90mstdout[2m | __tests__/__unit__/services/category/use-cases/update-category.use-case.test.ts[22m[39m
[TEST SETUP] Loading .env.test from: C:\Users\moisreis\Projects\meta-investimentos\.env.test
Γùç injected env (1) from .env.test // tip: Γùê encrypted .env [www.dotenvx.com]
[TEST SETUP] Dotenv result: {
  parsed: {
    DATABASE_URL: [32m'postgresql://neondb_owner:npg_RrVLk0A3iwGU@ep-muddy-band-acxjnbbp-pooler.sa-east-1.aws.neon.tech/neondb?sslmode=require&channel_binding=require'[39m
  }
}
[TEST SETUP] DATABASE_URL from .env.test: postgresql://neondb_owner:npg_RrVLk0A3iwGU@ep-muddy-band-acxjnbbp-pooler.sa-east-1.aws.neon.tech/neondb?sslmode=require&channel_binding=require
[TEST SETUP] Set TEST_DATABASE_URL from DATABASE_URL
[TEST SETUP] Deleted DATABASE_URL, TEST_DATABASE_URL: SET

[90mstdout[2m | __tests__/__unit__/services/position-performance/use-cases/list-position-performance.use-case.test.ts[22m[39m
[TEST SETUP] Loading .env.test from: C:\Users\moisreis\Projects\meta-investimentos\.env.test
Γùç injected env (1) from .env.test // tip: Γîÿ suppress logs { quiet: true }
[TEST SETUP] Dotenv result: {
  parsed: {
    DATABASE_URL: [32m'postgresql://neondb_owner:npg_RrVLk0A3iwGU@ep-muddy-band-acxjnbbp-pooler.sa-east-1.aws.neon.tech/neondb?sslmode=require&channel_binding=require'[39m
  }
}
[TEST SETUP] DATABASE_URL from .env.test: postgresql://neondb_owner:npg_RrVLk0A3iwGU@ep-muddy-band-acxjnbbp-pooler.sa-east-1.aws.neon.tech/neondb?sslmode=require&channel_binding=require
[TEST SETUP] Set TEST_DATABASE_URL from DATABASE_URL
[TEST SETUP] Deleted DATABASE_URL, TEST_DATABASE_URL: SET

[90mstdout[2m | __tests__/__unit__/services/norms-portfolio/use-cases/detach-norm-from-portfolio.use-case.test.ts[22m[39m
[TEST SETUP] Loading .env.test from: C:\Users\moisreis\Projects\meta-investimentos\.env.test
Γùç injected env (1) from .env.test // tip: Γîÿ override existing { override: true }
[TEST SETUP] Dotenv result: {
  parsed: {
    DATABASE_URL: [32m'postgresql://neondb_owner:npg_RrVLk0A3iwGU@ep-muddy-band-acxjnbbp-pooler.sa-east-1.aws.neon.tech/neondb?sslmode=require&channel_binding=require'[39m
  }
}
[TEST SETUP] DATABASE_URL from .env.test: postgresql://neondb_owner:npg_RrVLk0A3iwGU@ep-muddy-band-acxjnbbp-pooler.sa-east-1.aws.neon.tech/neondb?sslmode=require&channel_binding=require
[TEST SETUP] Set TEST_DATABASE_URL from DATABASE_URL
[TEST SETUP] Deleted DATABASE_URL, TEST_DATABASE_URL: SET

 [32mΓ£ô[39m [35m|unit|[39m __tests__/__unit__/infrastructure/transaction-allocation/mappers/transaction-allocation.mapper.test.ts [2m ([22m[2m5 tests[22m[2m)[22m[90m 13[2mms[22m[39m
 [32mΓ£ô[39m [35m|unit|[39m __tests__/__unit__/services/position-performance/use-cases/list-position-performance.use-case.test.ts [2m ([22m[2m5 tests[22m[2m)[22m[90m 13[2mms[22m[39m
 [32mΓ£ô[39m [35m|unit|[39m __tests__/__unit__/services/category/use-cases/update-category.use-case.test.ts [2m ([22m[2m6 tests[22m[2m)[22m[90m 15[2mms[22m[39m
[90mstdout[2m | __tests__/__unit__/infrastructure/bank-account/mappers/bank-account.mapper.test.ts[22m[39m
[TEST SETUP] Loading .env.test from: C:\Users\moisreis\Projects\meta-investimentos\.env.test
Γùç injected env (1) from .env.test // tip: Γîÿ custom filepath { path: '/custom/path/.env' }
[TEST SETUP] Dotenv result: {
  parsed: {
    DATABASE_URL: [32m'postgresql://neondb_owner:npg_RrVLk0A3iwGU@ep-muddy-band-acxjnbbp-pooler.sa-east-1.aws.neon.tech/neondb?sslmode=require&channel_binding=require'[39m
  }
}
[TEST SETUP] DATABASE_URL from .env.test: postgresql://neondb_owner:npg_RrVLk0A3iwGU@ep-muddy-band-acxjnbbp-pooler.sa-east-1.aws.neon.tech/neondb?sslmode=require&channel_binding=require
[TEST SETUP] Set TEST_DATABASE_URL from DATABASE_URL
[TEST SETUP] Deleted DATABASE_URL, TEST_DATABASE_URL: SET

[90mstdout[2m | __tests__/__unit__/services/portfolio-performance/use-cases/list-portfolio-performance-dates.use-case.test.ts[22m[39m
[TEST SETUP] Loading .env.test from: C:\Users\moisreis\Projects\meta-investimentos\.env.test
Γùç injected env (1) from .env.test // tip: Γîÿ custom filepath { path: '/custom/path/.env' }
[TEST SETUP] Dotenv result: {
  parsed: {
    DATABASE_URL: [32m'postgresql://neondb_owner:npg_RrVLk0A3iwGU@ep-muddy-band-acxjnbbp-pooler.sa-east-1.aws.neon.tech/neondb?sslmode=require&channel_binding=require'[39m
  }
}
[TEST SETUP] DATABASE_URL from .env.test: postgresql://neondb_owner:npg_RrVLk0A3iwGU@ep-muddy-band-acxjnbbp-pooler.sa-east-1.aws.neon.tech/neondb?sslmode=require&channel_binding=require
[TEST SETUP] Set TEST_DATABASE_URL from DATABASE_URL
[TEST SETUP] Deleted DATABASE_URL, TEST_DATABASE_URL: SET

 [32mΓ£ô[39m [35m|unit|[39m __tests__/__unit__/services/norms-portfolio/use-cases/detach-norm-from-portfolio.use-case.test.ts [2m ([22m[2m6 tests[22m[2m)[22m[90m 11[2mms[22m[39m
[90mstdout[2m | __tests__/__unit__/services/user/use-cases/list-users.use-case.test.ts[22m[39m
[TEST SETUP] Loading .env.test from: C:\Users\moisreis\Projects\meta-investimentos\.env.test
Γùç injected env (1) from .env.test // tip: Γîÿ suppress logs { quiet: true }
[TEST SETUP] Dotenv result: {
  parsed: {
    DATABASE_URL: [32m'postgresql://neondb_owner:npg_RrVLk0A3iwGU@ep-muddy-band-acxjnbbp-pooler.sa-east-1.aws.neon.tech/neondb?sslmode=require&channel_binding=require'[39m
  }
}
[TEST SETUP] DATABASE_URL from .env.test: postgresql://neondb_owner:npg_RrVLk0A3iwGU@ep-muddy-band-acxjnbbp-pooler.sa-east-1.aws.neon.tech/neondb?sslmode=require&channel_binding=require
[TEST SETUP] Set TEST_DATABASE_URL from DATABASE_URL
[TEST SETUP] Deleted DATABASE_URL, TEST_DATABASE_URL: SET

 [32mΓ£ô[39m [35m|unit|[39m __tests__/__unit__/infrastructure/bank-account/mappers/bank-account.mapper.test.ts [2m ([22m[2m5 tests[22m[2m)[22m[90m 10[2mms[22m[39m
 [32mΓ£ô[39m [35m|unit|[39m __tests__/__unit__/services/portfolio-performance/use-cases/list-portfolio-performance-dates.use-case.test.ts [2m ([22m[2m5 tests[22m[2m)[22m[90m 12[2mms[22m[39m
 [32mΓ£ô[39m [35m|unit|[39m __tests__/__unit__/services/user/use-cases/list-users.use-case.test.ts [2m ([22m[2m5 tests[22m[2m)[22m[90m 15[2mms[22m[39m
[90mstdout[2m | __tests__/__unit__/infrastructure/audit-log/mappers/audit-log.mapper.test.ts[22m[39m
[TEST SETUP] Loading .env.test from: C:\Users\moisreis\Projects\meta-investimentos\.env.test
Γùç injected env (1) from .env.test // tip: Γîÿ multiple files { path: ['.env.local', '.env'] }
[TEST SETUP] Dotenv result: {
  parsed: {
    DATABASE_URL: [32m'postgresql://neondb_owner:npg_RrVLk0A3iwGU@ep-muddy-band-acxjnbbp-pooler.sa-east-1.aws.neon.tech/neondb?sslmode=require&channel_binding=require'[39m
  }
}
[TEST SETUP] DATABASE_URL from .env.test: postgresql://neondb_owner:npg_RrVLk0A3iwGU@ep-muddy-band-acxjnbbp-pooler.sa-east-1.aws.neon.tech/neondb?sslmode=require&channel_binding=require
[TEST SETUP] Set TEST_DATABASE_URL from DATABASE_URL
[TEST SETUP] Deleted DATABASE_URL, TEST_DATABASE_URL: SET

[90mstdout[2m | __tests__/__unit__/services/fund/use-cases/list-funds.use-case.test.ts[22m[39m
[TEST SETUP] Loading .env.test from: C:\Users\moisreis\Projects\meta-investimentos\.env.test
Γùç injected env (1) from .env.test // tip: Γùê encrypted .env [www.dotenvx.com]
[TEST SETUP] Dotenv result: {
  parsed: {
    DATABASE_URL: [32m'postgresql://neondb_owner:npg_RrVLk0A3iwGU@ep-muddy-band-acxjnbbp-pooler.sa-east-1.aws.neon.tech/neondb?sslmode=require&channel_binding=require'[39m
  }
}
[TEST SETUP] DATABASE_URL from .env.test: postgresql://neondb_owner:npg_RrVLk0A3iwGU@ep-muddy-band-acxjnbbp-pooler.sa-east-1.aws.neon.tech/neondb?sslmode=require&channel_binding=require
[TEST SETUP] Set TEST_DATABASE_URL from DATABASE_URL
[TEST SETUP] Deleted DATABASE_URL, TEST_DATABASE_URL: SET

[90mstdout[2m | __tests__/__unit__/services/portfolio/use-cases/delete-portfolio.use-case.test.ts[22m[39m
[TEST SETUP] Loading .env.test from: C:\Users\moisreis\Projects\meta-investimentos\.env.test
Γùç injected env (1) from .env.test // tip: Γîÿ suppress logs { quiet: true }
[TEST SETUP] Dotenv result: {
  parsed: {
    DATABASE_URL: [32m'postgresql://neondb_owner:npg_RrVLk0A3iwGU@ep-muddy-band-acxjnbbp-pooler.sa-east-1.aws.neon.tech/neondb?sslmode=require&channel_binding=require'[39m
  }
}
[TEST SETUP] DATABASE_URL from .env.test: postgresql://neondb_owner:npg_RrVLk0A3iwGU@ep-muddy-band-acxjnbbp-pooler.sa-east-1.aws.neon.tech/neondb?sslmode=require&channel_binding=require
[TEST SETUP] Set TEST_DATABASE_URL from DATABASE_URL
[TEST SETUP] Deleted DATABASE_URL, TEST_DATABASE_URL: SET

[90mstdout[2m | __tests__/__unit__/domain/portfolio/calculators/earnings.calculator.test.ts[22m[39m
[TEST SETUP] Loading .env.test from: C:\Users\moisreis\Projects\meta-investimentos\.env.test
Γùç injected env (1) from .env.test // tip: Γîÿ multiple files { path: ['.env.local', '.env'] }
[TEST SETUP] Dotenv result: {
  parsed: {
    DATABASE_URL: [32m'postgresql://neondb_owner:npg_RrVLk0A3iwGU@ep-muddy-band-acxjnbbp-pooler.sa-east-1.aws.neon.tech/neondb?sslmode=require&channel_binding=require'[39m
  }
}
[TEST SETUP] DATABASE_URL from .env.test: postgresql://neondb_owner:npg_RrVLk0A3iwGU@ep-muddy-band-acxjnbbp-pooler.sa-east-1.aws.neon.tech/neondb?sslmode=require&channel_binding=require
[TEST SETUP] Set TEST_DATABASE_URL from DATABASE_URL
[TEST SETUP] Deleted DATABASE_URL, TEST_DATABASE_URL: SET

 [32mΓ£ô[39m [35m|unit|[39m __tests__/__unit__/infrastructure/audit-log/mappers/audit-log.mapper.test.ts [2m ([22m[2m6 tests[22m[2m)[22m[90m 10[2mms[22m[39m
 [32mΓ£ô[39m [35m|unit|[39m __tests__/__unit__/services/portfolio/use-cases/delete-portfolio.use-case.test.ts [2m ([22m[2m7 tests[22m[2m)[22m[90m 11[2mms[22m[39m
 [32mΓ£ô[39m [35m|unit|[39m __tests__/__unit__/services/fund/use-cases/list-funds.use-case.test.ts [2m ([22m[2m5 tests[22m[2m)[22m[90m 31[2mms[22m[39m
[90mstdout[2m | __tests__/__unit__/services/bank-account/use-cases/create-bank-account.use-case.test.ts[22m[39m
[TEST SETUP] Loading .env.test from: C:\Users\moisreis\Projects\meta-investimentos\.env.test
Γùç injected env (1) from .env.test // tip: Γîÿ multiple files { path: ['.env.local', '.env'] }
[TEST SETUP] Dotenv result: {
  parsed: {
    DATABASE_URL: [32m'postgresql://neondb_owner:npg_RrVLk0A3iwGU@ep-muddy-band-acxjnbbp-pooler.sa-east-1.aws.neon.tech/neondb?sslmode=require&channel_binding=require'[39m
  }
}
[TEST SETUP] DATABASE_URL from .env.test: postgresql://neondb_owner:npg_RrVLk0A3iwGU@ep-muddy-band-acxjnbbp-pooler.sa-east-1.aws.neon.tech/neondb?sslmode=require&channel_binding=require
[TEST SETUP] Set TEST_DATABASE_URL from DATABASE_URL
[TEST SETUP] Deleted DATABASE_URL, TEST_DATABASE_URL: SET

 [32mΓ£ô[39m [35m|unit|[39m __tests__/__unit__/domain/portfolio/calculators/earnings.calculator.test.ts [2m ([22m[2m7 tests[22m[2m)[22m[90m 10[2mms[22m[39m
[90mstdout[2m | __tests__/__unit__/services/position/use-cases/create-position.use-case.test.ts[22m[39m
[TEST SETUP] Loading .env.test from: C:\Users\moisreis\Projects\meta-investimentos\.env.test
Γùç injected env (1) from .env.test // tip: Γùê encrypted .env [www.dotenvx.com]
[TEST SETUP] Dotenv result: {
  parsed: {
    DATABASE_URL: [32m'postgresql://neondb_owner:npg_RrVLk0A3iwGU@ep-muddy-band-acxjnbbp-pooler.sa-east-1.aws.neon.tech/neondb?sslmode=require&channel_binding=require'[39m
  }
}
[TEST SETUP] DATABASE_URL from .env.test: postgresql://neondb_owner:npg_RrVLk0A3iwGU@ep-muddy-band-acxjnbbp-pooler.sa-east-1.aws.neon.tech/neondb?sslmode=require&channel_binding=require
[TEST SETUP] Set TEST_DATABASE_URL from DATABASE_URL
[TEST SETUP] Deleted DATABASE_URL, TEST_DATABASE_URL: SET

[90mstdout[2m | __tests__/__unit__/domain/benchmark/calculators/cumulative-benchmark.calculator.test.ts[22m[39m
[TEST SETUP] Loading .env.test from: C:\Users\moisreis\Projects\meta-investimentos\.env.test
Γùç injected env (1) from .env.test // tip: Γîÿ suppress logs { quiet: true }
[TEST SETUP] Dotenv result: {
  parsed: {
    DATABASE_URL: [32m'postgresql://neondb_owner:npg_RrVLk0A3iwGU@ep-muddy-band-acxjnbbp-pooler.sa-east-1.aws.neon.tech/neondb?sslmode=require&channel_binding=require'[39m
  }
}
[TEST SETUP] DATABASE_URL from .env.test: postgresql://neondb_owner:npg_RrVLk0A3iwGU@ep-muddy-band-acxjnbbp-pooler.sa-east-1.aws.neon.tech/neondb?sslmode=require&channel_binding=require
[TEST SETUP] Set TEST_DATABASE_URL from DATABASE_URL
[TEST SETUP] Deleted DATABASE_URL, TEST_DATABASE_URL: SET

 [32mΓ£ô[39m [35m|unit|[39m __tests__/__unit__/services/bank-account/use-cases/create-bank-account.use-case.test.ts [2m ([22m[2m5 tests[22m[2m)[22m[90m 17[2mms[22m[39m
 [32mΓ£ô[39m [35m|unit|[39m __tests__/__unit__/services/position/use-cases/create-position.use-case.test.ts [2m ([22m[2m7 tests[22m[2m)[22m[90m 13[2mms[22m[39m
 [32mΓ£ô[39m [35m|unit|[39m __tests__/__unit__/domain/benchmark/calculators/cumulative-benchmark.calculator.test.ts [2m ([22m[2m9 tests[22m[2m)[22m[90m 10[2mms[22m[39m
[90mstdout[2m | __tests__/__unit__/domain/application/calculators/application-quotas.calculator.test.ts[22m[39m
[TEST SETUP] Loading .env.test from: C:\Users\moisreis\Projects\meta-investimentos\.env.test
Γùç injected env (1) from .env.test // tip: Γùê encrypted .env [www.dotenvx.com]
[TEST SETUP] Dotenv result: {
  parsed: {
    DATABASE_URL: [32m'postgresql://neondb_owner:npg_RrVLk0A3iwGU@ep-muddy-band-acxjnbbp-pooler.sa-east-1.aws.neon.tech/neondb?sslmode=require&channel_binding=require'[39m
  }
}
[TEST SETUP] DATABASE_URL from .env.test: postgresql://neondb_owner:npg_RrVLk0A3iwGU@ep-muddy-band-acxjnbbp-pooler.sa-east-1.aws.neon.tech/neondb?sslmode=require&channel_binding=require
[TEST SETUP] Set TEST_DATABASE_URL from DATABASE_URL
[TEST SETUP] Deleted DATABASE_URL, TEST_DATABASE_URL: SET

[90mstdout[2m | __tests__/__unit__/services/portfolio-performance/use-cases/list-portfolio-performance.use-case.test.ts[22m[39m
[TEST SETUP] Loading .env.test from: C:\Users\moisreis\Projects\meta-investimentos\.env.test
Γùç injected env (1) from .env.test // tip: Γùê encrypted .env [www.dotenvx.com]
[TEST SETUP] Dotenv result: {
  parsed: {
    DATABASE_URL: [32m'postgresql://neondb_owner:npg_RrVLk0A3iwGU@ep-muddy-band-acxjnbbp-pooler.sa-east-1.aws.neon.tech/neondb?sslmode=require&channel_binding=require'[39m
  }
}
[TEST SETUP] DATABASE_URL from .env.test: postgresql://neondb_owner:npg_RrVLk0A3iwGU@ep-muddy-band-acxjnbbp-pooler.sa-east-1.aws.neon.tech/neondb?sslmode=require&channel_binding=require
[TEST SETUP] Set TEST_DATABASE_URL from DATABASE_URL
[TEST SETUP] Deleted DATABASE_URL, TEST_DATABASE_URL: SET

[90mstdout[2m | __tests__/__unit__/services/checking-account/use-cases/record-checking-account.use-case.test.ts[22m[39m
[TEST SETUP] Loading .env.test from: C:\Users\moisreis\Projects\meta-investimentos\.env.test
Γùç injected env (1) from .env.test // tip: Γîÿ override existing { override: true }
[TEST SETUP] Dotenv result: {
  parsed: {
    DATABASE_URL: [32m'postgresql://neondb_owner:npg_RrVLk0A3iwGU@ep-muddy-band-acxjnbbp-pooler.sa-east-1.aws.neon.tech/neondb?sslmode=require&channel_binding=require'[39m
  }
}
[TEST SETUP] DATABASE_URL from .env.test: postgresql://neondb_owner:npg_RrVLk0A3iwGU@ep-muddy-band-acxjnbbp-pooler.sa-east-1.aws.neon.tech/neondb?sslmode=require&channel_binding=require
[TEST SETUP] Set TEST_DATABASE_URL from DATABASE_URL
[TEST SETUP] Deleted DATABASE_URL, TEST_DATABASE_URL: SET

[90mstdout[2m | __tests__/__unit__/services/fund/use-cases/bulk-delete-funds.use-case.test.ts[22m[39m
[TEST SETUP] Loading .env.test from: C:\Users\moisreis\Projects\meta-investimentos\.env.test
Γùç injected env (1) from .env.test // tip: Γîÿ custom filepath { path: '/custom/path/.env' }
[TEST SETUP] Dotenv result: {
  parsed: {
    DATABASE_URL: [32m'postgresql://neondb_owner:npg_RrVLk0A3iwGU@ep-muddy-band-acxjnbbp-pooler.sa-east-1.aws.neon.tech/neondb?sslmode=require&channel_binding=require'[39m
  }
}
[TEST SETUP] DATABASE_URL from .env.test: postgresql://neondb_owner:npg_RrVLk0A3iwGU@ep-muddy-band-acxjnbbp-pooler.sa-east-1.aws.neon.tech/neondb?sslmode=require&channel_binding=require
[TEST SETUP] Set TEST_DATABASE_URL from DATABASE_URL
[TEST SETUP] Deleted DATABASE_URL, TEST_DATABASE_URL: SET

 [32mΓ£ô[39m [35m|unit|[39m __tests__/__unit__/domain/application/calculators/application-quotas.calculator.test.ts [2m ([22m[2m10 tests[22m[2m)[22m[90m 11[2mms[22m[39m
 [32mΓ£ô[39m [35m|unit|[39m __tests__/__unit__/services/portfolio-performance/use-cases/list-portfolio-performance.use-case.test.ts [2m ([22m[2m5 tests[22m[2m)[22m[90m 15[2mms[22m[39m
[90mstdout[2m | __tests__/__unit__/domain/portfolio/calculators/target.calculator.test.ts[22m[39m
[TEST SETUP] Loading .env.test from: C:\Users\moisreis\Projects\meta-investimentos\.env.test
Γùç injected env (1) from .env.test // tip: Γùê encrypted .env [www.dotenvx.com]
[TEST SETUP] Dotenv result: {
  parsed: {
    DATABASE_URL: [32m'postgresql://neondb_owner:npg_RrVLk0A3iwGU@ep-muddy-band-acxjnbbp-pooler.sa-east-1.aws.neon.tech/neondb?sslmode=require&channel_binding=require'[39m
  }
}
[TEST SETUP] DATABASE_URL from .env.test: postgresql://neondb_owner:npg_RrVLk0A3iwGU@ep-muddy-band-acxjnbbp-pooler.sa-east-1.aws.neon.tech/neondb?sslmode=require&channel_binding=require
[TEST SETUP] Set TEST_DATABASE_URL from DATABASE_URL
[TEST SETUP] Deleted DATABASE_URL, TEST_DATABASE_URL: SET

[90mstdout[2m | __tests__/__unit__/services/category/use-cases/list-category-row-summaries.use-case.test.ts[22m[39m
[TEST SETUP] Loading .env.test from: C:\Users\moisreis\Projects\meta-investimentos\.env.test
Γùç injected env (1) from .env.test // tip: Γùê secrets for agents [www.dotenvx.com]
[TEST SETUP] Dotenv result: {
  parsed: {
    DATABASE_URL: [32m'postgresql://neondb_owner:npg_RrVLk0A3iwGU@ep-muddy-band-acxjnbbp-pooler.sa-east-1.aws.neon.tech/neondb?sslmode=require&channel_binding=require'[39m
  }
}
[TEST SETUP] DATABASE_URL from .env.test: postgresql://neondb_owner:npg_RrVLk0A3iwGU@ep-muddy-band-acxjnbbp-pooler.sa-east-1.aws.neon.tech/neondb?sslmode=require&channel_binding=require
[TEST SETUP] Set TEST_DATABASE_URL from DATABASE_URL
[TEST SETUP] Deleted DATABASE_URL, TEST_DATABASE_URL: SET

 [32mΓ£ô[39m [35m|unit|[39m __tests__/__unit__/services/checking-account/use-cases/record-checking-account.use-case.test.ts [2m ([22m[2m5 tests[22m[2m)[22m[90m 13[2mms[22m[39m
 [32mΓ£ô[39m [35m|unit|[39m __tests__/__unit__/services/fund/use-cases/bulk-delete-funds.use-case.test.ts [2m ([22m[2m6 tests[22m[2m)[22m[90m 12[2mms[22m[39m
 [32mΓ£ô[39m [35m|unit|[39m __tests__/__unit__/domain/portfolio/calculators/target.calculator.test.ts [2m ([22m[2m8 tests[22m[2m)[22m[90m 13[2mms[22m[39m
[90mstdout[2m | __tests__/__unit__/domain/withdrawal/calculators/withdrawal-quotas.calculator.test.ts[22m[39m
[TEST SETUP] Loading .env.test from: C:\Users\moisreis\Projects\meta-investimentos\.env.test
Γùç injected env (1) from .env.test // tip: Γùê secrets for agents [www.dotenvx.com]
[TEST SETUP] Dotenv result: {
  parsed: {
    DATABASE_URL: [32m'postgresql://neondb_owner:npg_RrVLk0A3iwGU@ep-muddy-band-acxjnbbp-pooler.sa-east-1.aws.neon.tech/neondb?sslmode=require&channel_binding=require'[39m
  }
}
[TEST SETUP] DATABASE_URL from .env.test: postgresql://neondb_owner:npg_RrVLk0A3iwGU@ep-muddy-band-acxjnbbp-pooler.sa-east-1.aws.neon.tech/neondb?sslmode=require&channel_binding=require
[TEST SETUP] Set TEST_DATABASE_URL from DATABASE_URL
[TEST SETUP] Deleted DATABASE_URL, TEST_DATABASE_URL: SET

 [32mΓ£ô[39m [35m|unit|[39m __tests__/__unit__/services/category/use-cases/list-category-row-summaries.use-case.test.ts [2m ([22m[2m6 tests[22m[2m)[22m[90m 11[2mms[22m[39m
[90mstdout[2m | __tests__/__unit__/services/fund/use-cases/list-fund-row-summaries.use-case.test.ts[22m[39m
[TEST SETUP] Loading .env.test from: C:\Users\moisreis\Projects\meta-investimentos\.env.test
Γùç injected env (1) from .env.test // tip: Γîÿ enable debugging { debug: true }
[TEST SETUP] Dotenv result: {
  parsed: {
    DATABASE_URL: [32m'postgresql://neondb_owner:npg_RrVLk0A3iwGU@ep-muddy-band-acxjnbbp-pooler.sa-east-1.aws.neon.tech/neondb?sslmode=require&channel_binding=require'[39m
  }
}
[TEST SETUP] DATABASE_URL from .env.test: postgresql://neondb_owner:npg_RrVLk0A3iwGU@ep-muddy-band-acxjnbbp-pooler.sa-east-1.aws.neon.tech/neondb?sslmode=require&channel_binding=require
[TEST SETUP] Set TEST_DATABASE_URL from DATABASE_URL
[TEST SETUP] Deleted DATABASE_URL, TEST_DATABASE_URL: SET

 [32mΓ£ô[39m [35m|unit|[39m __tests__/__unit__/domain/withdrawal/calculators/withdrawal-quotas.calculator.test.ts [2m ([22m[2m10 tests[22m[2m)[22m[90m 11[2mms[22m[39m
[90mstdout[2m | __tests__/__unit__/domain/position/calculators/return.calculator.test.ts[22m[39m
[TEST SETUP] Loading .env.test from: C:\Users\moisreis\Projects\meta-investimentos\.env.test
Γùç injected env (1) from .env.test // tip: Γîÿ override existing { override: true }
[TEST SETUP] Dotenv result: {
  parsed: {
    DATABASE_URL: [32m'postgresql://neondb_owner:npg_RrVLk0A3iwGU@ep-muddy-band-acxjnbbp-pooler.sa-east-1.aws.neon.tech/neondb?sslmode=require&channel_binding=require'[39m
  }
}
[TEST SETUP] DATABASE_URL from .env.test: postgresql://neondb_owner:npg_RrVLk0A3iwGU@ep-muddy-band-acxjnbbp-pooler.sa-east-1.aws.neon.tech/neondb?sslmode=require&channel_binding=require
[TEST SETUP] Set TEST_DATABASE_URL from DATABASE_URL
[TEST SETUP] Deleted DATABASE_URL, TEST_DATABASE_URL: SET

[90mstdout[2m | __tests__/__unit__/services/position/use-cases/list-all-positions.use-case.test.ts[22m[39m
[TEST SETUP] Loading .env.test from: C:\Users\moisreis\Projects\meta-investimentos\.env.test
Γùç injected env (1) from .env.test // tip: Γîü auth for agents [www.vestauth.com]
[TEST SETUP] Dotenv result: {
  parsed: {
    DATABASE_URL: [32m'postgresql://neondb_owner:npg_RrVLk0A3iwGU@ep-muddy-band-acxjnbbp-pooler.sa-east-1.aws.neon.tech/neondb?sslmode=require&channel_binding=require'[39m
  }
}
[TEST SETUP] DATABASE_URL from .env.test: postgresql://neondb_owner:npg_RrVLk0A3iwGU@ep-muddy-band-acxjnbbp-pooler.sa-east-1.aws.neon.tech/neondb?sslmode=require&channel_binding=require
[TEST SETUP] Set TEST_DATABASE_URL from DATABASE_URL
[TEST SETUP] Deleted DATABASE_URL, TEST_DATABASE_URL: SET

[90mstdout[2m | __tests__/__unit__/services/statement/use-cases/list-statements-by-portfolios.use-case.test.ts[22m[39m
[TEST SETUP] Loading .env.test from: C:\Users\moisreis\Projects\meta-investimentos\.env.test
Γùç injected env (1) from .env.test // tip: Γîÿ multiple files { path: ['.env.local', '.env'] }
[TEST SETUP] Dotenv result: {
  parsed: {
    DATABASE_URL: [32m'postgresql://neondb_owner:npg_RrVLk0A3iwGU@ep-muddy-band-acxjnbbp-pooler.sa-east-1.aws.neon.tech/neondb?sslmode=require&channel_binding=require'[39m
  }
}
[TEST SETUP] DATABASE_URL from .env.test: postgresql://neondb_owner:npg_RrVLk0A3iwGU@ep-muddy-band-acxjnbbp-pooler.sa-east-1.aws.neon.tech/neondb?sslmode=require&channel_binding=require
[TEST SETUP] Set TEST_DATABASE_URL from DATABASE_URL
[TEST SETUP] Deleted DATABASE_URL, TEST_DATABASE_URL: SET

 [32mΓ£ô[39m [35m|unit|[39m __tests__/__unit__/domain/position/calculators/return.calculator.test.ts [2m ([22m[2m10 tests[22m[2m)[22m[90m 14[2mms[22m[39m
 [32mΓ£ô[39m [35m|unit|[39m __tests__/__unit__/services/fund/use-cases/list-fund-row-summaries.use-case.test.ts [2m ([22m[2m6 tests[22m[2m)[22m[90m 12[2mms[22m[39m
[90mstdout[2m | __tests__/__unit__/infrastructure/benchmark-history/mappers/benchmark-history.mapper.test.ts[22m[39m
[TEST SETUP] Loading .env.test from: C:\Users\moisreis\Projects\meta-investimentos\.env.test
Γùç injected env (1) from .env.test // tip: Γùê secrets for agents [www.dotenvx.com]
[TEST SETUP] Dotenv result: {
  parsed: {
    DATABASE_URL: [32m'postgresql://neondb_owner:npg_RrVLk0A3iwGU@ep-muddy-band-acxjnbbp-pooler.sa-east-1.aws.neon.tech/neondb?sslmode=require&channel_binding=require'[39m
  }
}
[TEST SETUP] DATABASE_URL from .env.test: postgresql://neondb_owner:npg_RrVLk0A3iwGU@ep-muddy-band-acxjnbbp-pooler.sa-east-1.aws.neon.tech/neondb?sslmode=require&channel_binding=require
[TEST SETUP] Set TEST_DATABASE_URL from DATABASE_URL
[TEST SETUP] Deleted DATABASE_URL, TEST_DATABASE_URL: SET

[90mstdout[2m | __tests__/__unit__/infrastructure/session/mappers/session.mapper.test.ts[22m[39m
[TEST SETUP] Loading .env.test from: C:\Users\moisreis\Projects\meta-investimentos\.env.test
Γùç injected env (1) from .env.test // tip: Γîÿ override existing { override: true }
[TEST SETUP] Dotenv result: {
  parsed: {
    DATABASE_URL: [32m'postgresql://neondb_owner:npg_RrVLk0A3iwGU@ep-muddy-band-acxjnbbp-pooler.sa-east-1.aws.neon.tech/neondb?sslmode=require&channel_binding=require'[39m
  }
}
[TEST SETUP] DATABASE_URL from .env.test: postgresql://neondb_owner:npg_RrVLk0A3iwGU@ep-muddy-band-acxjnbbp-pooler.sa-east-1.aws.neon.tech/neondb?sslmode=require&channel_binding=require
[TEST SETUP] Set TEST_DATABASE_URL from DATABASE_URL
[TEST SETUP] Deleted DATABASE_URL, TEST_DATABASE_URL: SET

 [32mΓ£ô[39m [35m|unit|[39m __tests__/__unit__/services/statement/use-cases/list-statements-by-portfolios.use-case.test.ts [2m ([22m[2m4 tests[22m[2m)[22m[90m 11[2mms[22m[39m
 [32mΓ£ô[39m [35m|unit|[39m __tests__/__unit__/services/position/use-cases/list-all-positions.use-case.test.ts [2m ([22m[2m5 tests[22m[2m)[22m[90m 13[2mms[22m[39m
[90mstdout[2m | __tests__/__unit__/domain/benchmark/calculators/risk-free-spread.calculator.test.ts[22m[39m
[TEST SETUP] Loading .env.test from: C:\Users\moisreis\Projects\meta-investimentos\.env.test
Γùç injected env (1) from .env.test // tip: Γîÿ enable debugging { debug: true }
[TEST SETUP] Dotenv result: {
  parsed: {
    DATABASE_URL: [32m'postgresql://neondb_owner:npg_RrVLk0A3iwGU@ep-muddy-band-acxjnbbp-pooler.sa-east-1.aws.neon.tech/neondb?sslmode=require&channel_binding=require'[39m
  }
}
[TEST SETUP] DATABASE_URL from .env.test: postgresql://neondb_owner:npg_RrVLk0A3iwGU@ep-muddy-band-acxjnbbp-pooler.sa-east-1.aws.neon.tech/neondb?sslmode=require&channel_binding=require
[TEST SETUP] Set TEST_DATABASE_URL from DATABASE_URL
[TEST SETUP] Deleted DATABASE_URL, TEST_DATABASE_URL: SET

 [32mΓ£ô[39m [35m|unit|[39m __tests__/__unit__/infrastructure/benchmark-history/mappers/benchmark-history.mapper.test.ts [2m ([22m[2m6 tests[22m[2m)[22m[90m 11[2mms[22m[39m
 [32mΓ£ô[39m [35m|unit|[39m __tests__/__unit__/infrastructure/session/mappers/session.mapper.test.ts [2m ([22m[2m6 tests[22m[2m)[22m[90m 10[2mms[22m[39m
[90mstdout[2m | __tests__/__unit__/domain/benchmark/calculators/inflation-spread.calculator.test.ts[22m[39m
[TEST SETUP] Loading .env.test from: C:\Users\moisreis\Projects\meta-investimentos\.env.test
Γùç injected env (1) from .env.test // tip: Γîÿ suppress logs { quiet: true }
[TEST SETUP] Dotenv result: {
  parsed: {
    DATABASE_URL: [32m'postgresql://neondb_owner:npg_RrVLk0A3iwGU@ep-muddy-band-acxjnbbp-pooler.sa-east-1.aws.neon.tech/neondb?sslmode=require&channel_binding=require'[39m
  }
}
[TEST SETUP] DATABASE_URL from .env.test: postgresql://neondb_owner:npg_RrVLk0A3iwGU@ep-muddy-band-acxjnbbp-pooler.sa-east-1.aws.neon.tech/neondb?sslmode=require&channel_binding=require
[TEST SETUP] Set TEST_DATABASE_URL from DATABASE_URL
[TEST SETUP] Deleted DATABASE_URL, TEST_DATABASE_URL: SET

 [32mΓ£ô[39m [35m|unit|[39m __tests__/__unit__/domain/benchmark/calculators/risk-free-spread.calculator.test.ts [2m ([22m[2m8 tests[22m[2m)[22m[90m 13[2mms[22m[39m
[90mstdout[2m | __tests__/__unit__/services/application/use-cases/create-application.use-case.test.ts[22m[39m
[TEST SETUP] Loading .env.test from: C:\Users\moisreis\Projects\meta-investimentos\.env.test
Γùç injected env (1) from .env.test // tip: Γùê secrets for agents [www.dotenvx.com]
[TEST SETUP] Dotenv result: {
  parsed: {
    DATABASE_URL: [32m'postgresql://neondb_owner:npg_RrVLk0A3iwGU@ep-muddy-band-acxjnbbp-pooler.sa-east-1.aws.neon.tech/neondb?sslmode=require&channel_binding=require'[39m
  }
}
[TEST SETUP] DATABASE_URL from .env.test: postgresql://neondb_owner:npg_RrVLk0A3iwGU@ep-muddy-band-acxjnbbp-pooler.sa-east-1.aws.neon.tech/neondb?sslmode=require&channel_binding=require
[TEST SETUP] Set TEST_DATABASE_URL from DATABASE_URL
[TEST SETUP] Deleted DATABASE_URL, TEST_DATABASE_URL: SET

 [32mΓ£ô[39m [35m|unit|[39m __tests__/__unit__/domain/benchmark/calculators/inflation-spread.calculator.test.ts [2m ([22m[2m8 tests[22m[2m)[22m[90m 10[2mms[22m[39m
[90mstdout[2m | __tests__/__unit__/services/category/use-cases/bulk-delete-categories.use-case.test.ts[22m[39m
[TEST SETUP] Loading .env.test from: C:\Users\moisreis\Projects\meta-investimentos\.env.test
Γùç injected env (1) from .env.test // tip: Γîÿ suppress logs { quiet: true }
[TEST SETUP] Dotenv result: {
  parsed: {
    DATABASE_URL: [32m'postgresql://neondb_owner:npg_RrVLk0A3iwGU@ep-muddy-band-acxjnbbp-pooler.sa-east-1.aws.neon.tech/neondb?sslmode=require&channel_binding=require'[39m
  }
}
[TEST SETUP] DATABASE_URL from .env.test: postgresql://neondb_owner:npg_RrVLk0A3iwGU@ep-muddy-band-acxjnbbp-pooler.sa-east-1.aws.neon.tech/neondb?sslmode=require&channel_binding=require
[TEST SETUP] Set TEST_DATABASE_URL from DATABASE_URL
[TEST SETUP] Deleted DATABASE_URL, TEST_DATABASE_URL: SET

 [32mΓ£ô[39m [35m|unit|[39m __tests__/__unit__/services/application/use-cases/create-application.use-case.test.ts [2m ([22m[2m4 tests[22m[2m)[22m[90m 17[2mms[22m[39m
[90mstdout[2m | __tests__/__unit__/services/position-performance/use-cases/get-position-performance.use-case.test.ts[22m[39m
[TEST SETUP] Loading .env.test from: C:\Users\moisreis\Projects\meta-investimentos\.env.test
Γùç injected env (1) from .env.test // tip: Γùê secrets for agents [www.dotenvx.com]
[TEST SETUP] Dotenv result: {
  parsed: {
    DATABASE_URL: [32m'postgresql://neondb_owner:npg_RrVLk0A3iwGU@ep-muddy-band-acxjnbbp-pooler.sa-east-1.aws.neon.tech/neondb?sslmode=require&channel_binding=require'[39m
  }
}
[TEST SETUP] DATABASE_URL from .env.test: postgresql://neondb_owner:npg_RrVLk0A3iwGU@ep-muddy-band-acxjnbbp-pooler.sa-east-1.aws.neon.tech/neondb?sslmode=require&channel_binding=require
[TEST SETUP] Set TEST_DATABASE_URL from DATABASE_URL
[TEST SETUP] Deleted DATABASE_URL, TEST_DATABASE_URL: SET

 [32mΓ£ô[39m [35m|unit|[39m __tests__/__unit__/services/category/use-cases/bulk-delete-categories.use-case.test.ts [2m ([22m[2m6 tests[22m[2m)[22m[90m 10[2mms[22m[39m
[90mstdout[2m | __tests__/__unit__/services/withdrawal/use-cases/create-withdrawal.use-case.test.ts[22m[39m
[TEST SETUP] Loading .env.test from: C:\Users\moisreis\Projects\meta-investimentos\.env.test
Γùç injected env (1) from .env.test // tip: Γîÿ override existing { override: true }
[TEST SETUP] Dotenv result: {
  parsed: {
    DATABASE_URL: [32m'postgresql://neondb_owner:npg_RrVLk0A3iwGU@ep-muddy-band-acxjnbbp-pooler.sa-east-1.aws.neon.tech/neondb?sslmode=require&channel_binding=require'[39m
  }
}
[TEST SETUP] DATABASE_URL from .env.test: postgresql://neondb_owner:npg_RrVLk0A3iwGU@ep-muddy-band-acxjnbbp-pooler.sa-east-1.aws.neon.tech/neondb?sslmode=require&channel_binding=require
[TEST SETUP] Set TEST_DATABASE_URL from DATABASE_URL
[TEST SETUP] Deleted DATABASE_URL, TEST_DATABASE_URL: SET

 [32mΓ£ô[39m [35m|unit|[39m __tests__/__unit__/services/position-performance/use-cases/get-position-performance.use-case.test.ts [2m ([22m[2m5 tests[22m[2m)[22m[90m 14[2mms[22m[39m
[90mstdout[2m | __tests__/__unit__/services/portfolio-performance/use-cases/list-all-portfolio-performances.use-case.test.ts[22m[39m
[TEST SETUP] Loading .env.test from: C:\Users\moisreis\Projects\meta-investimentos\.env.test
Γùç injected env (1) from .env.test // tip: Γîü auth for agents [www.vestauth.com]
[TEST SETUP] Dotenv result: {
  parsed: {
    DATABASE_URL: [32m'postgresql://neondb_owner:npg_RrVLk0A3iwGU@ep-muddy-band-acxjnbbp-pooler.sa-east-1.aws.neon.tech/neondb?sslmode=require&channel_binding=require'[39m
  }
}
[TEST SETUP] DATABASE_URL from .env.test: postgresql://neondb_owner:npg_RrVLk0A3iwGU@ep-muddy-band-acxjnbbp-pooler.sa-east-1.aws.neon.tech/neondb?sslmode=require&channel_binding=require
[TEST SETUP] Set TEST_DATABASE_URL from DATABASE_URL
[TEST SETUP] Deleted DATABASE_URL, TEST_DATABASE_URL: SET

[90mstdout[2m | __tests__/__unit__/domain/benchmark/calculators/market-spread.calculator.test.ts[22m[39m
[TEST SETUP] Loading .env.test from: C:\Users\moisreis\Projects\meta-investimentos\.env.test
Γùç injected env (1) from .env.test // tip: Γîü auth for agents [www.vestauth.com]
[TEST SETUP] Dotenv result: {
  parsed: {
    DATABASE_URL: [32m'postgresql://neondb_owner:npg_RrVLk0A3iwGU@ep-muddy-band-acxjnbbp-pooler.sa-east-1.aws.neon.tech/neondb?sslmode=require&channel_binding=require'[39m
  }
}
[TEST SETUP] DATABASE_URL from .env.test: postgresql://neondb_owner:npg_RrVLk0A3iwGU@ep-muddy-band-acxjnbbp-pooler.sa-east-1.aws.neon.tech/neondb?sslmode=require&channel_binding=require
[TEST SETUP] Set TEST_DATABASE_URL from DATABASE_URL
[TEST SETUP] Deleted DATABASE_URL, TEST_DATABASE_URL: SET

 [32mΓ£ô[39m [35m|unit|[39m __tests__/__unit__/services/withdrawal/use-cases/create-withdrawal.use-case.test.ts [2m ([22m[2m4 tests[22m[2m)[22m[90m 18[2mms[22m[39m
[90mstdout[2m | __tests__/__unit__/services/user/use-cases/list-users-by-ids.use-case.test.ts[22m[39m
[TEST SETUP] Loading .env.test from: C:\Users\moisreis\Projects\meta-investimentos\.env.test
Γùç injected env (1) from .env.test // tip: Γùê secrets for agents [www.dotenvx.com]
[TEST SETUP] Dotenv result: {
  parsed: {
    DATABASE_URL: [32m'postgresql://neondb_owner:npg_RrVLk0A3iwGU@ep-muddy-band-acxjnbbp-pooler.sa-east-1.aws.neon.tech/neondb?sslmode=require&channel_binding=require'[39m
  }
}
[TEST SETUP] DATABASE_URL from .env.test: postgresql://neondb_owner:npg_RrVLk0A3iwGU@ep-muddy-band-acxjnbbp-pooler.sa-east-1.aws.neon.tech/neondb?sslmode=require&channel_binding=require
[TEST SETUP] Set TEST_DATABASE_URL from DATABASE_URL
[TEST SETUP] Deleted DATABASE_URL, TEST_DATABASE_URL: SET

 [32mΓ£ô[39m [35m|unit|[39m __tests__/__unit__/domain/benchmark/calculators/market-spread.calculator.test.ts [2m ([22m[2m8 tests[22m[2m)[22m[90m 10[2mms[22m[39m
 [32mΓ£ô[39m [35m|unit|[39m __tests__/__unit__/services/portfolio-performance/use-cases/list-all-portfolio-performances.use-case.test.ts [2m ([22m[2m4 tests[22m[2m)[22m[90m 14[2mms[22m[39m
[90mstdout[2m | __tests__/__unit__/services/checking-account/use-cases/list-checking-accounts.use-case.test.ts[22m[39m
[TEST SETUP] Loading .env.test from: C:\Users\moisreis\Projects\meta-investimentos\.env.test
Γùç injected env (1) from .env.test // tip: Γîü auth for agents [www.vestauth.com]
[TEST SETUP] Dotenv result: {
  parsed: {
    DATABASE_URL: [32m'postgresql://neondb_owner:npg_RrVLk0A3iwGU@ep-muddy-band-acxjnbbp-pooler.sa-east-1.aws.neon.tech/neondb?sslmode=require&channel_binding=require'[39m
  }
}
[TEST SETUP] DATABASE_URL from .env.test: postgresql://neondb_owner:npg_RrVLk0A3iwGU@ep-muddy-band-acxjnbbp-pooler.sa-east-1.aws.neon.tech/neondb?sslmode=require&channel_binding=require
[TEST SETUP] Set TEST_DATABASE_URL from DATABASE_URL
[TEST SETUP] Deleted DATABASE_URL, TEST_DATABASE_URL: SET

 [32mΓ£ô[39m [35m|unit|[39m __tests__/__unit__/services/user/use-cases/list-users-by-ids.use-case.test.ts [2m ([22m[2m5 tests[22m[2m)[22m[90m 14[2mms[22m[39m
[90mstdout[2m | __tests__/__unit__/infrastructure/checking-account/mappers/checking-account.mapper.test.ts[22m[39m
[TEST SETUP] Loading .env.test from: C:\Users\moisreis\Projects\meta-investimentos\.env.test
Γùç injected env (1) from .env.test // tip: Γîÿ multiple files { path: ['.env.local', '.env'] }
[TEST SETUP] Dotenv result: {
  parsed: {
    DATABASE_URL: [32m'postgresql://neondb_owner:npg_RrVLk0A3iwGU@ep-muddy-band-acxjnbbp-pooler.sa-east-1.aws.neon.tech/neondb?sslmode=require&channel_binding=require'[39m
  }
}
[TEST SETUP] DATABASE_URL from .env.test: postgresql://neondb_owner:npg_RrVLk0A3iwGU@ep-muddy-band-acxjnbbp-pooler.sa-east-1.aws.neon.tech/neondb?sslmode=require&channel_binding=require
[TEST SETUP] Set TEST_DATABASE_URL from DATABASE_URL
[TEST SETUP] Deleted DATABASE_URL, TEST_DATABASE_URL: SET

 [32mΓ£ô[39m [35m|unit|[39m __tests__/__unit__/services/checking-account/use-cases/list-checking-accounts.use-case.test.ts [2m ([22m[2m5 tests[22m[2m)[22m[90m 16[2mms[22m[39m
[90mstdout[2m | __tests__/__unit__/services/category/use-cases/list-categories.use-case.test.ts[22m[39m
[TEST SETUP] Loading .env.test from: C:\Users\moisreis\Projects\meta-investimentos\.env.test
Γùç injected env (1) from .env.test // tip: Γîü auth for agents [www.vestauth.com]
[TEST SETUP] Dotenv result: {
  parsed: {
    DATABASE_URL: [32m'postgresql://neondb_owner:npg_RrVLk0A3iwGU@ep-muddy-band-acxjnbbp-pooler.sa-east-1.aws.neon.tech/neondb?sslmode=require&channel_binding=require'[39m
  }
}
[TEST SETUP] DATABASE_URL from .env.test: postgresql://neondb_owner:npg_RrVLk0A3iwGU@ep-muddy-band-acxjnbbp-pooler.sa-east-1.aws.neon.tech/neondb?sslmode=require&channel_binding=require
[TEST SETUP] Set TEST_DATABASE_URL from DATABASE_URL
[TEST SETUP] Deleted DATABASE_URL, TEST_DATABASE_URL: SET

[90mstdout[2m | __tests__/__unit__/services/checking-account/use-cases/update-checking-account.use-case.test.ts[22m[39m
[TEST SETUP] Loading .env.test from: C:\Users\moisreis\Projects\meta-investimentos\.env.test
Γùç injected env (1) from .env.test // tip: Γîÿ suppress logs { quiet: true }
[TEST SETUP] Dotenv result: {
  parsed: {
    DATABASE_URL: [32m'postgresql://neondb_owner:npg_RrVLk0A3iwGU@ep-muddy-band-acxjnbbp-pooler.sa-east-1.aws.neon.tech/neondb?sslmode=require&channel_binding=require'[39m
  }
}
[TEST SETUP] DATABASE_URL from .env.test: postgresql://neondb_owner:npg_RrVLk0A3iwGU@ep-muddy-band-acxjnbbp-pooler.sa-east-1.aws.neon.tech/neondb?sslmode=require&channel_binding=require
[TEST SETUP] Set TEST_DATABASE_URL from DATABASE_URL
[TEST SETUP] Deleted DATABASE_URL, TEST_DATABASE_URL: SET

 [32mΓ£ô[39m [35m|unit|[39m __tests__/__unit__/infrastructure/checking-account/mappers/checking-account.mapper.test.ts [2m ([22m[2m6 tests[22m[2m)[22m[90m 12[2mms[22m[39m
 [32mΓ£ô[39m [35m|unit|[39m __tests__/__unit__/services/category/use-cases/list-categories.use-case.test.ts [2m ([22m[2m5 tests[22m[2m)[22m[90m 20[2mms[22m[39m
[90mstdout[2m | __tests__/__unit__/services/norms-portfolio/use-cases/list-portfolio-norms.use-case.test.ts[22m[39m
[TEST SETUP] Loading .env.test from: C:\Users\moisreis\Projects\meta-investimentos\.env.test
Γùç injected env (1) from .env.test // tip: Γîÿ multiple files { path: ['.env.local', '.env'] }
[TEST SETUP] Dotenv result: {
  parsed: {
    DATABASE_URL: [32m'postgresql://neondb_owner:npg_RrVLk0A3iwGU@ep-muddy-band-acxjnbbp-pooler.sa-east-1.aws.neon.tech/neondb?sslmode=require&channel_binding=require'[39m
  }
}
[TEST SETUP] DATABASE_URL from .env.test: postgresql://neondb_owner:npg_RrVLk0A3iwGU@ep-muddy-band-acxjnbbp-pooler.sa-east-1.aws.neon.tech/neondb?sslmode=require&channel_binding=require
[TEST SETUP] Set TEST_DATABASE_URL from DATABASE_URL
[TEST SETUP] Deleted DATABASE_URL, TEST_DATABASE_URL: SET

 [32mΓ£ô[39m [35m|unit|[39m __tests__/__unit__/services/checking-account/use-cases/update-checking-account.use-case.test.ts [2m ([22m[2m5 tests[22m[2m)[22m[90m 13[2mms[22m[39m
[90mstdout[2m | __tests__/__unit__/services/audit-log/use-cases/list-audit-logs.use-case.test.ts[22m[39m
[TEST SETUP] Loading .env.test from: C:\Users\moisreis\Projects\meta-investimentos\.env.test
Γùç injected env (1) from .env.test // tip: Γîÿ multiple files { path: ['.env.local', '.env'] }
[TEST SETUP] Dotenv result: {
  parsed: {
    DATABASE_URL: [32m'postgresql://neondb_owner:npg_RrVLk0A3iwGU@ep-muddy-band-acxjnbbp-pooler.sa-east-1.aws.neon.tech/neondb?sslmode=require&channel_binding=require'[39m
  }
}
[TEST SETUP] DATABASE_URL from .env.test: postgresql://neondb_owner:npg_RrVLk0A3iwGU@ep-muddy-band-acxjnbbp-pooler.sa-east-1.aws.neon.tech/neondb?sslmode=require&channel_binding=require
[TEST SETUP] Set TEST_DATABASE_URL from DATABASE_URL
[TEST SETUP] Deleted DATABASE_URL, TEST_DATABASE_URL: SET

[90mstdout[2m | __tests__/__unit__/services/benchmark/use-cases/list-benchmarks.use-case.test.ts[22m[39m
[TEST SETUP] Loading .env.test from: C:\Users\moisreis\Projects\meta-investimentos\.env.test
Γùç injected env (1) from .env.test // tip: Γîü auth for agents [www.vestauth.com]
[TEST SETUP] Dotenv result: {
  parsed: {
    DATABASE_URL: [32m'postgresql://neondb_owner:npg_RrVLk0A3iwGU@ep-muddy-band-acxjnbbp-pooler.sa-east-1.aws.neon.tech/neondb?sslmode=require&channel_binding=require'[39m
  }
}
[TEST SETUP] DATABASE_URL from .env.test: postgresql://neondb_owner:npg_RrVLk0A3iwGU@ep-muddy-band-acxjnbbp-pooler.sa-east-1.aws.neon.tech/neondb?sslmode=require&channel_binding=require
[TEST SETUP] Set TEST_DATABASE_URL from DATABASE_URL
[TEST SETUP] Deleted DATABASE_URL, TEST_DATABASE_URL: SET

 [32mΓ£ô[39m [35m|unit|[39m __tests__/__unit__/services/norms-portfolio/use-cases/list-portfolio-norms.use-case.test.ts [2m ([22m[2m5 tests[22m[2m)[22m[90m 17[2mms[22m[39m
 [32mΓ£ô[39m [35m|unit|[39m __tests__/__unit__/services/audit-log/use-cases/list-audit-logs.use-case.test.ts [2m ([22m[2m4 tests[22m[2m)[22m[90m 12[2mms[22m[39m
 [32mΓ£ô[39m [35m|unit|[39m __tests__/__unit__/services/benchmark/use-cases/list-benchmarks.use-case.test.ts [2m ([22m[2m3 tests[22m[2m)[22m[90m 13[2mms[22m[39m
[90mstdout[2m | __tests__/__unit__/services/statement/use-cases/list-statements.use-case.test.ts[22m[39m
[TEST SETUP] Loading .env.test from: C:\Users\moisreis\Projects\meta-investimentos\.env.test
Γùç injected env (1) from .env.test // tip: Γîü auth for agents [www.vestauth.com]
[TEST SETUP] Dotenv result: {
  parsed: {
    DATABASE_URL: [32m'postgresql://neondb_owner:npg_RrVLk0A3iwGU@ep-muddy-band-acxjnbbp-pooler.sa-east-1.aws.neon.tech/neondb?sslmode=require&channel_binding=require'[39m
  }
}
[TEST SETUP] DATABASE_URL from .env.test: postgresql://neondb_owner:npg_RrVLk0A3iwGU@ep-muddy-band-acxjnbbp-pooler.sa-east-1.aws.neon.tech/neondb?sslmode=require&channel_binding=require
[TEST SETUP] Set TEST_DATABASE_URL from DATABASE_URL
[TEST SETUP] Deleted DATABASE_URL, TEST_DATABASE_URL: SET

[90mstdout[2m | __tests__/__unit__/infrastructure/verification/mappers/verification.mapper.test.ts[22m[39m
[TEST SETUP] Loading .env.test from: C:\Users\moisreis\Projects\meta-investimentos\.env.test
Γùç injected env (1) from .env.test // tip: Γîÿ suppress logs { quiet: true }
[TEST SETUP] Dotenv result: {
  parsed: {
    DATABASE_URL: [32m'postgresql://neondb_owner:npg_RrVLk0A3iwGU@ep-muddy-band-acxjnbbp-pooler.sa-east-1.aws.neon.tech/neondb?sslmode=require&channel_binding=require'[39m
  }
}
[TEST SETUP] DATABASE_URL from .env.test: postgresql://neondb_owner:npg_RrVLk0A3iwGU@ep-muddy-band-acxjnbbp-pooler.sa-east-1.aws.neon.tech/neondb?sslmode=require&channel_binding=require
[TEST SETUP] Set TEST_DATABASE_URL from DATABASE_URL
[TEST SETUP] Deleted DATABASE_URL, TEST_DATABASE_URL: SET

[90mstdout[2m | __tests__/__unit__/domain/position/calculators/earnings.calculator.test.ts[22m[39m
[TEST SETUP] Loading .env.test from: C:\Users\moisreis\Projects\meta-investimentos\.env.test
Γùç injected env (1) from .env.test // tip: Γîÿ multiple files { path: ['.env.local', '.env'] }
[TEST SETUP] Dotenv result: {
  parsed: {
    DATABASE_URL: [32m'postgresql://neondb_owner:npg_RrVLk0A3iwGU@ep-muddy-band-acxjnbbp-pooler.sa-east-1.aws.neon.tech/neondb?sslmode=require&channel_binding=require'[39m
  }
}
[TEST SETUP] DATABASE_URL from .env.test: postgresql://neondb_owner:npg_RrVLk0A3iwGU@ep-muddy-band-acxjnbbp-pooler.sa-east-1.aws.neon.tech/neondb?sslmode=require&channel_binding=require
[TEST SETUP] Set TEST_DATABASE_URL from DATABASE_URL
[TEST SETUP] Deleted DATABASE_URL, TEST_DATABASE_URL: SET

 [32mΓ£ô[39m [35m|unit|[39m __tests__/__unit__/infrastructure/verification/mappers/verification.mapper.test.ts [2m ([22m[2m5 tests[22m[2m)[22m[90m 11[2mms[22m[39m
 [32mΓ£ô[39m [35m|unit|[39m __tests__/__unit__/services/statement/use-cases/list-statements.use-case.test.ts [2m ([22m[2m4 tests[22m[2m)[22m[90m 13[2mms[22m[39m
[90mstdout[2m | __tests__/__unit__/services/bank/use-cases/list-banks.use-case.test.ts[22m[39m
[TEST SETUP] Loading .env.test from: C:\Users\moisreis\Projects\meta-investimentos\.env.test
Γùç injected env (1) from .env.test // tip: Γîÿ override existing { override: true }
[TEST SETUP] Dotenv result: {
  parsed: {
    DATABASE_URL: [32m'postgresql://neondb_owner:npg_RrVLk0A3iwGU@ep-muddy-band-acxjnbbp-pooler.sa-east-1.aws.neon.tech/neondb?sslmode=require&channel_binding=require'[39m
  }
}
[TEST SETUP] DATABASE_URL from .env.test: postgresql://neondb_owner:npg_RrVLk0A3iwGU@ep-muddy-band-acxjnbbp-pooler.sa-east-1.aws.neon.tech/neondb?sslmode=require&channel_binding=require
[TEST SETUP] Set TEST_DATABASE_URL from DATABASE_URL
[TEST SETUP] Deleted DATABASE_URL, TEST_DATABASE_URL: SET

[90mstdout[2m | __tests__/__unit__/domain/portfolio/calculators/return.calculator.test.ts[22m[39m
[TEST SETUP] Loading .env.test from: C:\Users\moisreis\Projects\meta-investimentos\.env.test
Γùç injected env (1) from .env.test // tip: Γîÿ custom filepath { path: '/custom/path/.env' }
[TEST SETUP] Dotenv result: {
  parsed: {
    DATABASE_URL: [32m'postgresql://neondb_owner:npg_RrVLk0A3iwGU@ep-muddy-band-acxjnbbp-pooler.sa-east-1.aws.neon.tech/neondb?sslmode=require&channel_binding=require'[39m
  }
}
[TEST SETUP] DATABASE_URL from .env.test: postgresql://neondb_owner:npg_RrVLk0A3iwGU@ep-muddy-band-acxjnbbp-pooler.sa-east-1.aws.neon.tech/neondb?sslmode=require&channel_binding=require
[TEST SETUP] Set TEST_DATABASE_URL from DATABASE_URL
[TEST SETUP] Deleted DATABASE_URL, TEST_DATABASE_URL: SET

 [32mΓ£ô[39m [35m|unit|[39m __tests__/__unit__/domain/position/calculators/earnings.calculator.test.ts [2m ([22m[2m7 tests[22m[2m)[22m[90m 11[2mms[22m[39m
 [32mΓ£ô[39m [35m|unit|[39m __tests__/__unit__/services/bank/use-cases/list-banks.use-case.test.ts [2m ([22m[2m3 tests[22m[2m)[22m[90m 13[2mms[22m[39m
[90mstdout[2m | __tests__/__unit__/services/fund/use-cases/get-fund.use-case.test.ts[22m[39m
[TEST SETUP] Loading .env.test from: C:\Users\moisreis\Projects\meta-investimentos\.env.test
Γùç injected env (1) from .env.test // tip: Γîÿ custom filepath { path: '/custom/path/.env' }
[TEST SETUP] Dotenv result: {
  parsed: {
    DATABASE_URL: [32m'postgresql://neondb_owner:npg_RrVLk0A3iwGU@ep-muddy-band-acxjnbbp-pooler.sa-east-1.aws.neon.tech/neondb?sslmode=require&channel_binding=require'[39m
  }
}
[TEST SETUP] DATABASE_URL from .env.test: postgresql://neondb_owner:npg_RrVLk0A3iwGU@ep-muddy-band-acxjnbbp-pooler.sa-east-1.aws.neon.tech/neondb?sslmode=require&channel_binding=require
[TEST SETUP] Set TEST_DATABASE_URL from DATABASE_URL
[TEST SETUP] Deleted DATABASE_URL, TEST_DATABASE_URL: SET

 [32mΓ£ô[39m [35m|unit|[39m __tests__/__unit__/domain/portfolio/calculators/return.calculator.test.ts [2m ([22m[2m8 tests[22m[2m)[22m[90m 10[2mms[22m[39m
 [32mΓ£ô[39m [35m|unit|[39m __tests__/__unit__/services/fund/use-cases/get-fund.use-case.test.ts [2m ([22m[2m5 tests[22m[2m)[22m[90m 16[2mms[22m[39m
[90mstdout[2m | __tests__/__unit__/domain/position/calculators/position-allocation.calculator.test.ts[22m[39m
[TEST SETUP] Loading .env.test from: C:\Users\moisreis\Projects\meta-investimentos\.env.test
Γùç injected env (1) from .env.test // tip: Γùê secrets for agents [www.dotenvx.com]
[TEST SETUP] Dotenv result: {
  parsed: {
    DATABASE_URL: [32m'postgresql://neondb_owner:npg_RrVLk0A3iwGU@ep-muddy-band-acxjnbbp-pooler.sa-east-1.aws.neon.tech/neondb?sslmode=require&channel_binding=require'[39m
  }
}
[TEST SETUP] DATABASE_URL from .env.test: postgresql://neondb_owner:npg_RrVLk0A3iwGU@ep-muddy-band-acxjnbbp-pooler.sa-east-1.aws.neon.tech/neondb?sslmode=require&channel_binding=require
[TEST SETUP] Set TEST_DATABASE_URL from DATABASE_URL
[TEST SETUP] Deleted DATABASE_URL, TEST_DATABASE_URL: SET

[90mstdout[2m | __tests__/__unit__/services/bank-account/mappers/bank-account.mapper.test.ts[22m[39m
[TEST SETUP] Loading .env.test from: C:\Users\moisreis\Projects\meta-investimentos\.env.test
Γùç injected env (1) from .env.test // tip: Γùê secrets for agents [www.dotenvx.com]
[TEST SETUP] Dotenv result: {
  parsed: {
    DATABASE_URL: [32m'postgresql://neondb_owner:npg_RrVLk0A3iwGU@ep-muddy-band-acxjnbbp-pooler.sa-east-1.aws.neon.tech/neondb?sslmode=require&channel_binding=require'[39m
  }
}
[TEST SETUP] DATABASE_URL from .env.test: postgresql://neondb_owner:npg_RrVLk0A3iwGU@ep-muddy-band-acxjnbbp-pooler.sa-east-1.aws.neon.tech/neondb?sslmode=require&channel_binding=require
[TEST SETUP] Set TEST_DATABASE_URL from DATABASE_URL
[TEST SETUP] Deleted DATABASE_URL, TEST_DATABASE_URL: SET

 [32mΓ£ô[39m [35m|unit|[39m __tests__/__unit__/domain/position/calculators/position-allocation.calculator.test.ts [2m ([22m[2m13 tests[22m[2m)[22m[90m 12[2mms[22m[39m
[90mstdout[2m | __tests__/__unit__/services/application/use-cases/list-applications.use-case.test.ts[22m[39m
[TEST SETUP] Loading .env.test from: C:\Users\moisreis\Projects\meta-investimentos\.env.test
Γùç injected env (1) from .env.test // tip: Γîÿ suppress logs { quiet: true }
[TEST SETUP] Dotenv result: {
  parsed: {
    DATABASE_URL: [32m'postgresql://neondb_owner:npg_RrVLk0A3iwGU@ep-muddy-band-acxjnbbp-pooler.sa-east-1.aws.neon.tech/neondb?sslmode=require&channel_binding=require'[39m
  }
}
[TEST SETUP] DATABASE_URL from .env.test: postgresql://neondb_owner:npg_RrVLk0A3iwGU@ep-muddy-band-acxjnbbp-pooler.sa-east-1.aws.neon.tech/neondb?sslmode=require&channel_binding=require
[TEST SETUP] Set TEST_DATABASE_URL from DATABASE_URL
[TEST SETUP] Deleted DATABASE_URL, TEST_DATABASE_URL: SET

 [32mΓ£ô[39m [35m|unit|[39m __tests__/__unit__/services/bank-account/mappers/bank-account.mapper.test.ts [2m ([22m[2m8 tests[22m[2m)[22m[90m 12[2mms[22m[39m
[90mstdout[2m | __tests__/__unit__/services/norm/use-cases/list-norms.use-case.test.ts[22m[39m
[TEST SETUP] Loading .env.test from: C:\Users\moisreis\Projects\meta-investimentos\.env.test
Γùç injected env (1) from .env.test // tip: Γùê encrypted .env [www.dotenvx.com]
[TEST SETUP] Dotenv result: {
  parsed: {
    DATABASE_URL: [32m'postgresql://neondb_owner:npg_RrVLk0A3iwGU@ep-muddy-band-acxjnbbp-pooler.sa-east-1.aws.neon.tech/neondb?sslmode=require&channel_binding=require'[39m
  }
}
[TEST SETUP] DATABASE_URL from .env.test: postgresql://neondb_owner:npg_RrVLk0A3iwGU@ep-muddy-band-acxjnbbp-pooler.sa-east-1.aws.neon.tech/neondb?sslmode=require&channel_binding=require
[TEST SETUP] Set TEST_DATABASE_URL from DATABASE_URL
[TEST SETUP] Deleted DATABASE_URL, TEST_DATABASE_URL: SET

[90mstdout[2m | __tests__/__unit__/services/application/use-cases/list-all-applications.use-case.test.ts[22m[39m
[TEST SETUP] Loading .env.test from: C:\Users\moisreis\Projects\meta-investimentos\.env.test
Γùç injected env (1) from .env.test // tip: Γîÿ multiple files { path: ['.env.local', '.env'] }
[TEST SETUP] Dotenv result: {
  parsed: {
    DATABASE_URL: [32m'postgresql://neondb_owner:npg_RrVLk0A3iwGU@ep-muddy-band-acxjnbbp-pooler.sa-east-1.aws.neon.tech/neondb?sslmode=require&channel_binding=require'[39m
  }
}
[TEST SETUP] DATABASE_URL from .env.test: postgresql://neondb_owner:npg_RrVLk0A3iwGU@ep-muddy-band-acxjnbbp-pooler.sa-east-1.aws.neon.tech/neondb?sslmode=require&channel_binding=require
[TEST SETUP] Set TEST_DATABASE_URL from DATABASE_URL
[TEST SETUP] Deleted DATABASE_URL, TEST_DATABASE_URL: SET

 [32mΓ£ô[39m [35m|unit|[39m __tests__/__unit__/services/application/use-cases/list-applications.use-case.test.ts [2m ([22m[2m4 tests[22m[2m)[22m[90m 13[2mms[22m[39m
[90mstdout[2m | __tests__/__unit__/services/withdrawal/use-cases/list-withdrawals.use-case.test.ts[22m[39m
[TEST SETUP] Loading .env.test from: C:\Users\moisreis\Projects\meta-investimentos\.env.test
Γùç injected env (1) from .env.test // tip: Γùê secrets for agents [www.dotenvx.com]
[TEST SETUP] Dotenv result: {
  parsed: {
    DATABASE_URL: [32m'postgresql://neondb_owner:npg_RrVLk0A3iwGU@ep-muddy-band-acxjnbbp-pooler.sa-east-1.aws.neon.tech/neondb?sslmode=require&channel_binding=require'[39m
  }
}
[TEST SETUP] DATABASE_URL from .env.test: postgresql://neondb_owner:npg_RrVLk0A3iwGU@ep-muddy-band-acxjnbbp-pooler.sa-east-1.aws.neon.tech/neondb?sslmode=require&channel_binding=require
[TEST SETUP] Set TEST_DATABASE_URL from DATABASE_URL
[TEST SETUP] Deleted DATABASE_URL, TEST_DATABASE_URL: SET

 [32mΓ£ô[39m [35m|unit|[39m __tests__/__unit__/services/norm/use-cases/list-norms.use-case.test.ts [2m ([22m[2m5 tests[22m[2m)[22m[90m 15[2mms[22m[39m
 [32mΓ£ô[39m [35m|unit|[39m __tests__/__unit__/services/application/use-cases/list-all-applications.use-case.test.ts [2m ([22m[2m5 tests[22m[2m)[22m[90m 14[2mms[22m[39m
[90mstdout[2m | __tests__/__unit__/services/quota/use-cases/list-quota-dates.use-case.test.ts[22m[39m
[TEST SETUP] Loading .env.test from: C:\Users\moisreis\Projects\meta-investimentos\.env.test
Γùç injected env (1) from .env.test // tip: Γîÿ suppress logs { quiet: true }
[TEST SETUP] Dotenv result: {
  parsed: {
    DATABASE_URL: [32m'postgresql://neondb_owner:npg_RrVLk0A3iwGU@ep-muddy-band-acxjnbbp-pooler.sa-east-1.aws.neon.tech/neondb?sslmode=require&channel_binding=require'[39m
  }
}
[TEST SETUP] DATABASE_URL from .env.test: postgresql://neondb_owner:npg_RrVLk0A3iwGU@ep-muddy-band-acxjnbbp-pooler.sa-east-1.aws.neon.tech/neondb?sslmode=require&channel_binding=require
[TEST SETUP] Set TEST_DATABASE_URL from DATABASE_URL
[TEST SETUP] Deleted DATABASE_URL, TEST_DATABASE_URL: SET

 [32mΓ£ô[39m [35m|unit|[39m __tests__/__unit__/services/withdrawal/use-cases/list-withdrawals.use-case.test.ts [2m ([22m[2m4 tests[22m[2m)[22m[90m 12[2mms[22m[39m
[90mstdout[2m | __tests__/__unit__/services/withdrawal/use-cases/list-all-withdrawals.use-case.test.ts[22m[39m
[TEST SETUP] Loading .env.test from: C:\Users\moisreis\Projects\meta-investimentos\.env.test
Γùç injected env (1) from .env.test // tip: Γùê secrets for agents [www.dotenvx.com]
[TEST SETUP] Dotenv result: {
  parsed: {
    DATABASE_URL: [32m'postgresql://neondb_owner:npg_RrVLk0A3iwGU@ep-muddy-band-acxjnbbp-pooler.sa-east-1.aws.neon.tech/neondb?sslmode=require&channel_binding=require'[39m
  }
}
[TEST SETUP] DATABASE_URL from .env.test: postgresql://neondb_owner:npg_RrVLk0A3iwGU@ep-muddy-band-acxjnbbp-pooler.sa-east-1.aws.neon.tech/neondb?sslmode=require&channel_binding=require
[TEST SETUP] Set TEST_DATABASE_URL from DATABASE_URL
[TEST SETUP] Deleted DATABASE_URL, TEST_DATABASE_URL: SET

[90mstdout[2m | __tests__/__unit__/services/norm/use-cases/get-norm.use-case.test.ts[22m[39m
[TEST SETUP] Loading .env.test from: C:\Users\moisreis\Projects\meta-investimentos\.env.test
Γùç injected env (1) from .env.test // tip: Γîÿ enable debugging { debug: true }
[TEST SETUP] Dotenv result: {
  parsed: {
    DATABASE_URL: [32m'postgresql://neondb_owner:npg_RrVLk0A3iwGU@ep-muddy-band-acxjnbbp-pooler.sa-east-1.aws.neon.tech/neondb?sslmode=require&channel_binding=require'[39m
  }
}
[TEST SETUP] DATABASE_URL from .env.test: postgresql://neondb_owner:npg_RrVLk0A3iwGU@ep-muddy-band-acxjnbbp-pooler.sa-east-1.aws.neon.tech/neondb?sslmode=require&channel_binding=require
[TEST SETUP] Set TEST_DATABASE_URL from DATABASE_URL
[TEST SETUP] Deleted DATABASE_URL, TEST_DATABASE_URL: SET

 [32mΓ£ô[39m [35m|unit|[39m __tests__/__unit__/services/quota/use-cases/list-quota-dates.use-case.test.ts [2m ([22m[2m5 tests[22m[2m)[22m[90m 12[2mms[22m[39m
[90mstdout[2m | __tests__/__unit__/services/application/use-cases/reverse-application.use-case.test.ts[22m[39m
[TEST SETUP] Loading .env.test from: C:\Users\moisreis\Projects\meta-investimentos\.env.test
Γùç injected env (1) from .env.test // tip: Γîÿ override existing { override: true }
[TEST SETUP] Dotenv result: {
  parsed: {
    DATABASE_URL: [32m'postgresql://neondb_owner:npg_RrVLk0A3iwGU@ep-muddy-band-acxjnbbp-pooler.sa-east-1.aws.neon.tech/neondb?sslmode=require&channel_binding=require'[39m
  }
}
[TEST SETUP] DATABASE_URL from .env.test: postgresql://neondb_owner:npg_RrVLk0A3iwGU@ep-muddy-band-acxjnbbp-pooler.sa-east-1.aws.neon.tech/neondb?sslmode=require&channel_binding=require
[TEST SETUP] Set TEST_DATABASE_URL from DATABASE_URL
[TEST SETUP] Deleted DATABASE_URL, TEST_DATABASE_URL: SET

 [32mΓ£ô[39m [35m|unit|[39m __tests__/__unit__/services/withdrawal/use-cases/list-all-withdrawals.use-case.test.ts [2m ([22m[2m5 tests[22m[2m)[22m[90m 13[2mms[22m[39m
 [32mΓ£ô[39m [35m|unit|[39m __tests__/__unit__/services/norm/use-cases/get-norm.use-case.test.ts [2m ([22m[2m5 tests[22m[2m)[22m[90m 15[2mms[22m[39m
[90mstdout[2m | __tests__/__unit__/domain/portfolio/calculators/cumulative-target.calculator.test.ts[22m[39m
[TEST SETUP] Loading .env.test from: C:\Users\moisreis\Projects\meta-investimentos\.env.test
Γùç injected env (1) from .env.test // tip: Γîÿ multiple files { path: ['.env.local', '.env'] }
[TEST SETUP] Dotenv result: {
  parsed: {
    DATABASE_URL: [32m'postgresql://neondb_owner:npg_RrVLk0A3iwGU@ep-muddy-band-acxjnbbp-pooler.sa-east-1.aws.neon.tech/neondb?sslmode=require&channel_binding=require'[39m
  }
}
[TEST SETUP] DATABASE_URL from .env.test: postgresql://neondb_owner:npg_RrVLk0A3iwGU@ep-muddy-band-acxjnbbp-pooler.sa-east-1.aws.neon.tech/neondb?sslmode=require&channel_binding=require
[TEST SETUP] Set TEST_DATABASE_URL from DATABASE_URL
[TEST SETUP] Deleted DATABASE_URL, TEST_DATABASE_URL: SET

[90mstdout[2m | __tests__/__unit__/domain/position/calculators/application-quotas-sum.calculator.test.ts[22m[39m
[TEST SETUP] Loading .env.test from: C:\Users\moisreis\Projects\meta-investimentos\.env.test
Γùç injected env (1) from .env.test // tip: Γîÿ suppress logs { quiet: true }
[TEST SETUP] Dotenv result: {
  parsed: {
    DATABASE_URL: [32m'postgresql://neondb_owner:npg_RrVLk0A3iwGU@ep-muddy-band-acxjnbbp-pooler.sa-east-1.aws.neon.tech/neondb?sslmode=require&channel_binding=require'[39m
  }
}
[TEST SETUP] DATABASE_URL from .env.test: postgresql://neondb_owner:npg_RrVLk0A3iwGU@ep-muddy-band-acxjnbbp-pooler.sa-east-1.aws.neon.tech/neondb?sslmode=require&channel_binding=require
[TEST SETUP] Set TEST_DATABASE_URL from DATABASE_URL
[TEST SETUP] Deleted DATABASE_URL, TEST_DATABASE_URL: SET

 [32mΓ£ô[39m [35m|unit|[39m __tests__/__unit__/services/application/use-cases/reverse-application.use-case.test.ts [2m ([22m[2m4 tests[22m[2m)[22m[90m 18[2mms[22m[39m
 [32mΓ£ô[39m [35m|unit|[39m __tests__/__unit__/domain/portfolio/calculators/cumulative-target.calculator.test.ts [2m ([22m[2m7 tests[22m[2m)[22m[90m 11[2mms[22m[39m
[90mstdout[2m | __tests__/__unit__/infrastructure/norms-portfolio/mappers/norms-portfolios.mapper.test.ts[22m[39m
[TEST SETUP] Loading .env.test from: C:\Users\moisreis\Projects\meta-investimentos\.env.test
Γùç injected env (1) from .env.test // tip: Γùê secrets for agents [www.dotenvx.com]
[TEST SETUP] Dotenv result: {
  parsed: {
    DATABASE_URL: [32m'postgresql://neondb_owner:npg_RrVLk0A3iwGU@ep-muddy-band-acxjnbbp-pooler.sa-east-1.aws.neon.tech/neondb?sslmode=require&channel_binding=require'[39m
  }
}
[TEST SETUP] DATABASE_URL from .env.test: postgresql://neondb_owner:npg_RrVLk0A3iwGU@ep-muddy-band-acxjnbbp-pooler.sa-east-1.aws.neon.tech/neondb?sslmode=require&channel_binding=require
[TEST SETUP] Set TEST_DATABASE_URL from DATABASE_URL
[TEST SETUP] Deleted DATABASE_URL, TEST_DATABASE_URL: SET

 [32mΓ£ô[39m [35m|unit|[39m __tests__/__unit__/domain/position/calculators/application-quotas-sum.calculator.test.ts [2m ([22m[2m7 tests[22m[2m)[22m[90m 10[2mms[22m[39m
[90mstdout[2m | __tests__/__unit__/services/benchmark-history/use-cases/get-benchmark-history.use-case.test.ts[22m[39m
[TEST SETUP] Loading .env.test from: C:\Users\moisreis\Projects\meta-investimentos\.env.test
Γùç injected env (1) from .env.test // tip: Γùê secrets for agents [www.dotenvx.com]
[TEST SETUP] Dotenv result: {
  parsed: {
    DATABASE_URL: [32m'postgresql://neondb_owner:npg_RrVLk0A3iwGU@ep-muddy-band-acxjnbbp-pooler.sa-east-1.aws.neon.tech/neondb?sslmode=require&channel_binding=require'[39m
  }
}
[TEST SETUP] DATABASE_URL from .env.test: postgresql://neondb_owner:npg_RrVLk0A3iwGU@ep-muddy-band-acxjnbbp-pooler.sa-east-1.aws.neon.tech/neondb?sslmode=require&channel_binding=require
[TEST SETUP] Set TEST_DATABASE_URL from DATABASE_URL
[TEST SETUP] Deleted DATABASE_URL, TEST_DATABASE_URL: SET

 [32mΓ£ô[39m [35m|unit|[39m __tests__/__unit__/infrastructure/norms-portfolio/mappers/norms-portfolios.mapper.test.ts [2m ([22m[2m3 tests[22m[2m)[22m[90m 10[2mms[22m[39m
[90mstdout[2m | __tests__/__unit__/domain/position/calculators/withdrawal-quotas-sum.calculator.test.ts[22m[39m
[TEST SETUP] Loading .env.test from: C:\Users\moisreis\Projects\meta-investimentos\.env.test
Γùç injected env (1) from .env.test // tip: Γîÿ multiple files { path: ['.env.local', '.env'] }
[TEST SETUP] Dotenv result: {
  parsed: {
    DATABASE_URL: [32m'postgresql://neondb_owner:npg_RrVLk0A3iwGU@ep-muddy-band-acxjnbbp-pooler.sa-east-1.aws.neon.tech/neondb?sslmode=require&channel_binding=require'[39m
  }
}
[TEST SETUP] DATABASE_URL from .env.test: postgresql://neondb_owner:npg_RrVLk0A3iwGU@ep-muddy-band-acxjnbbp-pooler.sa-east-1.aws.neon.tech/neondb?sslmode=require&channel_binding=require
[TEST SETUP] Set TEST_DATABASE_URL from DATABASE_URL
[TEST SETUP] Deleted DATABASE_URL, TEST_DATABASE_URL: SET

[90mstdout[2m | __tests__/__unit__/services/checking-account/use-cases/bulk-delete-checking-accounts.use-case.test.ts[22m[39m
[TEST SETUP] Loading .env.test from: C:\Users\moisreis\Projects\meta-investimentos\.env.test
Γùç injected env (1) from .env.test // tip: Γîü auth for agents [www.vestauth.com]
[TEST SETUP] Dotenv result: {
  parsed: {
    DATABASE_URL: [32m'postgresql://neondb_owner:npg_RrVLk0A3iwGU@ep-muddy-band-acxjnbbp-pooler.sa-east-1.aws.neon.tech/neondb?sslmode=require&channel_binding=require'[39m
  }
}
[TEST SETUP] DATABASE_URL from .env.test: postgresql://neondb_owner:npg_RrVLk0A3iwGU@ep-muddy-band-acxjnbbp-pooler.sa-east-1.aws.neon.tech/neondb?sslmode=require&channel_binding=require
[TEST SETUP] Set TEST_DATABASE_URL from DATABASE_URL
[TEST SETUP] Deleted DATABASE_URL, TEST_DATABASE_URL: SET

 [32mΓ£ô[39m [35m|unit|[39m __tests__/__unit__/services/benchmark-history/use-cases/get-benchmark-history.use-case.test.ts [2m ([22m[2m3 tests[22m[2m)[22m[90m 11[2mms[22m[39m
 [32mΓ£ô[39m [35m|unit|[39m __tests__/__unit__/domain/position/calculators/withdrawal-quotas-sum.calculator.test.ts [2m ([22m[2m7 tests[22m[2m)[22m[90m 11[2mms[22m[39m
[90mstdout[2m | __tests__/__unit__/services/withdrawal/use-cases/reverse-withdrawal.use-case.test.ts[22m[39m
[TEST SETUP] Loading .env.test from: C:\Users\moisreis\Projects\meta-investimentos\.env.test
Γùç injected env (1) from .env.test // tip: Γîÿ suppress logs { quiet: true }
[TEST SETUP] Dotenv result: {
  parsed: {
    DATABASE_URL: [32m'postgresql://neondb_owner:npg_RrVLk0A3iwGU@ep-muddy-band-acxjnbbp-pooler.sa-east-1.aws.neon.tech/neondb?sslmode=require&channel_binding=require'[39m
  }
}
[TEST SETUP] DATABASE_URL from .env.test: postgresql://neondb_owner:npg_RrVLk0A3iwGU@ep-muddy-band-acxjnbbp-pooler.sa-east-1.aws.neon.tech/neondb?sslmode=require&channel_binding=require
[TEST SETUP] Set TEST_DATABASE_URL from DATABASE_URL
[TEST SETUP] Deleted DATABASE_URL, TEST_DATABASE_URL: SET

 [32mΓ£ô[39m [35m|unit|[39m __tests__/__unit__/services/checking-account/use-cases/bulk-delete-checking-accounts.use-case.test.ts [2m ([22m[2m4 tests[22m[2m)[22m[90m 10[2mms[22m[39m
[90mstdout[2m | __tests__/__unit__/services/position-performance/use-cases/delete-position-performance.use-case.test.ts[22m[39m
[TEST SETUP] Loading .env.test from: C:\Users\moisreis\Projects\meta-investimentos\.env.test
Γùç injected env (1) from .env.test // tip: Γîÿ suppress logs { quiet: true }
[TEST SETUP] Dotenv result: {
  parsed: {
    DATABASE_URL: [32m'postgresql://neondb_owner:npg_RrVLk0A3iwGU@ep-muddy-band-acxjnbbp-pooler.sa-east-1.aws.neon.tech/neondb?sslmode=require&channel_binding=require'[39m
  }
}
[TEST SETUP] DATABASE_URL from .env.test: postgresql://neondb_owner:npg_RrVLk0A3iwGU@ep-muddy-band-acxjnbbp-pooler.sa-east-1.aws.neon.tech/neondb?sslmode=require&channel_binding=require
[TEST SETUP] Set TEST_DATABASE_URL from DATABASE_URL
[TEST SETUP] Deleted DATABASE_URL, TEST_DATABASE_URL: SET

[90mstdout[2m | __tests__/__unit__/infrastructure/quota/mappers/quota.mapper.test.ts[22m[39m
[TEST SETUP] Loading .env.test from: C:\Users\moisreis\Projects\meta-investimentos\.env.test
Γùç injected env (1) from .env.test // tip: Γîü auth for agents [www.vestauth.com]
[TEST SETUP] Dotenv result: {
  parsed: {
    DATABASE_URL: [32m'postgresql://neondb_owner:npg_RrVLk0A3iwGU@ep-muddy-band-acxjnbbp-pooler.sa-east-1.aws.neon.tech/neondb?sslmode=require&channel_binding=require'[39m
  }
}
[TEST SETUP] DATABASE_URL from .env.test: postgresql://neondb_owner:npg_RrVLk0A3iwGU@ep-muddy-band-acxjnbbp-pooler.sa-east-1.aws.neon.tech/neondb?sslmode=require&channel_binding=require
[TEST SETUP] Set TEST_DATABASE_URL from DATABASE_URL
[TEST SETUP] Deleted DATABASE_URL, TEST_DATABASE_URL: SET

 [32mΓ£ô[39m [35m|unit|[39m __tests__/__unit__/services/withdrawal/use-cases/reverse-withdrawal.use-case.test.ts [2m ([22m[2m4 tests[22m[2m)[22m[90m 16[2mms[22m[39m
[90mstdout[2m | __tests__/__unit__/services/quota/use-cases/list-quotas.use-case.test.ts[22m[39m
[TEST SETUP] Loading .env.test from: C:\Users\moisreis\Projects\meta-investimentos\.env.test
Γùç injected env (1) from .env.test // tip: Γîÿ override existing { override: true }
[TEST SETUP] Dotenv result: {
  parsed: {
    DATABASE_URL: [32m'postgresql://neondb_owner:npg_RrVLk0A3iwGU@ep-muddy-band-acxjnbbp-pooler.sa-east-1.aws.neon.tech/neondb?sslmode=require&channel_binding=require'[39m
  }
}
[TEST SETUP] DATABASE_URL from .env.test: postgresql://neondb_owner:npg_RrVLk0A3iwGU@ep-muddy-band-acxjnbbp-pooler.sa-east-1.aws.neon.tech/neondb?sslmode=require&channel_binding=require
[TEST SETUP] Set TEST_DATABASE_URL from DATABASE_URL
[TEST SETUP] Deleted DATABASE_URL, TEST_DATABASE_URL: SET

 [32mΓ£ô[39m [35m|unit|[39m __tests__/__unit__/services/position-performance/use-cases/delete-position-performance.use-case.test.ts [2m ([22m[2m5 tests[22m[2m)[22m[90m 15[2mms[22m[39m
 [32mΓ£ô[39m [35m|unit|[39m __tests__/__unit__/infrastructure/quota/mappers/quota.mapper.test.ts [2m ([22m[2m5 tests[22m[2m)[22m[90m 12[2mms[22m[39m
[90mstdout[2m | __tests__/__unit__/services/bank-account/use-cases/get-bank-account.use-case.test.ts[22m[39m
[TEST SETUP] Loading .env.test from: C:\Users\moisreis\Projects\meta-investimentos\.env.test
Γùç injected env (1) from .env.test // tip: Γîü auth for agents [www.vestauth.com]
[TEST SETUP] Dotenv result: {
  parsed: {
    DATABASE_URL: [32m'postgresql://neondb_owner:npg_RrVLk0A3iwGU@ep-muddy-band-acxjnbbp-pooler.sa-east-1.aws.neon.tech/neondb?sslmode=require&channel_binding=require'[39m
  }
}
[TEST SETUP] DATABASE_URL from .env.test: postgresql://neondb_owner:npg_RrVLk0A3iwGU@ep-muddy-band-acxjnbbp-pooler.sa-east-1.aws.neon.tech/neondb?sslmode=require&channel_binding=require
[TEST SETUP] Set TEST_DATABASE_URL from DATABASE_URL
[TEST SETUP] Deleted DATABASE_URL, TEST_DATABASE_URL: SET

 [32mΓ£ô[39m [35m|unit|[39m __tests__/__unit__/services/quota/use-cases/list-quotas.use-case.test.ts [2m ([22m[2m5 tests[22m[2m)[22m[90m 13[2mms[22m[39m
[90mstdout[2m | __tests__/__unit__/services/bank-account/use-cases/bulk-delete-bank-accounts.use-case.test.ts[22m[39m
[TEST SETUP] Loading .env.test from: C:\Users\moisreis\Projects\meta-investimentos\.env.test
Γùç injected env (1) from .env.test // tip: Γîÿ multiple files { path: ['.env.local', '.env'] }
[TEST SETUP] Dotenv result: {
  parsed: {
    DATABASE_URL: [32m'postgresql://neondb_owner:npg_RrVLk0A3iwGU@ep-muddy-band-acxjnbbp-pooler.sa-east-1.aws.neon.tech/neondb?sslmode=require&channel_binding=require'[39m
  }
}
[TEST SETUP] DATABASE_URL from .env.test: postgresql://neondb_owner:npg_RrVLk0A3iwGU@ep-muddy-band-acxjnbbp-pooler.sa-east-1.aws.neon.tech/neondb?sslmode=require&channel_binding=require
[TEST SETUP] Set TEST_DATABASE_URL from DATABASE_URL
[TEST SETUP] Deleted DATABASE_URL, TEST_DATABASE_URL: SET

[90mstdout[2m | __tests__/__unit__/services/category/use-cases/create-category.use-case.test.ts[22m[39m
[TEST SETUP] Loading .env.test from: C:\Users\moisreis\Projects\meta-investimentos\.env.test
Γùç injected env (1) from .env.test // tip: Γîÿ suppress logs { quiet: true }
[TEST SETUP] Dotenv result: {
  parsed: {
    DATABASE_URL: [32m'postgresql://neondb_owner:npg_RrVLk0A3iwGU@ep-muddy-band-acxjnbbp-pooler.sa-east-1.aws.neon.tech/neondb?sslmode=require&channel_binding=require'[39m
  }
}
[TEST SETUP] DATABASE_URL from .env.test: postgresql://neondb_owner:npg_RrVLk0A3iwGU@ep-muddy-band-acxjnbbp-pooler.sa-east-1.aws.neon.tech/neondb?sslmode=require&channel_binding=require
[TEST SETUP] Set TEST_DATABASE_URL from DATABASE_URL
[TEST SETUP] Deleted DATABASE_URL, TEST_DATABASE_URL: SET

 [32mΓ£ô[39m [35m|unit|[39m __tests__/__unit__/services/bank-account/use-cases/get-bank-account.use-case.test.ts [2m ([22m[2m3 tests[22m[2m)[22m[90m 14[2mms[22m[39m
[90mstdout[2m | __tests__/__unit__/services/transaction-allocation/use-cases/list-transaction-allocations.use-case.test.ts[22m[39m
[TEST SETUP] Loading .env.test from: C:\Users\moisreis\Projects\meta-investimentos\.env.test
Γùç injected env (1) from .env.test // tip: Γîÿ override existing { override: true }
[TEST SETUP] Dotenv result: {
  parsed: {
    DATABASE_URL: [32m'postgresql://neondb_owner:npg_RrVLk0A3iwGU@ep-muddy-band-acxjnbbp-pooler.sa-east-1.aws.neon.tech/neondb?sslmode=require&channel_binding=require'[39m
  }
}
[TEST SETUP] DATABASE_URL from .env.test: postgresql://neondb_owner:npg_RrVLk0A3iwGU@ep-muddy-band-acxjnbbp-pooler.sa-east-1.aws.neon.tech/neondb?sslmode=require&channel_binding=require
[TEST SETUP] Set TEST_DATABASE_URL from DATABASE_URL
[TEST SETUP] Deleted DATABASE_URL, TEST_DATABASE_URL: SET

 [32mΓ£ô[39m [35m|unit|[39m __tests__/__unit__/services/bank-account/use-cases/bulk-delete-bank-accounts.use-case.test.ts [2m ([22m[2m3 tests[22m[2m)[22m[90m 11[2mms[22m[39m
 [32mΓ£ô[39m [35m|unit|[39m __tests__/__unit__/services/category/use-cases/create-category.use-case.test.ts [2m ([22m[2m6 tests[22m[2m)[22m[90m 19[2mms[22m[39m
[90mstdout[2m | __tests__/__unit__/services/bank/use-cases/bulk-delete-banks.use-case.test.ts[22m[39m
[TEST SETUP] Loading .env.test from: C:\Users\moisreis\Projects\meta-investimentos\.env.test
Γùç injected env (1) from .env.test // tip: Γîÿ override existing { override: true }
[TEST SETUP] Dotenv result: {
  parsed: {
    DATABASE_URL: [32m'postgresql://neondb_owner:npg_RrVLk0A3iwGU@ep-muddy-band-acxjnbbp-pooler.sa-east-1.aws.neon.tech/neondb?sslmode=require&channel_binding=require'[39m
  }
}
[TEST SETUP] DATABASE_URL from .env.test: postgresql://neondb_owner:npg_RrVLk0A3iwGU@ep-muddy-band-acxjnbbp-pooler.sa-east-1.aws.neon.tech/neondb?sslmode=require&channel_binding=require
[TEST SETUP] Set TEST_DATABASE_URL from DATABASE_URL
[TEST SETUP] Deleted DATABASE_URL, TEST_DATABASE_URL: SET

[90mstdout[2m | __tests__/__unit__/services/portfolio/use-cases/list-portfolios.use-case.test.ts[22m[39m
[TEST SETUP] Loading .env.test from: C:\Users\moisreis\Projects\meta-investimentos\.env.test
Γùç injected env (1) from .env.test // tip: Γîÿ suppress logs { quiet: true }
[TEST SETUP] Dotenv result: {
  parsed: {
    DATABASE_URL: [32m'postgresql://neondb_owner:npg_RrVLk0A3iwGU@ep-muddy-band-acxjnbbp-pooler.sa-east-1.aws.neon.tech/neondb?sslmode=require&channel_binding=require'[39m
  }
}
[TEST SETUP] DATABASE_URL from .env.test: postgresql://neondb_owner:npg_RrVLk0A3iwGU@ep-muddy-band-acxjnbbp-pooler.sa-east-1.aws.neon.tech/neondb?sslmode=require&channel_binding=require
[TEST SETUP] Set TEST_DATABASE_URL from DATABASE_URL
[TEST SETUP] Deleted DATABASE_URL, TEST_DATABASE_URL: SET

 [32mΓ£ô[39m [35m|unit|[39m __tests__/__unit__/services/transaction-allocation/use-cases/list-transaction-allocations.use-case.test.ts [2m ([22m[2m3 tests[22m[2m)[22m[90m 12[2mms[22m[39m
[90mstdout[2m | __tests__/__unit__/services/portfolio/use-cases/get-portfolio.use-case.test.ts[22m[39m
[TEST SETUP] Loading .env.test from: C:\Users\moisreis\Projects\meta-investimentos\.env.test
Γùç injected env (1) from .env.test // tip: Γùê encrypted .env [www.dotenvx.com]
[TEST SETUP] Dotenv result: {
  parsed: {
    DATABASE_URL: [32m'postgresql://neondb_owner:npg_RrVLk0A3iwGU@ep-muddy-band-acxjnbbp-pooler.sa-east-1.aws.neon.tech/neondb?sslmode=require&channel_binding=require'[39m
  }
}
[TEST SETUP] DATABASE_URL from .env.test: postgresql://neondb_owner:npg_RrVLk0A3iwGU@ep-muddy-band-acxjnbbp-pooler.sa-east-1.aws.neon.tech/neondb?sslmode=require&channel_binding=require
[TEST SETUP] Set TEST_DATABASE_URL from DATABASE_URL
[TEST SETUP] Deleted DATABASE_URL, TEST_DATABASE_URL: SET

 [32mΓ£ô[39m [35m|unit|[39m __tests__/__unit__/services/portfolio/use-cases/list-portfolios.use-case.test.ts [2m ([22m[2m4 tests[22m[2m)[22m[90m 17[2mms[22m[39m
 [32mΓ£ô[39m [35m|unit|[39m __tests__/__unit__/services/bank/use-cases/bulk-delete-banks.use-case.test.ts [2m ([22m[2m4 tests[22m[2m)[22m[90m 12[2mms[22m[39m
[90mstdout[2m | __tests__/__unit__/services/checking-account/use-cases/list-checking-account-history.use-case.test.ts[22m[39m
[TEST SETUP] Loading .env.test from: C:\Users\moisreis\Projects\meta-investimentos\.env.test
Γùç injected env (1) from .env.test // tip: Γùê secrets for agents [www.dotenvx.com]
[TEST SETUP] Dotenv result: {
  parsed: {
    DATABASE_URL: [32m'postgresql://neondb_owner:npg_RrVLk0A3iwGU@ep-muddy-band-acxjnbbp-pooler.sa-east-1.aws.neon.tech/neondb?sslmode=require&channel_binding=require'[39m
  }
}
[TEST SETUP] DATABASE_URL from .env.test: postgresql://neondb_owner:npg_RrVLk0A3iwGU@ep-muddy-band-acxjnbbp-pooler.sa-east-1.aws.neon.tech/neondb?sslmode=require&channel_binding=require
[TEST SETUP] Set TEST_DATABASE_URL from DATABASE_URL
[TEST SETUP] Deleted DATABASE_URL, TEST_DATABASE_URL: SET

 [32mΓ£ô[39m [35m|unit|[39m __tests__/__unit__/services/portfolio/use-cases/get-portfolio.use-case.test.ts [2m ([22m[2m4 tests[22m[2m)[22m[90m 15[2mms[22m[39m
[90mstdout[2m | __tests__/__unit__/infrastructure/category/mappers/category.mapper.test.ts[22m[39m
[TEST SETUP] Loading .env.test from: C:\Users\moisreis\Projects\meta-investimentos\.env.test
Γùç injected env (1) from .env.test // tip: Γîÿ suppress logs { quiet: true }
[TEST SETUP] Dotenv result: {
  parsed: {
    DATABASE_URL: [32m'postgresql://neondb_owner:npg_RrVLk0A3iwGU@ep-muddy-band-acxjnbbp-pooler.sa-east-1.aws.neon.tech/neondb?sslmode=require&channel_binding=require'[39m
  }
}
[TEST SETUP] DATABASE_URL from .env.test: postgresql://neondb_owner:npg_RrVLk0A3iwGU@ep-muddy-band-acxjnbbp-pooler.sa-east-1.aws.neon.tech/neondb?sslmode=require&channel_binding=require
[TEST SETUP] Set TEST_DATABASE_URL from DATABASE_URL
[TEST SETUP] Deleted DATABASE_URL, TEST_DATABASE_URL: SET

[90mstdout[2m | __tests__/__unit__/infrastructure/benchmark/mappers/benchmark.mapper.test.ts[22m[39m
[TEST SETUP] Loading .env.test from: C:\Users\moisreis\Projects\meta-investimentos\.env.test
Γùç injected env (1) from .env.test // tip: Γîÿ multiple files { path: ['.env.local', '.env'] }
[TEST SETUP] Dotenv result: {
  parsed: {
    DATABASE_URL: [32m'postgresql://neondb_owner:npg_RrVLk0A3iwGU@ep-muddy-band-acxjnbbp-pooler.sa-east-1.aws.neon.tech/neondb?sslmode=require&channel_binding=require'[39m
  }
}
[TEST SETUP] DATABASE_URL from .env.test: postgresql://neondb_owner:npg_RrVLk0A3iwGU@ep-muddy-band-acxjnbbp-pooler.sa-east-1.aws.neon.tech/neondb?sslmode=require&channel_binding=require
[TEST SETUP] Set TEST_DATABASE_URL from DATABASE_URL
[TEST SETUP] Deleted DATABASE_URL, TEST_DATABASE_URL: SET

 [32mΓ£ô[39m [35m|unit|[39m __tests__/__unit__/services/checking-account/use-cases/list-checking-account-history.use-case.test.ts [2m ([22m[2m3 tests[22m[2m)[22m[90m 14[2mms[22m[39m
 [32mΓ£ô[39m [35m|unit|[39m __tests__/__unit__/infrastructure/category/mappers/category.mapper.test.ts [2m ([22m[2m5 tests[22m[2m)[22m[90m 10[2mms[22m[39m
[90mstdout[2m | __tests__/__unit__/services/user/use-cases/bulk-delete-users.use-case.test.ts[22m[39m
[TEST SETUP] Loading .env.test from: C:\Users\moisreis\Projects\meta-investimentos\.env.test
Γùç injected env (1) from .env.test // tip: Γîÿ suppress logs { quiet: true }
[TEST SETUP] Dotenv result: {
  parsed: {
    DATABASE_URL: [32m'postgresql://neondb_owner:npg_RrVLk0A3iwGU@ep-muddy-band-acxjnbbp-pooler.sa-east-1.aws.neon.tech/neondb?sslmode=require&channel_binding=require'[39m
  }
}
[TEST SETUP] DATABASE_URL from .env.test: postgresql://neondb_owner:npg_RrVLk0A3iwGU@ep-muddy-band-acxjnbbp-pooler.sa-east-1.aws.neon.tech/neondb?sslmode=require&channel_binding=require
[TEST SETUP] Set TEST_DATABASE_URL from DATABASE_URL
[TEST SETUP] Deleted DATABASE_URL, TEST_DATABASE_URL: SET

[90mstdout[2m | __tests__/__unit__/services/category/use-cases/get-category.use-case.test.ts[22m[39m
[TEST SETUP] Loading .env.test from: C:\Users\moisreis\Projects\meta-investimentos\.env.test
Γùç injected env (1) from .env.test // tip: Γîÿ custom filepath { path: '/custom/path/.env' }
[TEST SETUP] Dotenv result: {
  parsed: {
    DATABASE_URL: [32m'postgresql://neondb_owner:npg_RrVLk0A3iwGU@ep-muddy-band-acxjnbbp-pooler.sa-east-1.aws.neon.tech/neondb?sslmode=require&channel_binding=require'[39m
  }
}
[TEST SETUP] DATABASE_URL from .env.test: postgresql://neondb_owner:npg_RrVLk0A3iwGU@ep-muddy-band-acxjnbbp-pooler.sa-east-1.aws.neon.tech/neondb?sslmode=require&channel_binding=require
[TEST SETUP] Set TEST_DATABASE_URL from DATABASE_URL
[TEST SETUP] Deleted DATABASE_URL, TEST_DATABASE_URL: SET

 [32mΓ£ô[39m [35m|unit|[39m __tests__/__unit__/infrastructure/benchmark/mappers/benchmark.mapper.test.ts [2m ([22m[2m5 tests[22m[2m)[22m[90m 12[2mms[22m[39m
[90mstdout[2m | __tests__/__unit__/domain/position/calculators/withdrawal-sum.calculator.test.ts[22m[39m
[TEST SETUP] Loading .env.test from: C:\Users\moisreis\Projects\meta-investimentos\.env.test
Γùç injected env (1) from .env.test // tip: Γîÿ override existing { override: true }
[TEST SETUP] Dotenv result: {
  parsed: {
    DATABASE_URL: [32m'postgresql://neondb_owner:npg_RrVLk0A3iwGU@ep-muddy-band-acxjnbbp-pooler.sa-east-1.aws.neon.tech/neondb?sslmode=require&channel_binding=require'[39m
  }
}
[TEST SETUP] DATABASE_URL from .env.test: postgresql://neondb_owner:npg_RrVLk0A3iwGU@ep-muddy-band-acxjnbbp-pooler.sa-east-1.aws.neon.tech/neondb?sslmode=require&channel_binding=require
[TEST SETUP] Set TEST_DATABASE_URL from DATABASE_URL
[TEST SETUP] Deleted DATABASE_URL, TEST_DATABASE_URL: SET

 [32mΓ£ô[39m [35m|unit|[39m __tests__/__unit__/services/user/use-cases/bulk-delete-users.use-case.test.ts [2m ([22m[2m4 tests[22m[2m)[22m[90m 10[2mms[22m[39m
[90mstdout[2m | __tests__/__unit__/services/statement/use-cases/bulk-delete-statements.use-case.test.ts[22m[39m
[TEST SETUP] Loading .env.test from: C:\Users\moisreis\Projects\meta-investimentos\.env.test
Γùç injected env (1) from .env.test // tip: Γîÿ custom filepath { path: '/custom/path/.env' }
[TEST SETUP] Dotenv result: {
  parsed: {
    DATABASE_URL: [32m'postgresql://neondb_owner:npg_RrVLk0A3iwGU@ep-muddy-band-acxjnbbp-pooler.sa-east-1.aws.neon.tech/neondb?sslmode=require&channel_binding=require'[39m
  }
}
[TEST SETUP] DATABASE_URL from .env.test: postgresql://neondb_owner:npg_RrVLk0A3iwGU@ep-muddy-band-acxjnbbp-pooler.sa-east-1.aws.neon.tech/neondb?sslmode=require&channel_binding=require
[TEST SETUP] Set TEST_DATABASE_URL from DATABASE_URL
[TEST SETUP] Deleted DATABASE_URL, TEST_DATABASE_URL: SET

 [32mΓ£ô[39m [35m|unit|[39m __tests__/__unit__/services/category/use-cases/get-category.use-case.test.ts [2m ([22m[2m5 tests[22m[2m)[22m[90m 13[2mms[22m[39m
 [32mΓ£ô[39m [35m|unit|[39m __tests__/__unit__/domain/position/calculators/withdrawal-sum.calculator.test.ts [2m ([22m[2m7 tests[22m[2m)[22m[90m 9[2mms[22m[39m
[90mstdout[2m | __tests__/__unit__/domain/position/calculators/application-sum.calculator.test.ts[22m[39m
[TEST SETUP] Loading .env.test from: C:\Users\moisreis\Projects\meta-investimentos\.env.test
Γùç injected env (1) from .env.test // tip: Γîÿ enable debugging { debug: true }
[TEST SETUP] Dotenv result: {
  parsed: {
    DATABASE_URL: [32m'postgresql://neondb_owner:npg_RrVLk0A3iwGU@ep-muddy-band-acxjnbbp-pooler.sa-east-1.aws.neon.tech/neondb?sslmode=require&channel_binding=require'[39m
  }
}
[TEST SETUP] DATABASE_URL from .env.test: postgresql://neondb_owner:npg_RrVLk0A3iwGU@ep-muddy-band-acxjnbbp-pooler.sa-east-1.aws.neon.tech/neondb?sslmode=require&channel_binding=require
[TEST SETUP] Set TEST_DATABASE_URL from DATABASE_URL
[TEST SETUP] Deleted DATABASE_URL, TEST_DATABASE_URL: SET

 [32mΓ£ô[39m [35m|unit|[39m __tests__/__unit__/services/statement/use-cases/bulk-delete-statements.use-case.test.ts [2m ([22m[2m4 tests[22m[2m)[22m[90m 8[2mms[22m[39m
[90mstdout[2m | __tests__/__unit__/domain/portfolio/calculators/cash-flow-net.calculator.test.ts[22m[39m
[TEST SETUP] Loading .env.test from: C:\Users\moisreis\Projects\meta-investimentos\.env.test
Γùç injected env (1) from .env.test // tip: Γùê encrypted .env [www.dotenvx.com]
[TEST SETUP] Dotenv result: {
  parsed: {
    DATABASE_URL: [32m'postgresql://neondb_owner:npg_RrVLk0A3iwGU@ep-muddy-band-acxjnbbp-pooler.sa-east-1.aws.neon.tech/neondb?sslmode=require&channel_binding=require'[39m
  }
}
[TEST SETUP] DATABASE_URL from .env.test: postgresql://neondb_owner:npg_RrVLk0A3iwGU@ep-muddy-band-acxjnbbp-pooler.sa-east-1.aws.neon.tech/neondb?sslmode=require&channel_binding=require
[TEST SETUP] Set TEST_DATABASE_URL from DATABASE_URL
[TEST SETUP] Deleted DATABASE_URL, TEST_DATABASE_URL: SET

[90mstdout[2m | __tests__/__unit__/services/position/use-cases/delete-position.use-case.test.ts[22m[39m
[TEST SETUP] Loading .env.test from: C:\Users\moisreis\Projects\meta-investimentos\.env.test
Γùç injected env (1) from .env.test // tip: Γùê encrypted .env [www.dotenvx.com]
[TEST SETUP] Dotenv result: {
  parsed: {
    DATABASE_URL: [32m'postgresql://neondb_owner:npg_RrVLk0A3iwGU@ep-muddy-band-acxjnbbp-pooler.sa-east-1.aws.neon.tech/neondb?sslmode=require&channel_binding=require'[39m
  }
}
[TEST SETUP] DATABASE_URL from .env.test: postgresql://neondb_owner:npg_RrVLk0A3iwGU@ep-muddy-band-acxjnbbp-pooler.sa-east-1.aws.neon.tech/neondb?sslmode=require&channel_binding=require
[TEST SETUP] Set TEST_DATABASE_URL from DATABASE_URL
[TEST SETUP] Deleted DATABASE_URL, TEST_DATABASE_URL: SET

 [32mΓ£ô[39m [35m|unit|[39m __tests__/__unit__/domain/position/calculators/application-sum.calculator.test.ts [2m ([22m[2m7 tests[22m[2m)[22m[90m 9[2mms[22m[39m
 [32mΓ£ô[39m [35m|unit|[39m __tests__/__unit__/domain/portfolio/calculators/cash-flow-net.calculator.test.ts [2m ([22m[2m7 tests[22m[2m)[22m[90m 10[2mms[22m[39m
[90mstdout[2m | __tests__/__unit__/domain/portfolio/calculators/application-quotas-sum.calculator.test.ts[22m[39m
[TEST SETUP] Loading .env.test from: C:\Users\moisreis\Projects\meta-investimentos\.env.test
Γùç injected env (1) from .env.test // tip: Γîÿ suppress logs { quiet: true }
[TEST SETUP] Dotenv result: {
  parsed: {
    DATABASE_URL: [32m'postgresql://neondb_owner:npg_RrVLk0A3iwGU@ep-muddy-band-acxjnbbp-pooler.sa-east-1.aws.neon.tech/neondb?sslmode=require&channel_binding=require'[39m
  }
}
[TEST SETUP] DATABASE_URL from .env.test: postgresql://neondb_owner:npg_RrVLk0A3iwGU@ep-muddy-band-acxjnbbp-pooler.sa-east-1.aws.neon.tech/neondb?sslmode=require&channel_binding=require
[TEST SETUP] Set TEST_DATABASE_URL from DATABASE_URL
[TEST SETUP] Deleted DATABASE_URL, TEST_DATABASE_URL: SET

 [32mΓ£ô[39m [35m|unit|[39m __tests__/__unit__/services/position/use-cases/delete-position.use-case.test.ts [2m ([22m[2m5 tests[22m[2m)[22m[90m 14[2mms[22m[39m
[90mstdout[2m | __tests__/__unit__/services/position/use-cases/get-position.use-case.test.ts[22m[39m
[TEST SETUP] Loading .env.test from: C:\Users\moisreis\Projects\meta-investimentos\.env.test
Γùç injected env (1) from .env.test // tip: Γùê secrets for agents [www.dotenvx.com]
[TEST SETUP] Dotenv result: {
  parsed: {
    DATABASE_URL: [32m'postgresql://neondb_owner:npg_RrVLk0A3iwGU@ep-muddy-band-acxjnbbp-pooler.sa-east-1.aws.neon.tech/neondb?sslmode=require&channel_binding=require'[39m
  }
}
[TEST SETUP] DATABASE_URL from .env.test: postgresql://neondb_owner:npg_RrVLk0A3iwGU@ep-muddy-band-acxjnbbp-pooler.sa-east-1.aws.neon.tech/neondb?sslmode=require&channel_binding=require
[TEST SETUP] Set TEST_DATABASE_URL from DATABASE_URL
[TEST SETUP] Deleted DATABASE_URL, TEST_DATABASE_URL: SET

[90mstdout[2m | __tests__/__unit__/services/bank/use-cases/list-bank-row-summaries.use-case.test.ts[22m[39m
[TEST SETUP] Loading .env.test from: C:\Users\moisreis\Projects\meta-investimentos\.env.test
Γùç injected env (1) from .env.test // tip: Γîÿ override existing { override: true }
[TEST SETUP] Dotenv result: {
  parsed: {
    DATABASE_URL: [32m'postgresql://neondb_owner:npg_RrVLk0A3iwGU@ep-muddy-band-acxjnbbp-pooler.sa-east-1.aws.neon.tech/neondb?sslmode=require&channel_binding=require'[39m
  }
}
[TEST SETUP] DATABASE_URL from .env.test: postgresql://neondb_owner:npg_RrVLk0A3iwGU@ep-muddy-band-acxjnbbp-pooler.sa-east-1.aws.neon.tech/neondb?sslmode=require&channel_binding=require
[TEST SETUP] Set TEST_DATABASE_URL from DATABASE_URL
[TEST SETUP] Deleted DATABASE_URL, TEST_DATABASE_URL: SET

 [32mΓ£ô[39m [35m|unit|[39m __tests__/__unit__/domain/portfolio/calculators/application-quotas-sum.calculator.test.ts [2m ([22m[2m6 tests[22m[2m)[22m[90m 11[2mms[22m[39m
[90mstdout[2m | __tests__/__unit__/domain/portfolio/calculators/application-sum.calculator.test.ts[22m[39m
[TEST SETUP] Loading .env.test from: C:\Users\moisreis\Projects\meta-investimentos\.env.test
Γùç injected env (1) from .env.test // tip: Γîÿ enable debugging { debug: true }
[TEST SETUP] Dotenv result: {
  parsed: {
    DATABASE_URL: [32m'postgresql://neondb_owner:npg_RrVLk0A3iwGU@ep-muddy-band-acxjnbbp-pooler.sa-east-1.aws.neon.tech/neondb?sslmode=require&channel_binding=require'[39m
  }
}
[TEST SETUP] DATABASE_URL from .env.test: postgresql://neondb_owner:npg_RrVLk0A3iwGU@ep-muddy-band-acxjnbbp-pooler.sa-east-1.aws.neon.tech/neondb?sslmode=require&channel_binding=require
[TEST SETUP] Set TEST_DATABASE_URL from DATABASE_URL
[TEST SETUP] Deleted DATABASE_URL, TEST_DATABASE_URL: SET

 [32mΓ£ô[39m [35m|unit|[39m __tests__/__unit__/services/position/use-cases/get-position.use-case.test.ts [2m ([22m[2m4 tests[22m[2m)[22m[90m 12[2mms[22m[39m
 [32mΓ£ô[39m [35m|unit|[39m __tests__/__unit__/services/bank/use-cases/list-bank-row-summaries.use-case.test.ts [2m ([22m[2m3 tests[22m[2m)[22m[90m 9[2mms[22m[39m
[90mstdout[2m | __tests__/__unit__/services/category/use-cases/delete-category.use-case.test.ts[22m[39m
[TEST SETUP] Loading .env.test from: C:\Users\moisreis\Projects\meta-investimentos\.env.test
Γùç injected env (1) from .env.test // tip: Γùê secrets for agents [www.dotenvx.com]
[TEST SETUP] Dotenv result: {
  parsed: {
    DATABASE_URL: [32m'postgresql://neondb_owner:npg_RrVLk0A3iwGU@ep-muddy-band-acxjnbbp-pooler.sa-east-1.aws.neon.tech/neondb?sslmode=require&channel_binding=require'[39m
  }
}
[TEST SETUP] DATABASE_URL from .env.test: postgresql://neondb_owner:npg_RrVLk0A3iwGU@ep-muddy-band-acxjnbbp-pooler.sa-east-1.aws.neon.tech/neondb?sslmode=require&channel_binding=require
[TEST SETUP] Set TEST_DATABASE_URL from DATABASE_URL
[TEST SETUP] Deleted DATABASE_URL, TEST_DATABASE_URL: SET

[90mstdout[2m | __tests__/__unit__/services/category/mappers/category.mapper.test.ts[22m[39m
[TEST SETUP] Loading .env.test from: C:\Users\moisreis\Projects\meta-investimentos\.env.test
Γùç injected env (1) from .env.test // tip: Γùê secrets for agents [www.dotenvx.com]
[TEST SETUP] Dotenv result: {
  parsed: {
    DATABASE_URL: [32m'postgresql://neondb_owner:npg_RrVLk0A3iwGU@ep-muddy-band-acxjnbbp-pooler.sa-east-1.aws.neon.tech/neondb?sslmode=require&channel_binding=require'[39m
  }
}
[TEST SETUP] DATABASE_URL from .env.test: postgresql://neondb_owner:npg_RrVLk0A3iwGU@ep-muddy-band-acxjnbbp-pooler.sa-east-1.aws.neon.tech/neondb?sslmode=require&channel_binding=require
[TEST SETUP] Set TEST_DATABASE_URL from DATABASE_URL
[TEST SETUP] Deleted DATABASE_URL, TEST_DATABASE_URL: SET

 [32mΓ£ô[39m [35m|unit|[39m __tests__/__unit__/domain/portfolio/calculators/application-sum.calculator.test.ts [2m ([22m[2m6 tests[22m[2m)[22m[90m 10[2mms[22m[39m
[90mstdout[2m | __tests__/__unit__/services/portfolio-performance/use-cases/delete-portfolio-performance.use-case.test.ts[22m[39m
[TEST SETUP] Loading .env.test from: C:\Users\moisreis\Projects\meta-investimentos\.env.test
Γùç injected env (1) from .env.test // tip: Γîÿ enable debugging { debug: true }
[TEST SETUP] Dotenv result: {
  parsed: {
    DATABASE_URL: [32m'postgresql://neondb_owner:npg_RrVLk0A3iwGU@ep-muddy-band-acxjnbbp-pooler.sa-east-1.aws.neon.tech/neondb?sslmode=require&channel_binding=require'[39m
  }
}
[TEST SETUP] DATABASE_URL from .env.test: postgresql://neondb_owner:npg_RrVLk0A3iwGU@ep-muddy-band-acxjnbbp-pooler.sa-east-1.aws.neon.tech/neondb?sslmode=require&channel_binding=require
[TEST SETUP] Set TEST_DATABASE_URL from DATABASE_URL
[TEST SETUP] Deleted DATABASE_URL, TEST_DATABASE_URL: SET

 [32mΓ£ô[39m [35m|unit|[39m __tests__/__unit__/services/category/use-cases/delete-category.use-case.test.ts [2m ([22m[2m5 tests[22m[2m)[22m[90m 9[2mms[22m[39m
 [32mΓ£ô[39m [35m|unit|[39m __tests__/__unit__/services/category/mappers/category.mapper.test.ts [2m ([22m[2m7 tests[22m[2m)[22m[90m 12[2mms[22m[39m
[90mstdout[2m | __tests__/__unit__/services/benchmark/use-cases/get-benchmark.use-case.test.ts[22m[39m
[TEST SETUP] Loading .env.test from: C:\Users\moisreis\Projects\meta-investimentos\.env.test
Γùç injected env (1) from .env.test // tip: Γîÿ multiple files { path: ['.env.local', '.env'] }
[TEST SETUP] Dotenv result: {
  parsed: {
    DATABASE_URL: [32m'postgresql://neondb_owner:npg_RrVLk0A3iwGU@ep-muddy-band-acxjnbbp-pooler.sa-east-1.aws.neon.tech/neondb?sslmode=require&channel_binding=require'[39m
  }
}
[TEST SETUP] DATABASE_URL from .env.test: postgresql://neondb_owner:npg_RrVLk0A3iwGU@ep-muddy-band-acxjnbbp-pooler.sa-east-1.aws.neon.tech/neondb?sslmode=require&channel_binding=require
[TEST SETUP] Set TEST_DATABASE_URL from DATABASE_URL
[TEST SETUP] Deleted DATABASE_URL, TEST_DATABASE_URL: SET

 [32mΓ£ô[39m [35m|unit|[39m __tests__/__unit__/services/portfolio-performance/use-cases/delete-portfolio-performance.use-case.test.ts [2m ([22m[2m4 tests[22m[2m)[22m[90m 11[2mms[22m[39m
[90mstdout[2m | __tests__/__unit__/services/fund/use-cases/delete-fund.use-case.test.ts[22m[39m
[TEST SETUP] Loading .env.test from: C:\Users\moisreis\Projects\meta-investimentos\.env.test
Γùç injected env (1) from .env.test // tip: Γîü auth for agents [www.vestauth.com]
[TEST SETUP] Dotenv result: {
  parsed: {
    DATABASE_URL: [32m'postgresql://neondb_owner:npg_RrVLk0A3iwGU@ep-muddy-band-acxjnbbp-pooler.sa-east-1.aws.neon.tech/neondb?sslmode=require&channel_binding=require'[39m
  }
}
[TEST SETUP] DATABASE_URL from .env.test: postgresql://neondb_owner:npg_RrVLk0A3iwGU@ep-muddy-band-acxjnbbp-pooler.sa-east-1.aws.neon.tech/neondb?sslmode=require&channel_binding=require
[TEST SETUP] Set TEST_DATABASE_URL from DATABASE_URL
[TEST SETUP] Deleted DATABASE_URL, TEST_DATABASE_URL: SET

[90mstdout[2m | __tests__/__unit__/services/audit-log/mappers/audit-log.mapper.test.ts[22m[39m
[TEST SETUP] Loading .env.test from: C:\Users\moisreis\Projects\meta-investimentos\.env.test
Γùç injected env (1) from .env.test // tip: Γîÿ override existing { override: true }
[TEST SETUP] Dotenv result: {
  parsed: {
    DATABASE_URL: [32m'postgresql://neondb_owner:npg_RrVLk0A3iwGU@ep-muddy-band-acxjnbbp-pooler.sa-east-1.aws.neon.tech/neondb?sslmode=require&channel_binding=require'[39m
  }
}
[TEST SETUP] DATABASE_URL from .env.test: postgresql://neondb_owner:npg_RrVLk0A3iwGU@ep-muddy-band-acxjnbbp-pooler.sa-east-1.aws.neon.tech/neondb?sslmode=require&channel_binding=require
[TEST SETUP] Set TEST_DATABASE_URL from DATABASE_URL
[TEST SETUP] Deleted DATABASE_URL, TEST_DATABASE_URL: SET

 [32mΓ£ô[39m [35m|unit|[39m __tests__/__unit__/services/benchmark/use-cases/get-benchmark.use-case.test.ts [2m ([22m[2m3 tests[22m[2m)[22m[90m 12[2mms[22m[39m
 [32mΓ£ô[39m [35m|unit|[39m __tests__/__unit__/services/fund/use-cases/delete-fund.use-case.test.ts [2m ([22m[2m5 tests[22m[2m)[22m[90m 13[2mms[22m[39m
 [32mΓ£ô[39m [35m|unit|[39m __tests__/__unit__/services/audit-log/mappers/audit-log.mapper.test.ts [2m ([22m[2m8 tests[22m[2m)[22m[90m 11[2mms[22m[39m
[90mstdout[2m | __tests__/__unit__/domain/position/calculators/cash-flow-net.calculator.test.ts[22m[39m
[TEST SETUP] Loading .env.test from: C:\Users\moisreis\Projects\meta-investimentos\.env.test
Γùç injected env (1) from .env.test // tip: Γîÿ custom filepath { path: '/custom/path/.env' }
[TEST SETUP] Dotenv result: {
  parsed: {
    DATABASE_URL: [32m'postgresql://neondb_owner:npg_RrVLk0A3iwGU@ep-muddy-band-acxjnbbp-pooler.sa-east-1.aws.neon.tech/neondb?sslmode=require&channel_binding=require'[39m
  }
}
[TEST SETUP] DATABASE_URL from .env.test: postgresql://neondb_owner:npg_RrVLk0A3iwGU@ep-muddy-band-acxjnbbp-pooler.sa-east-1.aws.neon.tech/neondb?sslmode=require&channel_binding=require
[TEST SETUP] Set TEST_DATABASE_URL from DATABASE_URL
[TEST SETUP] Deleted DATABASE_URL, TEST_DATABASE_URL: SET

[90mstdout[2m | __tests__/__unit__/domain/portfolio/calculators/withdrawal-sum.calculator.test.ts[22m[39m
[TEST SETUP] Loading .env.test from: C:\Users\moisreis\Projects\meta-investimentos\.env.test
Γùç injected env (1) from .env.test // tip: Γùê secrets for agents [www.dotenvx.com]
[TEST SETUP] Dotenv result: {
  parsed: {
    DATABASE_URL: [32m'postgresql://neondb_owner:npg_RrVLk0A3iwGU@ep-muddy-band-acxjnbbp-pooler.sa-east-1.aws.neon.tech/neondb?sslmode=require&channel_binding=require'[39m
  }
}
[TEST SETUP] DATABASE_URL from .env.test: postgresql://neondb_owner:npg_RrVLk0A3iwGU@ep-muddy-band-acxjnbbp-pooler.sa-east-1.aws.neon.tech/neondb?sslmode=require&channel_binding=require
[TEST SETUP] Set TEST_DATABASE_URL from DATABASE_URL
[TEST SETUP] Deleted DATABASE_URL, TEST_DATABASE_URL: SET

[90mstdout[2m | __tests__/__unit__/domain/portfolio/calculators/withdrawal-quotas-sum.calculator.test.ts[22m[39m
[TEST SETUP] Loading .env.test from: C:\Users\moisreis\Projects\meta-investimentos\.env.test
Γùç injected env (1) from .env.test // tip: Γùê secrets for agents [www.dotenvx.com]
[TEST SETUP] Dotenv result: {
  parsed: {
    DATABASE_URL: [32m'postgresql://neondb_owner:npg_RrVLk0A3iwGU@ep-muddy-band-acxjnbbp-pooler.sa-east-1.aws.neon.tech/neondb?sslmode=require&channel_binding=require'[39m
  }
}
[TEST SETUP] DATABASE_URL from .env.test: postgresql://neondb_owner:npg_RrVLk0A3iwGU@ep-muddy-band-acxjnbbp-pooler.sa-east-1.aws.neon.tech/neondb?sslmode=require&channel_binding=require
[TEST SETUP] Set TEST_DATABASE_URL from DATABASE_URL
[TEST SETUP] Deleted DATABASE_URL, TEST_DATABASE_URL: SET

 [32mΓ£ô[39m [35m|unit|[39m __tests__/__unit__/domain/position/calculators/cash-flow-net.calculator.test.ts [2m ([22m[2m6 tests[22m[2m)[22m[90m 9[2mms[22m[39m
[90mstdout[2m | __tests__/__unit__/domain/portfolio/calculators/quotas-held-sum.calculator.test.ts[22m[39m
[TEST SETUP] Loading .env.test from: C:\Users\moisreis\Projects\meta-investimentos\.env.test
Γùç injected env (1) from .env.test // tip: Γîü auth for agents [www.vestauth.com]
[TEST SETUP] Dotenv result: {
  parsed: {
    DATABASE_URL: [32m'postgresql://neondb_owner:npg_RrVLk0A3iwGU@ep-muddy-band-acxjnbbp-pooler.sa-east-1.aws.neon.tech/neondb?sslmode=require&channel_binding=require'[39m
  }
}
[TEST SETUP] DATABASE_URL from .env.test: postgresql://neondb_owner:npg_RrVLk0A3iwGU@ep-muddy-band-acxjnbbp-pooler.sa-east-1.aws.neon.tech/neondb?sslmode=require&channel_binding=require
[TEST SETUP] Set TEST_DATABASE_URL from DATABASE_URL
[TEST SETUP] Deleted DATABASE_URL, TEST_DATABASE_URL: SET

 [32mΓ£ô[39m [35m|unit|[39m __tests__/__unit__/domain/portfolio/calculators/withdrawal-quotas-sum.calculator.test.ts [2m ([22m[2m6 tests[22m[2m)[22m[90m 10[2mms[22m[39m
 [32mΓ£ô[39m [35m|unit|[39m __tests__/__unit__/domain/portfolio/calculators/withdrawal-sum.calculator.test.ts [2m ([22m[2m6 tests[22m[2m)[22m[90m 10[2mms[22m[39m
[90mstdout[2m | __tests__/__unit__/services/bank/use-cases/get-bank.use-case.test.ts[22m[39m
[TEST SETUP] Loading .env.test from: C:\Users\moisreis\Projects\meta-investimentos\.env.test
Γùç injected env (1) from .env.test // tip: Γîÿ multiple files { path: ['.env.local', '.env'] }
[TEST SETUP] Dotenv result: {
  parsed: {
    DATABASE_URL: [32m'postgresql://neondb_owner:npg_RrVLk0A3iwGU@ep-muddy-band-acxjnbbp-pooler.sa-east-1.aws.neon.tech/neondb?sslmode=require&channel_binding=require'[39m
  }
}
[TEST SETUP] DATABASE_URL from .env.test: postgresql://neondb_owner:npg_RrVLk0A3iwGU@ep-muddy-band-acxjnbbp-pooler.sa-east-1.aws.neon.tech/neondb?sslmode=require&channel_binding=require
[TEST SETUP] Set TEST_DATABASE_URL from DATABASE_URL
[TEST SETUP] Deleted DATABASE_URL, TEST_DATABASE_URL: SET

 [32mΓ£ô[39m [35m|unit|[39m __tests__/__unit__/domain/portfolio/calculators/quotas-held-sum.calculator.test.ts [2m ([22m[2m6 tests[22m[2m)[22m[90m 9[2mms[22m[39m
[90mstdout[2m | __tests__/__unit__/services/bank-account/use-cases/delete-bank-account.use-case.test.ts[22m[39m
[TEST SETUP] Loading .env.test from: C:\Users\moisreis\Projects\meta-investimentos\.env.test
Γùç injected env (1) from .env.test // tip: Γîÿ suppress logs { quiet: true }
[TEST SETUP] Dotenv result: {
  parsed: {
    DATABASE_URL: [32m'postgresql://neondb_owner:npg_RrVLk0A3iwGU@ep-muddy-band-acxjnbbp-pooler.sa-east-1.aws.neon.tech/neondb?sslmode=require&channel_binding=require'[39m
  }
}
[TEST SETUP] DATABASE_URL from .env.test: postgresql://neondb_owner:npg_RrVLk0A3iwGU@ep-muddy-band-acxjnbbp-pooler.sa-east-1.aws.neon.tech/neondb?sslmode=require&channel_binding=require
[TEST SETUP] Set TEST_DATABASE_URL from DATABASE_URL
[TEST SETUP] Deleted DATABASE_URL, TEST_DATABASE_URL: SET

[90mstdout[2m | __tests__/__unit__/services/statement/use-cases/get-statement.use-case.test.ts[22m[39m
[TEST SETUP] Loading .env.test from: C:\Users\moisreis\Projects\meta-investimentos\.env.test
Γùç injected env (1) from .env.test // tip: Γîÿ suppress logs { quiet: true }
[TEST SETUP] Dotenv result: {
  parsed: {
    DATABASE_URL: [32m'postgresql://neondb_owner:npg_RrVLk0A3iwGU@ep-muddy-band-acxjnbbp-pooler.sa-east-1.aws.neon.tech/neondb?sslmode=require&channel_binding=require'[39m
  }
}
[TEST SETUP] DATABASE_URL from .env.test: postgresql://neondb_owner:npg_RrVLk0A3iwGU@ep-muddy-band-acxjnbbp-pooler.sa-east-1.aws.neon.tech/neondb?sslmode=require&channel_binding=require
[TEST SETUP] Set TEST_DATABASE_URL from DATABASE_URL
[TEST SETUP] Deleted DATABASE_URL, TEST_DATABASE_URL: SET

 [32mΓ£ô[39m [35m|unit|[39m __tests__/__unit__/services/bank/use-cases/get-bank.use-case.test.ts [2m ([22m[2m3 tests[22m[2m)[22m[90m 11[2mms[22m[39m
[90mstdout[2m | __tests__/__unit__/services/user/use-cases/get-user.use-case.test.ts[22m[39m
[TEST SETUP] Loading .env.test from: C:\Users\moisreis\Projects\meta-investimentos\.env.test
Γùç injected env (1) from .env.test // tip: Γîÿ suppress logs { quiet: true }
[TEST SETUP] Dotenv result: {
  parsed: {
    DATABASE_URL: [32m'postgresql://neondb_owner:npg_RrVLk0A3iwGU@ep-muddy-band-acxjnbbp-pooler.sa-east-1.aws.neon.tech/neondb?sslmode=require&channel_binding=require'[39m
  }
}
[TEST SETUP] DATABASE_URL from .env.test: postgresql://neondb_owner:npg_RrVLk0A3iwGU@ep-muddy-band-acxjnbbp-pooler.sa-east-1.aws.neon.tech/neondb?sslmode=require&channel_binding=require
[TEST SETUP] Set TEST_DATABASE_URL from DATABASE_URL
[TEST SETUP] Deleted DATABASE_URL, TEST_DATABASE_URL: SET

 [32mΓ£ô[39m [35m|unit|[39m __tests__/__unit__/services/bank-account/use-cases/delete-bank-account.use-case.test.ts [2m ([22m[2m3 tests[22m[2m)[22m[90m 8[2mms[22m[39m
 [32mΓ£ô[39m [35m|unit|[39m __tests__/__unit__/services/statement/use-cases/get-statement.use-case.test.ts [2m ([22m[2m3 tests[22m[2m)[22m[90m 10[2mms[22m[39m
[90mstdout[2m | __tests__/__unit__/services/application/use-cases/get-application.use-case.test.ts[22m[39m
[TEST SETUP] Loading .env.test from: C:\Users\moisreis\Projects\meta-investimentos\.env.test
Γùç injected env (1) from .env.test // tip: Γîü auth for agents [www.vestauth.com]
[TEST SETUP] Dotenv result: {
  parsed: {
    DATABASE_URL: [32m'postgresql://neondb_owner:npg_RrVLk0A3iwGU@ep-muddy-band-acxjnbbp-pooler.sa-east-1.aws.neon.tech/neondb?sslmode=require&channel_binding=require'[39m
  }
}
[TEST SETUP] DATABASE_URL from .env.test: postgresql://neondb_owner:npg_RrVLk0A3iwGU@ep-muddy-band-acxjnbbp-pooler.sa-east-1.aws.neon.tech/neondb?sslmode=require&channel_binding=require
[TEST SETUP] Set TEST_DATABASE_URL from DATABASE_URL
[TEST SETUP] Deleted DATABASE_URL, TEST_DATABASE_URL: SET

[90mstdout[2m | __tests__/__unit__/services/withdrawal/use-cases/get-withdrawal.use-case.test.ts[22m[39m
[TEST SETUP] Loading .env.test from: C:\Users\moisreis\Projects\meta-investimentos\.env.test
Γùç injected env (1) from .env.test // tip: Γîÿ suppress logs { quiet: true }
[TEST SETUP] Dotenv result: {
  parsed: {
    DATABASE_URL: [32m'postgresql://neondb_owner:npg_RrVLk0A3iwGU@ep-muddy-band-acxjnbbp-pooler.sa-east-1.aws.neon.tech/neondb?sslmode=require&channel_binding=require'[39m
  }
}
[TEST SETUP] DATABASE_URL from .env.test: postgresql://neondb_owner:npg_RrVLk0A3iwGU@ep-muddy-band-acxjnbbp-pooler.sa-east-1.aws.neon.tech/neondb?sslmode=require&channel_binding=require
[TEST SETUP] Set TEST_DATABASE_URL from DATABASE_URL
[TEST SETUP] Deleted DATABASE_URL, TEST_DATABASE_URL: SET

 [32mΓ£ô[39m [35m|unit|[39m __tests__/__unit__/services/user/use-cases/get-user.use-case.test.ts [2m ([22m[2m3 tests[22m[2m)[22m[90m 12[2mms[22m[39m
[90mstdout[2m | __tests__/__unit__/services/benchmark/use-cases/create-benchmark.use-case.test.ts[22m[39m
[TEST SETUP] Loading .env.test from: C:\Users\moisreis\Projects\meta-investimentos\.env.test
Γùç injected env (1) from .env.test // tip: Γîÿ multiple files { path: ['.env.local', '.env'] }
[TEST SETUP] Dotenv result: {
  parsed: {
    DATABASE_URL: [32m'postgresql://neondb_owner:npg_RrVLk0A3iwGU@ep-muddy-band-acxjnbbp-pooler.sa-east-1.aws.neon.tech/neondb?sslmode=require&channel_binding=require'[39m
  }
}
[TEST SETUP] DATABASE_URL from .env.test: postgresql://neondb_owner:npg_RrVLk0A3iwGU@ep-muddy-band-acxjnbbp-pooler.sa-east-1.aws.neon.tech/neondb?sslmode=require&channel_binding=require
[TEST SETUP] Set TEST_DATABASE_URL from DATABASE_URL
[TEST SETUP] Deleted DATABASE_URL, TEST_DATABASE_URL: SET

 [32mΓ£ô[39m [35m|unit|[39m __tests__/__unit__/services/application/use-cases/get-application.use-case.test.ts [2m ([22m[2m3 tests[22m[2m)[22m[90m 14[2mms[22m[39m
 [32mΓ£ô[39m [35m|unit|[39m __tests__/__unit__/services/withdrawal/use-cases/get-withdrawal.use-case.test.ts [2m ([22m[2m3 tests[22m[2m)[22m[90m 13[2mms[22m[39m
[90mstdout[2m | __tests__/__unit__/services/benchmark/mappers/benchmark.mapper.test.ts[22m[39m
[TEST SETUP] Loading .env.test from: C:\Users\moisreis\Projects\meta-investimentos\.env.test
Γùç injected env (1) from .env.test // tip: Γîÿ override existing { override: true }
[TEST SETUP] Dotenv result: {
  parsed: {
    DATABASE_URL: [32m'postgresql://neondb_owner:npg_RrVLk0A3iwGU@ep-muddy-band-acxjnbbp-pooler.sa-east-1.aws.neon.tech/neondb?sslmode=require&channel_binding=require'[39m
  }
}
[TEST SETUP] DATABASE_URL from .env.test: postgresql://neondb_owner:npg_RrVLk0A3iwGU@ep-muddy-band-acxjnbbp-pooler.sa-east-1.aws.neon.tech/neondb?sslmode=require&channel_binding=require
[TEST SETUP] Set TEST_DATABASE_URL from DATABASE_URL
[TEST SETUP] Deleted DATABASE_URL, TEST_DATABASE_URL: SET

 [32mΓ£ô[39m [35m|unit|[39m __tests__/__unit__/services/benchmark/use-cases/create-benchmark.use-case.test.ts [2m ([22m[2m3 tests[22m[2m)[22m[90m 30[2mms[22m[39m
 [32mΓ£ô[39m [35m|unit|[39m __tests__/__unit__/services/benchmark/mappers/benchmark.mapper.test.ts [2m ([22m[2m6 tests[22m[2m)[22m[90m 12[2mms[22m[39m
[90mstdout[2m | __tests__/__unit__/services/quota/mappers/quota.mapper.test.ts[22m[39m
[TEST SETUP] Loading .env.test from: C:\Users\moisreis\Projects\meta-investimentos\.env.test
Γùç injected env (1) from .env.test // tip: Γîÿ enable debugging { debug: true }
[TEST SETUP] Dotenv result: {
  parsed: {
    DATABASE_URL: [32m'postgresql://neondb_owner:npg_RrVLk0A3iwGU@ep-muddy-band-acxjnbbp-pooler.sa-east-1.aws.neon.tech/neondb?sslmode=require&channel_binding=require'[39m
  }
}
[TEST SETUP] DATABASE_URL from .env.test: postgresql://neondb_owner:npg_RrVLk0A3iwGU@ep-muddy-band-acxjnbbp-pooler.sa-east-1.aws.neon.tech/neondb?sslmode=require&channel_binding=require
[TEST SETUP] Set TEST_DATABASE_URL from DATABASE_URL
[TEST SETUP] Deleted DATABASE_URL, TEST_DATABASE_URL: SET

[90mstdout[2m | __tests__/__unit__/services/checking-account/use-cases/get-checking-account.use-case.test.ts[22m[39m
[TEST SETUP] Loading .env.test from: C:\Users\moisreis\Projects\meta-investimentos\.env.test
Γùç injected env (1) from .env.test // tip: Γîü auth for agents [www.vestauth.com]
[TEST SETUP] Dotenv result: {
  parsed: {
    DATABASE_URL: [32m'postgresql://neondb_owner:npg_RrVLk0A3iwGU@ep-muddy-band-acxjnbbp-pooler.sa-east-1.aws.neon.tech/neondb?sslmode=require&channel_binding=require'[39m
  }
}
[TEST SETUP] DATABASE_URL from .env.test: postgresql://neondb_owner:npg_RrVLk0A3iwGU@ep-muddy-band-acxjnbbp-pooler.sa-east-1.aws.neon.tech/neondb?sslmode=require&channel_binding=require
[TEST SETUP] Set TEST_DATABASE_URL from DATABASE_URL
[TEST SETUP] Deleted DATABASE_URL, TEST_DATABASE_URL: SET

 [32mΓ£ô[39m [35m|unit|[39m __tests__/__unit__/services/quota/mappers/quota.mapper.test.ts [2m ([22m[2m7 tests[22m[2m)[22m[90m 13[2mms[22m[39m
[90mstdout[2m | __tests__/__unit__/services/checking-account/use-cases/delete-checking-account.use-case.test.ts[22m[39m
[TEST SETUP] Loading .env.test from: C:\Users\moisreis\Projects\meta-investimentos\.env.test
Γùç injected env (1) from .env.test // tip: Γîÿ custom filepath { path: '/custom/path/.env' }
[TEST SETUP] Dotenv result: {
  parsed: {
    DATABASE_URL: [32m'postgresql://neondb_owner:npg_RrVLk0A3iwGU@ep-muddy-band-acxjnbbp-pooler.sa-east-1.aws.neon.tech/neondb?sslmode=require&channel_binding=require'[39m
  }
}
[TEST SETUP] DATABASE_URL from .env.test: postgresql://neondb_owner:npg_RrVLk0A3iwGU@ep-muddy-band-acxjnbbp-pooler.sa-east-1.aws.neon.tech/neondb?sslmode=require&channel_binding=require
[TEST SETUP] Set TEST_DATABASE_URL from DATABASE_URL
[TEST SETUP] Deleted DATABASE_URL, TEST_DATABASE_URL: SET

[90mstdout[2m | __tests__/__unit__/services/application/use-cases/delete-application.use-case.test.ts[22m[39m
[TEST SETUP] Loading .env.test from: C:\Users\moisreis\Projects\meta-investimentos\.env.test
Γùç injected env (1) from .env.test // tip: Γîÿ multiple files { path: ['.env.local', '.env'] }
[TEST SETUP] Dotenv result: {
  parsed: {
    DATABASE_URL: [32m'postgresql://neondb_owner:npg_RrVLk0A3iwGU@ep-muddy-band-acxjnbbp-pooler.sa-east-1.aws.neon.tech/neondb?sslmode=require&channel_binding=require'[39m
  }
}
[TEST SETUP] DATABASE_URL from .env.test: postgresql://neondb_owner:npg_RrVLk0A3iwGU@ep-muddy-band-acxjnbbp-pooler.sa-east-1.aws.neon.tech/neondb?sslmode=require&channel_binding=require
[TEST SETUP] Set TEST_DATABASE_URL from DATABASE_URL
[TEST SETUP] Deleted DATABASE_URL, TEST_DATABASE_URL: SET

[90mstdout[2m | __tests__/__unit__/services/transaction-allocation/use-cases/get-transaction-allocation.use-case.test.ts[22m[39m
[TEST SETUP] Loading .env.test from: C:\Users\moisreis\Projects\meta-investimentos\.env.test
Γùç injected env (1) from .env.test // tip: Γîÿ enable debugging { debug: true }
[TEST SETUP] Dotenv result: {
  parsed: {
    DATABASE_URL: [32m'postgresql://neondb_owner:npg_RrVLk0A3iwGU@ep-muddy-band-acxjnbbp-pooler.sa-east-1.aws.neon.tech/neondb?sslmode=require&channel_binding=require'[39m
  }
}
[TEST SETUP] DATABASE_URL from .env.test: postgresql://neondb_owner:npg_RrVLk0A3iwGU@ep-muddy-band-acxjnbbp-pooler.sa-east-1.aws.neon.tech/neondb?sslmode=require&channel_binding=require
[TEST SETUP] Set TEST_DATABASE_URL from DATABASE_URL
[TEST SETUP] Deleted DATABASE_URL, TEST_DATABASE_URL: SET

 [32mΓ£ô[39m [35m|unit|[39m __tests__/__unit__/services/checking-account/use-cases/get-checking-account.use-case.test.ts [2m ([22m[2m3 tests[22m[2m)[22m[90m 16[2mms[22m[39m
 [32mΓ£ô[39m [35m|unit|[39m __tests__/__unit__/services/checking-account/use-cases/delete-checking-account.use-case.test.ts [2m ([22m[2m3 tests[22m[2m)[22m[90m 9[2mms[22m[39m
 [32mΓ£ô[39m [35m|unit|[39m __tests__/__unit__/services/application/use-cases/delete-application.use-case.test.ts [2m ([22m[2m3 tests[22m[2m)[22m[90m 9[2mms[22m[39m
 [32mΓ£ô[39m [35m|unit|[39m __tests__/__unit__/services/transaction-allocation/use-cases/get-transaction-allocation.use-case.test.ts [2m ([22m[2m2 tests[22m[2m)[22m[90m 11[2mms[22m[39m
[90mstdout[2m | __tests__/__unit__/services/withdrawal/use-cases/delete-withdrawal.use-case.test.ts[22m[39m
[TEST SETUP] Loading .env.test from: C:\Users\moisreis\Projects\meta-investimentos\.env.test
Γùç injected env (1) from .env.test // tip: Γîÿ custom filepath { path: '/custom/path/.env' }
[TEST SETUP] Dotenv result: {
  parsed: {
    DATABASE_URL: [32m'postgresql://neondb_owner:npg_RrVLk0A3iwGU@ep-muddy-band-acxjnbbp-pooler.sa-east-1.aws.neon.tech/neondb?sslmode=require&channel_binding=require'[39m
  }
}
[TEST SETUP] DATABASE_URL from .env.test: postgresql://neondb_owner:npg_RrVLk0A3iwGU@ep-muddy-band-acxjnbbp-pooler.sa-east-1.aws.neon.tech/neondb?sslmode=require&channel_binding=require
[TEST SETUP] Set TEST_DATABASE_URL from DATABASE_URL
[TEST SETUP] Deleted DATABASE_URL, TEST_DATABASE_URL: SET

[90mstdout[2m | __tests__/__unit__/services/statement/use-cases/delete-statement.use-case.test.ts[22m[39m
[TEST SETUP] Loading .env.test from: C:\Users\moisreis\Projects\meta-investimentos\.env.test
Γùç injected env (1) from .env.test // tip: Γîÿ custom filepath { path: '/custom/path/.env' }
[TEST SETUP] Dotenv result: {
  parsed: {
    DATABASE_URL: [32m'postgresql://neondb_owner:npg_RrVLk0A3iwGU@ep-muddy-band-acxjnbbp-pooler.sa-east-1.aws.neon.tech/neondb?sslmode=require&channel_binding=require'[39m
  }
}
[TEST SETUP] DATABASE_URL from .env.test: postgresql://neondb_owner:npg_RrVLk0A3iwGU@ep-muddy-band-acxjnbbp-pooler.sa-east-1.aws.neon.tech/neondb?sslmode=require&channel_binding=require
[TEST SETUP] Set TEST_DATABASE_URL from DATABASE_URL
[TEST SETUP] Deleted DATABASE_URL, TEST_DATABASE_URL: SET

[90mstdout[2m | __tests__/__unit__/services/quota/use-cases/get-quota.use-case.test.ts[22m[39m
[TEST SETUP] Loading .env.test from: C:\Users\moisreis\Projects\meta-investimentos\.env.test
Γùç injected env (1) from .env.test // tip: Γùê encrypted .env [www.dotenvx.com]
[TEST SETUP] Dotenv result: {
  parsed: {
    DATABASE_URL: [32m'postgresql://neondb_owner:npg_RrVLk0A3iwGU@ep-muddy-band-acxjnbbp-pooler.sa-east-1.aws.neon.tech/neondb?sslmode=require&channel_binding=require'[39m
  }
}
[TEST SETUP] DATABASE_URL from .env.test: postgresql://neondb_owner:npg_RrVLk0A3iwGU@ep-muddy-band-acxjnbbp-pooler.sa-east-1.aws.neon.tech/neondb?sslmode=require&channel_binding=require
[TEST SETUP] Set TEST_DATABASE_URL from DATABASE_URL
[TEST SETUP] Deleted DATABASE_URL, TEST_DATABASE_URL: SET

 [32mΓ£ô[39m [35m|unit|[39m __tests__/__unit__/services/withdrawal/use-cases/delete-withdrawal.use-case.test.ts [2m ([22m[2m3 tests[22m[2m)[22m[90m 10[2mms[22m[39m
 [32mΓ£ô[39m [35m|unit|[39m __tests__/__unit__/services/statement/use-cases/delete-statement.use-case.test.ts [2m ([22m[2m3 tests[22m[2m)[22m[90m 8[2mms[22m[39m
[90mstdout[2m | __tests__/__unit__/services/user/use-cases/delete-user.use-case.test.ts[22m[39m
[TEST SETUP] Loading .env.test from: C:\Users\moisreis\Projects\meta-investimentos\.env.test
Γùç injected env (1) from .env.test // tip: Γîÿ suppress logs { quiet: true }
[TEST SETUP] Dotenv result: {
  parsed: {
    DATABASE_URL: [32m'postgresql://neondb_owner:npg_RrVLk0A3iwGU@ep-muddy-band-acxjnbbp-pooler.sa-east-1.aws.neon.tech/neondb?sslmode=require&channel_binding=require'[39m
  }
}
[TEST SETUP] DATABASE_URL from .env.test: postgresql://neondb_owner:npg_RrVLk0A3iwGU@ep-muddy-band-acxjnbbp-pooler.sa-east-1.aws.neon.tech/neondb?sslmode=require&channel_binding=require
[TEST SETUP] Set TEST_DATABASE_URL from DATABASE_URL
[TEST SETUP] Deleted DATABASE_URL, TEST_DATABASE_URL: SET

 [32mΓ£ô[39m [35m|unit|[39m __tests__/__unit__/services/quota/use-cases/get-quota.use-case.test.ts [2m ([22m[2m3 tests[22m[2m)[22m[90m 11[2mms[22m[39m
[90mstdout[2m | __tests__/__unit__/services/bank/mappers/bank.mapper.test.ts[22m[39m
[TEST SETUP] Loading .env.test from: C:\Users\moisreis\Projects\meta-investimentos\.env.test
Γùç injected env (1) from .env.test // tip: Γùê secrets for agents [www.dotenvx.com]
[TEST SETUP] Dotenv result: {
  parsed: {
    DATABASE_URL: [32m'postgresql://neondb_owner:npg_RrVLk0A3iwGU@ep-muddy-band-acxjnbbp-pooler.sa-east-1.aws.neon.tech/neondb?sslmode=require&channel_binding=require'[39m
  }
}
[TEST SETUP] DATABASE_URL from .env.test: postgresql://neondb_owner:npg_RrVLk0A3iwGU@ep-muddy-band-acxjnbbp-pooler.sa-east-1.aws.neon.tech/neondb?sslmode=require&channel_binding=require
[TEST SETUP] Set TEST_DATABASE_URL from DATABASE_URL
[TEST SETUP] Deleted DATABASE_URL, TEST_DATABASE_URL: SET

[90mstdout[2m | __tests__/__unit__/services/bank/use-cases/create-bank.use-case.test.ts[22m[39m
[TEST SETUP] Loading .env.test from: C:\Users\moisreis\Projects\meta-investimentos\.env.test
Γùç injected env (1) from .env.test // tip: Γîÿ multiple files { path: ['.env.local', '.env'] }
[TEST SETUP] Dotenv result: {
  parsed: {
    DATABASE_URL: [32m'postgresql://neondb_owner:npg_RrVLk0A3iwGU@ep-muddy-band-acxjnbbp-pooler.sa-east-1.aws.neon.tech/neondb?sslmode=require&channel_binding=require'[39m
  }
}
[TEST SETUP] DATABASE_URL from .env.test: postgresql://neondb_owner:npg_RrVLk0A3iwGU@ep-muddy-band-acxjnbbp-pooler.sa-east-1.aws.neon.tech/neondb?sslmode=require&channel_binding=require
[TEST SETUP] Set TEST_DATABASE_URL from DATABASE_URL
[TEST SETUP] Deleted DATABASE_URL, TEST_DATABASE_URL: SET

 [32mΓ£ô[39m [35m|unit|[39m __tests__/__unit__/services/user/use-cases/delete-user.use-case.test.ts [2m ([22m[2m3 tests[22m[2m)[22m[90m 10[2mms[22m[39m
[90mstdout[2m | __tests__/__unit__/services/bank/use-cases/delete-bank.use-case.test.ts[22m[39m
[TEST SETUP] Loading .env.test from: C:\Users\moisreis\Projects\meta-investimentos\.env.test
Γùç injected env (1) from .env.test // tip: Γîÿ suppress logs { quiet: true }
[TEST SETUP] Dotenv result: {
  parsed: {
    DATABASE_URL: [32m'postgresql://neondb_owner:npg_RrVLk0A3iwGU@ep-muddy-band-acxjnbbp-pooler.sa-east-1.aws.neon.tech/neondb?sslmode=require&channel_binding=require'[39m
  }
}
[TEST SETUP] DATABASE_URL from .env.test: postgresql://neondb_owner:npg_RrVLk0A3iwGU@ep-muddy-band-acxjnbbp-pooler.sa-east-1.aws.neon.tech/neondb?sslmode=require&channel_binding=require
[TEST SETUP] Set TEST_DATABASE_URL from DATABASE_URL
[TEST SETUP] Deleted DATABASE_URL, TEST_DATABASE_URL: SET

 [32mΓ£ô[39m [35m|unit|[39m __tests__/__unit__/services/bank/mappers/bank.mapper.test.ts [2m ([22m[2m5 tests[22m[2m)[22m[90m 9[2mms[22m[39m
 [32mΓ£ô[39m [35m|unit|[39m __tests__/__unit__/services/bank/use-cases/delete-bank.use-case.test.ts [2m ([22m[2m3 tests[22m[2m)[22m[90m 7[2mms[22m[39m
 [32mΓ£ô[39m [35m|unit|[39m __tests__/__unit__/services/bank/use-cases/create-bank.use-case.test.ts [2m ([22m[2m4 tests[22m[2m)[22m[90m 10[2mms[22m[39m

[2m Test Files [22m [1m[32m224 passed[39m[22m[90m (224)[39m
[2m      Tests [22m [1m[32m2041 passed[39m[22m[90m (2041)[39m
[2m   Start at [22m 17:29:52
[2m   Duration [22m 33.28s[2m (transform 11.20s, setup 57.40s, collect 18.92s, tests 3.48s, environment 117ms, prepare 51.76s)[22m

